address,origin,subsystem,disposition,confidence,evidence_id
0x00401000,unknown,,review,unknown,ghidra-12.1.3-initial-inventory
0x00401090,unknown,,review,unknown,ghidra-12.1.3-initial-inventory
0x004010B0,unknown,,review,unknown,ghidra-12.1.3-initial-inventory
0x004010F0,unknown,,review,unknown,ghidra-12.1.3-initial-inventory
0x00401280,unknown,,review,unknown,ghidra-12.1.3-initial-inventory
0x00401360,unknown,,review,unknown,ghidra-12.1.3-initial-inventory
0x004013F0,unknown,,review,unknown,ghidra-12.1.3-initial-inventory
0x00401420,unknown,,review,unknown,ghidra-12.1.3-initial-inventory
0x00401450,unknown,,review,unknown,ghidra-12.1.3-initial-inventory
0x00401530,unknown,,review,unknown,ghidra-12.1.3-initial-inventory
0x00401610,unknown,,review,unknown,ghidra-12.1.3-initial-inventory
0x00401660,unknown,,review,unknown,ghidra-12.1.3-initial-inventory
0x00401700,unknown,,review,unknown,ghidra-12.1.3-initial-inventory
0x00401920,unknown,,review,unknown,ghidra-12.1.3-initial-inventory
0x00401B70,unknown,,review,unknown,ghidra-12.1.3-initial-inventory
0x00401BE0,unknown,,review,unknown,ghidra-12.1.3-initial-inventory
0x00401C10,authored,AnmVm,authored,exact,anm-vm-initialize-2026-08-29
0x00401D30,unknown,,review,unknown,ghidra-12.1.3-initial-inventory
0x00401EB0,unknown,,review,unknown,ghidra-12.1.3-initial-inventory
0x00401F10,unknown,,review,unknown,ghidra-12.1.3-initial-inventory
0x00402010,unknown,,review,unknown,ghidra-12.1.3-initial-inventory
0x004020C0,unknown,,review,unknown,ghidra-12.1.3-initial-inventory
0x00402250,unknown,,review,unknown,ghidra-12.1.3-initial-inventory
0x00402330,unknown,,review,unknown,ghidra-12.1.3-initial-inventory
0x004024A0,unknown,,review,unknown,ghidra-12.1.3-initial-inventory
0x00402620,unknown,,review,unknown,ghidra-12.1.3-initial-inventory
0x00402680,unknown,,review,unknown,ghidra-12.1.3-initial-inventory
0x00402750,unknown,,review,unknown,ghidra-12.1.3-initial-inventory
0x00402990,unknown,,review,unknown,ghidra-12.1.3-initial-inventory
0x00402B80,unknown,,review,unknown,ghidra-12.1.3-initial-inventory
0x00402BF0,unknown,,review,unknown,ghidra-12.1.3-initial-inventory
0x00402C20,unknown,,review,unknown,ghidra-12.1.3-initial-inventory
0x00402C50,unknown,,review,unknown,ghidra-12.1.3-initial-inventory
0x00402C80,unknown,,review,unknown,ghidra-12.1.3-initial-inventory
0x00402E90,unknown,,review,unknown,ghidra-12.1.3-initial-inventory
0x00402F60,unknown,,review,unknown,ghidra-12.1.3-initial-inventory
0x004031A0,unknown,,review,unknown,ghidra-12.1.3-initial-inventory
0x00403440,unknown,,review,unknown,ghidra-12.1.3-initial-inventory
0x004048B0,unknown,,review,unknown,ghidra-12.1.3-initial-inventory
0x00404950,unknown,,review,unknown,ghidra-12.1.3-initial-inventory
0x00404A30,unknown,,review,unknown,ghidra-12.1.3-initial-inventory
0x00404AC0,unknown,,review,unknown,ghidra-12.1.3-initial-inventory
0x00404B10,unknown,,review,unknown,ghidra-12.1.3-initial-inventory
0x00404B80,unknown,,review,unknown,ghidra-12.1.3-initial-inventory
0x00404C60,unknown,,review,unknown,ghidra-12.1.3-initial-inventory
0x00404C80,unknown,,review,unknown,ghidra-12.1.3-initial-inventory
0x00404D00,unknown,,review,unknown,ghidra-12.1.3-initial-inventory
0x00404DC0,unknown,,review,unknown,ghidra-12.1.3-initial-inventory
0x00404E00,unknown,,review,unknown,ghidra-12.1.3-initial-inventory
0x00404E70,unknown,,review,unknown,ghidra-12.1.3-initial-inventory
0x00404EB0,unknown,,review,unknown,ghidra-12.1.3-initial-inventory
0x00404ED0,unknown,,review,unknown,ghidra-12.1.3-initial-inventory
0x00404F80,unknown,,review,unknown,ghidra-12.1.3-initial-inventory
0x004050C0,unknown,,review,unknown,ghidra-12.1.3-initial-inventory
0x00405120,authored,BulletManager,authored,high,photo-bullet-manager-update-semantic-2026-08-30
0x00405850,unknown,,review,unknown,ghidra-12.1.3-initial-inventory
0x004058C0,unknown,,review,unknown,ghidra-12.1.3-initial-inventory
0x00405900,unknown,,review,unknown,ghidra-12.1.3-initial-inventory
0x004059C0,unknown,,review,unknown,ghidra-12.1.3-initial-inventory
0x00405A00,unknown,,review,unknown,ghidra-12.1.3-initial-inventory
0x00405A30,unknown,,review,unknown,ghidra-12.1.3-initial-inventory
0x004062B0,unknown,,review,unknown,ghidra-12.1.3-initial-inventory
0x00406CC0,unknown,,review,unknown,ghidra-12.1.3-initial-inventory
0x00406D80,unknown,,review,unknown,ghidra-12.1.3-initial-inventory
0x00406E20,unknown,,review,unknown,ghidra-12.1.3-initial-inventory
0x00406F90,unknown,,review,unknown,ghidra-12.1.3-initial-inventory
0x00407050,unknown,,review,unknown,ghidra-12.1.3-initial-inventory
0x004071A0,unknown,,review,unknown,ghidra-12.1.3-initial-inventory
0x004072E0,unknown,,review,unknown,ghidra-12.1.3-initial-inventory
0x00407440,unknown,,review,unknown,ghidra-12.1.3-initial-inventory
0x00407620,unknown,,review,unknown,ghidra-12.1.3-initial-inventory
0x004076E0,unknown,,review,unknown,ghidra-12.1.3-initial-inventory
0x004077A0,unknown,,review,unknown,ghidra-12.1.3-initial-inventory
0x00407820,unknown,,review,unknown,ghidra-12.1.3-initial-inventory
0x00407C90,unknown,,review,unknown,ghidra-12.1.3-initial-inventory
0x004081B0,unknown,,review,unknown,ghidra-12.1.3-initial-inventory
0x00408220,unknown,,review,unknown,ghidra-12.1.3-initial-inventory
0x00408610,unknown,,review,unknown,ghidra-12.1.3-initial-inventory
0x00408670,unknown,,review,unknown,ghidra-12.1.3-initial-inventory
0x00408760,unknown,,review,unknown,ghidra-12.1.3-initial-inventory
0x004087D0,unknown,,review,unknown,ghidra-12.1.3-initial-inventory
0x00408850,unknown,,review,unknown,ghidra-12.1.3-initial-inventory
0x00408990,unknown,,review,unknown,ghidra-12.1.3-initial-inventory
0x004089F0,unknown,,review,unknown,ghidra-12.1.3-initial-inventory
0x00408C50,unknown,,review,unknown,ghidra-12.1.3-initial-inventory
0x00408C60,unknown,,review,unknown,ghidra-12.1.3-initial-inventory
0x00408CB0,unknown,,review,unknown,ghidra-12.1.3-initial-inventory
0x00408CE0,authored,EclManager,authored,exact,vc71-photo-enemy-ecl-load-2026-08-30
0x00408DE0,authored,EclManager,authored,exact,vc71-photo-enemy-ecl-context-2026-08-30
0x00408E70,authored,EclManager,authored,high,target-architecture-2026-08-29
0x0040FAE0,authored,EclOperands,authored,exact,vc71-ecl-resolve-int-2026-08-30
0x00410300,authored,EclOperands,authored,exact,vc71-ecl-resolve-int-lvalue-2026-08-30
0x004105A0,authored,EclOperands,authored,exact,vc71-ecl-resolve-float-2026-08-30
0x00410DB0,authored,EclOperands,authored,exact,vc71-ecl-resolve-float-lvalue-2026-08-30
0x00411150,unknown,,review,unknown,ghidra-12.1.3-initial-inventory
0x00411390,unknown,,review,unknown,ghidra-12.1.3-initial-inventory
0x004115A0,unknown,,review,unknown,ghidra-12.1.3-initial-inventory
0x00411600,unknown,,review,unknown,ghidra-12.1.3-initial-inventory
0x00411700,unknown,,review,unknown,ghidra-12.1.3-initial-inventory
0x004117F0,unknown,,review,unknown,ghidra-12.1.3-initial-inventory
0x00411A00,unknown,,review,unknown,ghidra-12.1.3-initial-inventory
0x00411F70,unknown,,review,unknown,ghidra-12.1.3-initial-inventory
0x00412060,unknown,,review,unknown,ghidra-12.1.3-initial-inventory
0x00412180,unknown,,review,unknown,ghidra-12.1.3-initial-inventory
0x00412190,unknown,,review,unknown,ghidra-12.1.3-initial-inventory
0x00412200,unknown,,review,unknown,ghidra-12.1.3-initial-inventory
0x00412490,unknown,,review,unknown,ghidra-12.1.3-initial-inventory
0x00412670,unknown,,review,unknown,ghidra-12.1.3-initial-inventory
0x00412970,unknown,,review,unknown,ghidra-12.1.3-initial-inventory
0x00413030,unknown,,review,unknown,ghidra-12.1.3-initial-inventory
0x00413380,unknown,,review,unknown,ghidra-12.1.3-initial-inventory
0x00413410,unknown,,review,unknown,ghidra-12.1.3-initial-inventory
0x004134A0,unknown,,review,unknown,ghidra-12.1.3-initial-inventory
0x00413620,unknown,,review,unknown,ghidra-12.1.3-initial-inventory
0x00413750,unknown,,review,unknown,ghidra-12.1.3-initial-inventory
0x00413990,unknown,,review,unknown,ghidra-12.1.3-initial-inventory
0x00413AA0,unknown,,review,unknown,ghidra-12.1.3-initial-inventory
0x00413B90,unknown,,review,unknown,ghidra-12.1.3-initial-inventory
0x00413CF0,unknown,,review,unknown,ghidra-12.1.3-initial-inventory
0x00413DA0,unknown,,review,unknown,ghidra-12.1.3-initial-inventory
0x00413DF0,unknown,,review,unknown,ghidra-12.1.3-initial-inventory
0x00413F90,unknown,,review,unknown,ghidra-12.1.3-initial-inventory
0x00413FC0,unknown,,review,unknown,ghidra-12.1.3-initial-inventory
0x00414020,unknown,,review,unknown,ghidra-12.1.3-initial-inventory
0x00414090,unknown,,review,unknown,ghidra-12.1.3-initial-inventory
0x00414230,unknown,,review,unknown,ghidra-12.1.3-initial-inventory
0x00414260,unknown,,review,unknown,ghidra-12.1.3-initial-inventory
0x00414290,unknown,,review,unknown,ghidra-12.1.3-initial-inventory
0x00414430,unknown,,review,unknown,ghidra-12.1.3-initial-inventory
0x004144E0,unknown,,review,unknown,ghidra-12.1.3-initial-inventory
0x00414580,unknown,,review,unknown,ghidra-12.1.3-initial-inventory
0x00414930,unknown,,review,unknown,ghidra-12.1.3-initial-inventory
0x004149F0,unknown,,review,unknown,ghidra-12.1.3-initial-inventory
0x00414B30,authored,EnemyManager,authored,exact,vc71-photo-enemy-destroy-2026-08-30
0x00414B90,authored,EnemyManager,authored,high,photo-enemy-construction-2026-08-30
0x00415040,authored,EnemyManager,authored,exact,vc71-photo-enemy-construction-2026-08-30
0x004152D0,authored,EnemyManager,authored,exact,vc71-photo-enemy-view-destructor-2026-08-30
0x00415310,authored,EnemyManager,authored,exact,vc71-photo-enemy-construction-2026-08-30
0x004153D0,authored,EnemyManager,authored,exact,vc71-photo-enemy-resource-load-2026-08-30
0x004154E0,authored,EnemyManager,authored,high,photo-enemy-manager-destructor-semantic-2026-08-30
0x004156C0,authored,EnemyManager,authored,exact,vc71-photo-enemy-spawn-2026-08-30
0x00415820,authored,EnemyManager,authored,exact,vc71-photo-enemy-spawn-context-2026-08-30
0x00415970,authored,EnemyManager,authored,high,photo-enemy-manager-update-semantic-2026-08-30
0x004160B0,authored,EnemyManager,authored,exact,vc71-photo-enemy-runtime-2026-08-30
0x004161F0,unknown,,review,unknown,ghidra-12.1.3-initial-inventory
0x00416230,unknown,,review,unknown,ghidra-12.1.3-initial-inventory
0x00416290,unknown,,review,unknown,ghidra-12.1.3-initial-inventory
0x004162F0,unknown,,review,unknown,ghidra-12.1.3-initial-inventory
0x00416320,authored,EnemyManager,authored,exact,vc71-photo-enemy-runtime-2026-08-30
0x004163F0,authored,EnemyManager,authored,high,photo-enemy-timeline-semantic-2026-08-30
0x00416770,authored,EnemyManager,authored,exact,vc71-photo-enemy-runtime-2026-08-30
0x004167E0,authored,EnemyManager,authored,exact,vc71-photo-enemy-ecl-reset-2026-08-30
0x00416810,authored,EnemyManager,authored,exact,vc71-photo-enemy-ecl-reset-2026-08-30
0x004168D0,unknown,,review,unknown,ghidra-12.1.3-initial-inventory
0x00416DD0,authored,EnemyManager,authored,exact,vc71-photo-enemy-ecl-reset-2026-08-30
0x00416E30,authored,EnemyManager,authored,exact,vc71-photo-enemy-ecl-reset-2026-08-30
0x00416E80,authored,EnemyManager,authored,exact,vc71-photo-enemy-runtime-2026-08-30
0x00416F30,authored,EnemyManager,authored,high,photo-enemy-scheduled-ecl-semantic-2026-08-30
0x00417070,unknown,,review,unknown,ghidra-12.1.3-initial-inventory
0x004170F0,unknown,,review,unknown,ghidra-12.1.3-initial-inventory
0x00417300,unknown,,review,unknown,ghidra-12.1.3-initial-inventory
0x00417340,unknown,,review,unknown,ghidra-12.1.3-initial-inventory
0x00417360,unknown,,review,unknown,ghidra-12.1.3-initial-inventory
0x00417410,unknown,,review,unknown,ghidra-12.1.3-initial-inventory
0x00417550,unknown,,review,unknown,ghidra-12.1.3-initial-inventory
0x004175B0,unknown,,review,unknown,ghidra-12.1.3-initial-inventory
0x00417920,unknown,,review,unknown,ghidra-12.1.3-initial-inventory
0x00417970,unknown,,review,unknown,ghidra-12.1.3-initial-inventory
0x004179A0,unknown,,review,unknown,ghidra-12.1.3-initial-inventory
0x004179D0,unknown,,review,unknown,ghidra-12.1.3-initial-inventory
0x00417A70,unknown,,review,unknown,ghidra-12.1.3-initial-inventory
0x00417D20,unknown,,review,unknown,ghidra-12.1.3-initial-inventory
0x00417E70,unknown,,review,unknown,ghidra-12.1.3-initial-inventory
0x00417F80,unknown,,review,unknown,ghidra-12.1.3-initial-inventory
0x004180A0,unknown,,review,unknown,ghidra-12.1.3-initial-inventory
0x00418100,unknown,,review,unknown,ghidra-12.1.3-initial-inventory
0x00418420,unknown,,review,unknown,ghidra-12.1.3-initial-inventory
0x00418690,unknown,,review,unknown,ghidra-12.1.3-initial-inventory
0x004186B0,unknown,,review,unknown,ghidra-12.1.3-initial-inventory
0x004186D0,authored,GameCoordinates,authored,exact,vc71-photo-to-screen-2026-08-30
0x00418720,authored,Main,authored,high,target-config-initialize-2026-08-29
0x00418900,authored,Chain,authored,exact,vc71-chain-runtime-2026-08-30
0x00418970,authored,Chain,authored,exact,vc71-chain-runtime-2026-08-30
0x004189D0,authored,Chain,authored,exact,vc71-chain-runtime-2026-08-30
0x00418A20,authored,Chain,authored,exact,vc71-chain-runtime-2026-08-30
0x00418B30,authored,Chain,authored,exact,vc71-chain-runtime-2026-08-30
0x00418C40,authored,Chain,authored,exact,vc71-chain-runtime-2026-08-30
0x00418DA0,authored,Chain,authored,exact,vc71-chain-runtime-2026-08-30
0x00418F00,authored,Chain,authored,exact,vc71-chain-runtime-2026-08-30
0x00419080,authored,Chain,authored,exact,vc71-chain-runtime-2026-08-30
0x004190B0,authored,Chain,authored,exact,vc71-chain-runtime-2026-08-30
0x00419160,authored,Chain,authored,exact,vc71-chain-runtime-2026-08-30
0x004191D0,authored,Chain,authored,exact,vc71-chain-runtime-2026-08-30
0x004193A0,authored,Controller,authored,exact,vc71-controller-input-2026-08-29
0x00419410,authored,Controller,authored,exact,vc71-controller-input-2026-08-29
0x00419820,authored,Controller,authored,exact,vc71-controller-input-2026-08-29
0x004198A0,authored,Controller,authored,exact,vc71-controller-input-2026-08-29
0x00419910,authored,Controller,authored,exact,vc71-controller-input-2026-08-29
0x00419AE0,authored,Controller,authored,high,ghidra-vc71-controller-input-2026-08-29
0x0041A550,authored,Controller,authored,exact,vc71-controller-reset-keyboard-2026-08-29
0x0041A5C0,authored,FileSystem,authored,exact,vc71-file-system-crypto-2026-08-29
0x0041A790,authored,FileSystem,authored,exact,vc71-file-system-crypto-2026-08-29
0x0041A960,authored,FileSystem,authored,exact,vc71-file-system-open-2026-08-29
0x0041ABA0,authored,FileSystem,authored,exact,vc71-file-system-open-2026-08-29
0x0041AC50,unknown,,review,unknown,ghidra-12.1.3-initial-inventory
0x0041ADC0,unknown,,review,unknown,ghidra-12.1.3-initial-inventory
0x0041AEA0,unknown,,review,unknown,ghidra-12.1.3-initial-inventory
0x0041AF80,unknown,,review,unknown,ghidra-12.1.3-initial-inventory
0x0041B020,unknown,,review,unknown,ghidra-12.1.3-initial-inventory
0x0041B090,unknown,,review,unknown,ghidra-12.1.3-initial-inventory
0x0041B0F0,unknown,,review,unknown,ghidra-12.1.3-initial-inventory
0x0041B280,unknown,,review,unknown,ghidra-12.1.3-initial-inventory
0x0041B410,unknown,,review,unknown,ghidra-12.1.3-initial-inventory
0x0041B470,unknown,,review,unknown,ghidra-12.1.3-initial-inventory
0x0041B4A0,unknown,,review,unknown,ghidra-12.1.3-initial-inventory
0x0041B4D0,unknown,,review,unknown,ghidra-12.1.3-initial-inventory
0x0041B500,unknown,,review,unknown,ghidra-12.1.3-initial-inventory
0x0041B580,unknown,,review,unknown,ghidra-12.1.3-initial-inventory
0x0041B600,unknown,,review,unknown,ghidra-12.1.3-initial-inventory
0x0041B660,authored,UiCursor,authored,exact,vc71-result-screen-cursor-push-2026-08-29
0x0041B6E0,authored,UiCursor,authored,exact,vc71-result-screen-cursor-pop-2026-08-29
0x0041B760,authored,UiCursor,authored,exact,vc71-result-screen-replay-cursor-move-2026-08-29
0x0041B830,unknown,,review,unknown,ghidra-12.1.3-initial-inventory
0x0041B8A0,authored,Timer,authored,exact,vc71-result-screen-timer-tick-2026-08-29
0x0041B920,unknown,,review,unknown,ghidra-12.1.3-initial-inventory
0x0041BA30,unknown,,review,unknown,ghidra-12.1.3-initial-inventory
0x0041BA80,authored,Checksum,authored,exact,vc71-aligned-checksum-2026-08-29
0x0041BAE0,authored,ReplayScanWorker,authored,exact,vc71-replay-scan-worker-2026-08-29
0x0041BB00,authored,ReplayBrowser,authored,exact,vc71-replay-browser-2026-08-29
0x0041BB20,authored,ReplayScanWorker,authored,exact,vc71-replay-scan-worker-2026-08-29
0x0041BBA0,authored,ReplayScanWorker,authored,exact,vc71-replay-scan-worker-2026-08-29
0x0041BC00,authored,Controller,authored,exact,vc71-controller-input-slot-constructor-2026-08-30
0x0041BD20,authored,Chain,authored,exact,vc71-chain-runtime-2026-08-30
0x0041BD70,authored,Runtime,authored,exact,vc71-chain-runtime-2026-08-30
0x0041BDD0,authored,TextRenderer,authored,exact,vc71-text-buffer-lifecycle-2026-08-30
0x0041BE40,authored,TextRenderer,authored,exact,vc71-text-buffer-lifecycle-2026-08-30
0x0041BE60,authored,TextRenderer,authored,exact,vc71-text-buffer-lifecycle-2026-08-30
0x0041BF20,authored,TextRenderer,authored,exact,vc71-text-buffer-lifecycle-2026-08-30
0x0041BF90,authored,TextRenderer,authored,high,target-vc71-text-buffer-lifecycle-2026-08-30
0x0041C180,authored,TextRenderer,authored,exact,vc71-text-buffer-lifecycle-2026-08-30
0x0041C1E0,authored,TextRenderer,authored,high,target-vc71-text-alpha-bleed-2026-08-30
0x0041C570,authored,AnmTexture,authored,exact,vc71-anm-texture-alpha-neighbors-2026-08-29
0x0041C600,authored,TextRenderer,authored,exact,vc71-exact-text-invert-alpha-2026-08-30
0x0041C780,authored,TextRenderer,authored,exact,vc71-text-buffer-lifecycle-2026-08-30
0x0041C8A0,authored,TextRenderer,authored,exact,vc71-text-buffer-lifecycle-2026-08-30
0x0041C8F0,authored,TextRenderer,authored,high,target-vc71-text-renderer-2026-08-30
0x0041CB20,unknown,,review,unknown,ghidra-12.1.3-initial-inventory
0x0041CBA0,unknown,,review,unknown,ghidra-12.1.3-initial-inventory
0x0041CBE0,unknown,,review,unknown,ghidra-12.1.3-initial-inventory
0x0041CC10,unknown,,review,unknown,ghidra-12.1.3-initial-inventory
0x0041CC20,unknown,,review,unknown,ghidra-12.1.3-initial-inventory
0x0041CCC0,unknown,,review,unknown,ghidra-12.1.3-initial-inventory
0x0041CE00,unknown,,review,unknown,ghidra-12.1.3-initial-inventory
0x0041CE60,unknown,,review,unknown,ghidra-12.1.3-initial-inventory
0x0041D340,unknown,,review,unknown,ghidra-12.1.3-initial-inventory
0x0041D3D0,unknown,,review,unknown,ghidra-12.1.3-initial-inventory
0x0041D430,unknown,,review,unknown,ghidra-12.1.3-initial-inventory
0x0041D460,unknown,,review,unknown,ghidra-12.1.3-initial-inventory
0x0041D580,unknown,,review,unknown,ghidra-12.1.3-initial-inventory
0x0041D5C0,unknown,,review,unknown,ghidra-12.1.3-initial-inventory
0x0041D610,unknown,,review,unknown,ghidra-12.1.3-initial-inventory
0x0041D620,unknown,,review,unknown,ghidra-12.1.3-initial-inventory
0x0041D660,unknown,,review,unknown,ghidra-12.1.3-initial-inventory
0x0041D670,unknown,,review,unknown,ghidra-12.1.3-initial-inventory
0x0041D680,unknown,,review,unknown,ghidra-12.1.3-initial-inventory
0x0041D6D0,unknown,,review,unknown,ghidra-12.1.3-initial-inventory
0x0041D790,unknown,,review,unknown,ghidra-12.1.3-initial-inventory
0x0041D8D0,unknown,,review,unknown,ghidra-12.1.3-initial-inventory
0x0041D930,authored,PhotoEffect,authored,exact,vc71-photo-effect-manager-update-2026-08-30
0x0041DA50,authored,PhotoEffect,authored,exact,vc71-photo-effect-manager-remove-2026-08-30
0x0041DAB0,authored,PhotoEffect,authored,exact,vc71-photo-effect-manager-draw-2026-08-30
0x0041DB00,authored,PhotoEffect,authored,exact,vc71-photo-effect-manager-on-update-2026-08-30
0x0041DBA0,authored,PhotoEffect,authored,exact,vc71-photo-effect-manager-on-draw-2026-08-30
0x0041DBD0,authored,PhotoEffect,authored,high,vc71-photo-effect-manager-spawn-2026-08-30
0x0041DD80,authored,PhotoEffect,authored,exact,vc71-photo-straight-laser-constructor-2026-08-30
0x0041DE50,authored,PhotoEffect,authored,exact,vc71-photo-rotating-laser-constructor-2026-08-30
0x0041DF10,authored,PhotoEffect,authored,exact,vc71-photo-effect-manager-count-photo-targets-2026-08-30
0x0041DFA0,authored,PhotoEffect,authored,exact,vc71-photo-effect-manager-check-collision-stored-2026-08-30
0x0041E010,authored,PhotoEffect,authored,exact,vc71-photo-effect-manager-draw-secondary-2026-08-30
0x0041E060,authored,PhotoEffect,authored,exact,vc71-photo-effect-manager-count-nearby-targets-2026-08-30
0x0041E0C0,authored,PhotoEffect,authored,high,vc71-photo-straight-laser-initialize-2026-08-30
0x0041E2C0,authored,PhotoEffect,authored,exact,vc71-photo-straight-laser-update-2026-08-30
0x0041E6D0,authored,PhotoEffect,authored,exact,vc71-photo-straight-laser-draw-2026-08-30
0x0041E750,authored,PhotoEffect,authored,high,vc71-photo-effect-base-count-photo-targets-2026-08-30
0x0041E9C0,authored,PhotoEffect,authored,high,vc71-photo-straight-laser-check-collision-2026-08-30
0x0041F140,authored,PhotoEffect,authored,high,vc71-photo-straight-laser-draw-secondary-2026-08-30
0x0041F280,authored,PhotoEffect,authored,high,vc71-photo-effect-base-count-nearby-targets-2026-08-30
0x0041F380,authored,PhotoEffect,authored,high,vc71-photo-rotating-laser-initialize-2026-08-30
0x0041F550,authored,PhotoEffect,authored,exact,vc71-photo-rotating-laser-update-2026-08-30
0x0041F990,authored,PhotoEffect,authored,exact,vc71-photo-rotating-laser-draw-2026-08-30
0x0041FA10,authored,PhotoEffect,authored,high,vc71-photo-rotating-laser-check-collision-2026-08-30
0x00420100,authored,PhotoEffect,authored,high,vc71-photo-rotating-laser-draw-secondary-2026-08-30
0x00420240,authored,Main,authored,high,target-main-family-2026-08-29
0x00420770,authored,Main,authored,exact,main-render
0x00420920,authored,Main,authored,high,target-main-family-2026-08-29
0x00420A10,authored,Main,authored,high,target-main-family-2026-08-29
0x00420B50,authored,Main,authored,high,target-main-family-2026-08-29
0x00420B90,authored,Main,authored,high,target-main-family-2026-08-29
0x00420CF0,authored,Main,authored,high,target-main-family-2026-08-29
0x00420E20,authored,Main,authored,high,target-main-family-2026-08-29
0x00421380,authored,Main,authored,high,target-main-family-2026-08-29
0x004217A0,authored,Main,authored,high,target-main-family-2026-08-29
0x00421A20,authored,Main,authored,high,target-main-family-2026-08-29
0x00421AB0,authored,Main,authored,high,target-main-family-2026-08-29
0x00421C00,unknown,,review,unknown,ghidra-12.1.3-initial-inventory
0x00421C90,authored,AnmManager,authored,high,target-main-family-2026-08-29
0x00421D00,unknown,,review,unknown,ghidra-12.1.3-initial-inventory
0x00421E00,unknown,,review,unknown,ghidra-12.1.3-initial-inventory
0x00421E20,unknown,,review,unknown,ghidra-12.1.3-initial-inventory
0x00421E80,unknown,,review,unknown,ghidra-12.1.3-initial-inventory
0x00421EC0,unknown,,review,unknown,ghidra-12.1.3-initial-inventory
0x00421F10,unknown,,review,unknown,ghidra-12.1.3-initial-inventory
0x00421F60,unknown,,review,unknown,ghidra-12.1.3-initial-inventory
0x00421F90,unknown,,review,unknown,ghidra-12.1.3-initial-inventory
0x00421FC0,unknown,,review,unknown,ghidra-12.1.3-initial-inventory
0x00422040,unknown,,review,unknown,ghidra-12.1.3-initial-inventory
0x00422080,unknown,,review,unknown,ghidra-12.1.3-initial-inventory
0x004220A0,unknown,,review,unknown,ghidra-12.1.3-initial-inventory
0x004220C0,unknown,,review,unknown,ghidra-12.1.3-initial-inventory
0x00422110,unknown,,review,unknown,ghidra-12.1.3-initial-inventory
0x004221B0,unknown,,review,unknown,ghidra-12.1.3-initial-inventory
0x00422230,unknown,,review,unknown,ghidra-12.1.3-initial-inventory
0x00422270,unknown,,review,unknown,ghidra-12.1.3-initial-inventory
0x00422300,unknown,,review,unknown,ghidra-12.1.3-initial-inventory
0x00422530,unknown,,review,unknown,ghidra-12.1.3-initial-inventory
0x00422600,unknown,,review,unknown,ghidra-12.1.3-initial-inventory
0x00422660,unknown,,review,unknown,ghidra-12.1.3-initial-inventory
0x004226E0,unknown,,review,unknown,ghidra-12.1.3-initial-inventory
0x004227B0,unknown,,review,unknown,ghidra-12.1.3-initial-inventory
0x00422800,unknown,,review,unknown,ghidra-12.1.3-initial-inventory
0x00422A70,unknown,,review,unknown,ghidra-12.1.3-initial-inventory
0x00423310,unknown,,review,unknown,ghidra-12.1.3-initial-inventory
0x004233D0,unknown,,review,unknown,ghidra-12.1.3-initial-inventory
0x004233F0,unknown,,review,unknown,ghidra-12.1.3-initial-inventory
0x00423410,unknown,,review,unknown,ghidra-12.1.3-initial-inventory
0x00423430,unknown,,review,unknown,ghidra-12.1.3-initial-inventory
0x00423440,unknown,,review,unknown,ghidra-12.1.3-initial-inventory
0x004235D0,unknown,,review,unknown,ghidra-12.1.3-initial-inventory
0x00423790,unknown,,review,unknown,ghidra-12.1.3-initial-inventory
0x00423840,unknown,,review,unknown,ghidra-12.1.3-initial-inventory
0x004238E0,unknown,,review,unknown,ghidra-12.1.3-initial-inventory
0x00423960,unknown,,review,unknown,ghidra-12.1.3-initial-inventory
0x00423C20,unknown,,review,unknown,ghidra-12.1.3-initial-inventory
0x00423C70,unknown,,review,unknown,ghidra-12.1.3-initial-inventory
0x00423CE0,unknown,,review,unknown,ghidra-12.1.3-initial-inventory
0x00423D00,unknown,,review,unknown,ghidra-12.1.3-initial-inventory
0x00423D60,authored,Supervisor,authored,high,target-main-family-2026-08-29
0x00423E70,unknown,,review,unknown,ghidra-12.1.3-initial-inventory
0x00423FB0,unknown,,review,unknown,ghidra-12.1.3-initial-inventory
0x00424050,unknown,,review,unknown,ghidra-12.1.3-initial-inventory
0x004242B0,unknown,,review,unknown,ghidra-12.1.3-initial-inventory
0x004244D0,unknown,,review,unknown,ghidra-12.1.3-initial-inventory
0x00424700,unknown,,review,unknown,ghidra-12.1.3-initial-inventory
0x00424720,unknown,,review,unknown,ghidra-12.1.3-initial-inventory
0x00424980,unknown,,review,unknown,ghidra-12.1.3-initial-inventory
0x00424A00,unknown,,review,unknown,ghidra-12.1.3-initial-inventory
0x00424D30,authored,Supervisor,authored,high,target-main-family-2026-08-29
0x00425150,unknown,,review,unknown,ghidra-12.1.3-initial-inventory
0x004251F0,unknown,,review,unknown,ghidra-12.1.3-initial-inventory
0x004252F0,unknown,,review,unknown,ghidra-12.1.3-initial-inventory
0x00425390,unknown,,review,unknown,ghidra-12.1.3-initial-inventory
0x00425410,unknown,,review,unknown,ghidra-12.1.3-initial-inventory
0x004254D0,unknown,,review,unknown,ghidra-12.1.3-initial-inventory
0x00425520,unknown,,review,unknown,ghidra-12.1.3-initial-inventory
0x00425570,unknown,,review,unknown,ghidra-12.1.3-initial-inventory
0x004255B0,authored,Supervisor,authored,exact,vc71-replay-scan-worker-2026-08-29
0x00425640,authored,Supervisor,authored,exact,vc71-replay-scan-worker-2026-08-29
0x00425660,unknown,,review,unknown,ghidra-12.1.3-initial-inventory
0x00425730,unknown,,review,unknown,ghidra-12.1.3-initial-inventory
0x004257E0,unknown,,review,unknown,ghidra-12.1.3-initial-inventory
0x00425890,authored,Supervisor,authored,high,target-main-family-2026-08-29
0x004258D0,authored,Supervisor,authored,high,target-main-family-2026-08-29
0x00425910,unknown,,review,unknown,ghidra-12.1.3-initial-inventory
0x00425AA0,unknown,,review,unknown,ghidra-12.1.3-initial-inventory
0x00425CC0,unknown,,review,unknown,ghidra-12.1.3-initial-inventory
0x00425EF0,unknown,,review,unknown,ghidra-12.1.3-initial-inventory
0x00426300,unknown,,review,unknown,ghidra-12.1.3-initial-inventory
0x00426350,unknown,,review,unknown,ghidra-12.1.3-initial-inventory
0x00426450,unknown,,review,unknown,ghidra-12.1.3-initial-inventory
0x004264B0,unknown,,review,unknown,ghidra-12.1.3-initial-inventory
0x00426630,unknown,,review,unknown,ghidra-12.1.3-initial-inventory
0x00426820,unknown,,review,unknown,ghidra-12.1.3-initial-inventory
0x00426860,unknown,,review,unknown,ghidra-12.1.3-initial-inventory
0x00426880,unknown,,review,unknown,ghidra-12.1.3-initial-inventory
0x00426A50,unknown,,review,unknown,ghidra-12.1.3-initial-inventory
0x00426B90,unknown,,review,unknown,ghidra-12.1.3-initial-inventory
0x00426BF0,authored,ResultScreen,authored,high,vc71-result-screen-update-source-2026-08-29
0x00428590,authored,ResultScreen,authored,high,vc71-result-screen-initializers-source-2026-08-29
0x004288B0,authored,ResultScreen,authored,high,vc71-result-screen-initializers-source-2026-08-29
0x00428E90,authored,ResultScreen,authored,high,vc71-result-screen-initializers-source-2026-08-29
0x004292D0,authored,ReplayMenu,authored,high,ghidra-replay-menu-cluster-2026-08-29
0x00429450,authored,ResultScreen,authored,exact,vc71-result-photo-find-best-shot-2026-08-29
0x004294C0,authored,ResultScreen,authored,high,vc71-result-photo-update-source-2026-08-29
0x004299F0,authored,ResultScreen,authored,exact,vc71-result-best-shot-record-reset-2026-08-29
0x00429AB0,authored,ResultScreen,authored,exact,vc71-result-screen-update-cursor-2026-08-29
0x00429C80,authored,ResultScreen,authored,high,result-screen-on-draw-owner-2026-08-29
0x0042A6B0,authored,ResultScreen,authored,exact,vc71-result-screen-on-update-2026-08-29
0x0042A6E0,authored,ResultScreen,authored,exact,vc71-result-screen-on-draw-2026-08-29
0x0042A710,authored,ResultScreen,authored,exact,vc71-result-screen-load-replays-2026-08-29
0x0042A8A0,unknown,,review,unknown,ghidra-12.1.3-initial-inventory
0x0042A940,unknown,,review,unknown,ghidra-12.1.3-initial-inventory
0x0042A9C0,unknown,,review,unknown,ghidra-12.1.3-initial-inventory
0x0042AA30,unknown,,review,unknown,ghidra-12.1.3-initial-inventory
0x0042AA90,unknown,,review,unknown,ghidra-12.1.3-initial-inventory
0x0042AAD0,unknown,,review,unknown,ghidra-12.1.3-initial-inventory
0x0042AAF0,unknown,,review,unknown,ghidra-12.1.3-initial-inventory
0x0042ABC0,unknown,,review,unknown,ghidra-12.1.3-initial-inventory
0x0042AD00,unknown,,review,unknown,ghidra-12.1.3-initial-inventory
0x0042AD60,authored,PhotoStage,authored,high,photo-stage-update-semantic-2026-08-30
0x0042C220,unknown,,review,unknown,ghidra-12.1.3-initial-inventory
0x0042C3E0,authored,PhotoStage,authored,exact,vc71-photo-stage-update-callback-2026-08-30
0x0042C410,unknown,,review,unknown,ghidra-12.1.3-initial-inventory
0x0042C450,authored,PhotoStage,authored,exact,vc71-photo-stage-save-photo-2026-08-30
0x0042C5C0,authored,PhotoStage,authored,high,photo-stage-display-build-semantic-2026-08-30
0x0042E730,authored,PhotoStage,authored,exact,vc71-photo-stage-display-vm-2026-08-30
0x0042E7B0,authored,PhotoStage,authored,exact,vc71-photo-stage-capture-pixels-2026-08-30
0x0042EA70,authored,PhotoGame,authored,high,photo-player-lifecycle-semantic-2026-08-30
0x0042EBC0,authored,PhotoGame,authored,exact,vc71-photo-camera-constructor-2026-08-30
0x0042EC70,authored,PhotoGame,authored,exact,vc71-photo-camera-destructor-2026-08-30
0x0042ECA0,authored,PhotoGame,authored,high,photo-player-lifecycle-semantic-2026-08-30
0x0042EE30,authored,PhotoGame,authored,exact,vc71-photo-player-load-anm-2026-08-30
0x0042EE70,authored,PhotoGame,authored,exact,vc71-photo-player-release-anm-2026-08-30
0x0042EE90,authored,PhotoGame,authored,high,photo-player-lifecycle-semantic-2026-08-30
0x0042EFB0,authored,PhotoGame,authored,exact,vc71-photo-player-create-2026-08-30
0x0042F130,authored,PhotoGame,authored,exact,vc71-photo-player-destroy-2026-08-30
0x0042F190,authored,PhotoGame,authored,high,photo-game-main-state-semantic-2026-08-30
0x0042FF60,authored,PhotoGame,authored,exact,vc71-photo-game-update-2026-08-30
0x00430110,authored,PhotoGame,authored,exact,vc71-photo-player-draw-2026-08-30
0x00430160,authored,PhotoGame,authored,exact,vc71-photo-camera-draw-wrapper-2026-08-30
0x00430180,authored,PhotoGame,authored,high,photo-player-callback-semantic-2026-08-30
0x00430210,authored,PhotoGame,authored,exact,vc71-photo-player-draw-callback-2026-08-30
0x00430240,authored,PhotoGame,authored,exact,vc71-photo-camera-draw-callback-2026-08-30
0x00430260,authored,PhotoGame,authored,exact,vc71-photo-player-load-sht-2026-08-30
0x00430370,authored,PhotoCamera,authored,exact,vc71-photo-angle-to-point-2026-08-29
0x004303E0,authored,PhotoGame,authored,exact,vc71-photo-player-angle-from-point-2026-08-30
0x00430450,authored,PhotoGame,authored,exact,vc71-photo-player-check-bullet-collision-2026-08-30
0x00430530,authored,PhotoGame,authored,exact,vc71-photo-player-laser-hitbox-2026-08-30
0x004306D0,authored,PhotoGame,authored,exact,vc71-photo-player-die-2026-08-30
0x004307D0,authored,PhotoGame,authored,high,photo-camera-initialize-semantic-2026-08-30
0x00430AB0,authored,PhotoCamera,authored,high,ghidra-photo-camera-cluster-2026-08-29
0x00432730,authored,PhotoCamera,authored,exact,vc71-photo-begin-capture-2026-08-29
0x004328C0,authored,PhotoCamera,authored,high,ghidra-photo-camera-cluster-2026-08-29
0x00432D10,authored,PhotoCamera,authored,high,ghidra-photo-camera-cluster-2026-08-29
0x00433000,authored,PhotoCamera,authored,high,ghidra-photo-camera-cluster-2026-08-29
0x00433140,authored,PhotoCamera,authored,high,ghidra-photo-score-2026-08-29
0x004339F0,authored,PhotoCamera,authored,exact,vc71-photo-count-targets-2026-08-29
0x00433D10,authored,PhotoCamera,authored,exact,vc71-photo-update-charge-2026-08-29
0x004340F0,authored,PhotoCamera,authored,exact,vc71-photo-camera-draw-2026-08-29
0x00434220,authored,PhotoCamera,authored,exact,vc71-photo-distance-2d-2026-08-29
0x00434270,authored,ReplayManager,authored,exact,vc71-replay-manager-constructor-2026-08-29
0x004342A0,authored,ReplayManager,authored,exact,vc71-replay-manager-initialize-2026-08-29
0x004344F0,authored,ReplayManager,authored,exact,vc71-replay-manager-destructor-2026-08-29
0x004345B0,authored,ReplayManager,authored,exact,vc71-replay-manager-create-2026-08-29
0x00434700,authored,ReplayManager,authored,exact,vc71-replay-manager-load-2026-08-29
0x004347D0,authored,ReplayManager,authored,exact,vc71-replay-manager-destroy-2026-08-29
0x00434830,authored,ReplayManager,authored,exact,vc71-replay-manager-process-frame-2026-08-29
0x004349D0,authored,ReplayManager,authored,exact,vc71-replay-manager-draw-fps-2026-08-29
0x00434A90,authored,ReplayManager,authored,exact,vc71-replay-manager-write-replay-2026-08-29
0x00435130,authored,ReplayManager,authored,exact,vc71-replay-manager-load-replay-2026-08-29
0x00435350,authored,ReplayManager,authored,exact,vc71-replay-manager-on-update-2026-08-29
0x00435380,authored,ReplayManager,authored,exact,vc71-replay-manager-on-draw-2026-08-29
0x004353B0,unknown,,review,unknown,ghidra-12.1.3-initial-inventory
0x004354B0,unknown,,review,unknown,ghidra-12.1.3-initial-inventory
0x00435500,unknown,,review,unknown,ghidra-12.1.3-initial-inventory
0x00435580,unknown,,review,unknown,ghidra-12.1.3-initial-inventory
0x004355F0,unknown,,review,unknown,ghidra-12.1.3-initial-inventory
0x00435660,unknown,,review,unknown,ghidra-12.1.3-initial-inventory
0x004356D0,unknown,,review,unknown,ghidra-12.1.3-initial-inventory
0x00435910,authored,ScoreData,authored,exact,vc71-score-data-write-best-shot-2026-08-30
0x00435E90,authored,BestShot,authored,high,best-shot-scene-loader-2026-08-29
0x004362A0,authored,SceneSelect,authored,exact,vc71-scene-preview-texture-2026-08-30
0x004364F0,authored,SceneSelect,authored,exact,vc71-scene-select-unlock-cluster-2026-08-29
0x004365B0,authored,SceneSelect,authored,exact,vc71-scene-select-unlock-cluster-2026-08-29
0x004365F0,authored,SceneSelect,authored,exact,vc71-scene-select-unlock-cluster-2026-08-29
0x00436680,authored,SceneSelect,authored,exact,vc71-scene-select-unlock-cluster-2026-08-29
0x004366F0,authored,SceneSelect,authored,exact,vc71-scene-select-unlock-cluster-2026-08-29
0x00436760,unknown,,review,unknown,ghidra-12.1.3-initial-inventory
0x00436820,unknown,,review,unknown,ghidra-12.1.3-initial-inventory
0x004368A0,unknown,,review,unknown,ghidra-12.1.3-initial-inventory
0x00436920,unknown,,review,unknown,ghidra-12.1.3-initial-inventory
0x00436CA0,unknown,,review,unknown,ghidra-12.1.3-initial-inventory
0x00436D20,unknown,,review,unknown,ghidra-12.1.3-initial-inventory
0x00436DD0,unknown,,review,unknown,ghidra-12.1.3-initial-inventory
0x00437050,unknown,,review,unknown,ghidra-12.1.3-initial-inventory
0x004370F0,unknown,,review,unknown,ghidra-12.1.3-initial-inventory
0x00437140,unknown,,review,unknown,ghidra-12.1.3-initial-inventory
0x00437190,unknown,,review,unknown,ghidra-12.1.3-initial-inventory
0x00437280,unknown,,review,unknown,ghidra-12.1.3-initial-inventory
0x004372D0,unknown,,review,unknown,ghidra-12.1.3-initial-inventory
0x004374B0,unknown,,review,unknown,ghidra-12.1.3-initial-inventory
0x00437700,unknown,,review,unknown,ghidra-12.1.3-initial-inventory
0x00437740,unknown,,review,unknown,ghidra-12.1.3-initial-inventory
0x00437790,authored,SoundPlayer,authored,high,target-main-family-2026-08-29
0x004377F0,authored,SoundPlayer,authored,high,target-main-family-2026-08-29
0x00437810,authored,SoundPlayer,authored,high,target-main-family-2026-08-29
0x004378D0,authored,SoundPlayer,authored,exact,sound-player-exact-2026-08-29
0x00437920,authored,SoundPlayer,authored,exact,sound-player-exact-2026-08-29
0x00437CA0,authored,SoundPlayer,authored,exact,sound-player-exact-2026-08-29
0x00437CD0,authored,SoundPlayer,authored,exact,sound-player-exact-2026-08-29
0x00437D60,authored,SoundPlayer,authored,high,target-main-family-2026-08-29
0x00438000,authored,SoundPlayer,authored,exact,sound-player-exact-2026-08-29
0x00438210,authored,SoundPlayer,authored,exact,sound-player-exact-2026-08-29
0x00438570,authored,SoundPlayer,authored,exact,sound-player-exact-2026-08-29
0x004385E0,authored,SoundPlayer,authored,exact,sound-player-exact-2026-08-29
0x00438620,authored,SoundPlayer,authored,exact,sound-player-exact-2026-08-29
0x00438660,authored,SoundPlayer,authored,exact,sound-player-exact-2026-08-29
0x004387F0,authored,SoundPlayer,authored,exact,sound-player-exact-2026-08-29
0x00438860,authored,SoundPlayer,authored,exact,sound-player-exact-2026-08-29
0x00438B10,authored,SoundPlayer,authored,exact,sound-player-exact-2026-08-29
0x00438CF0,authored,SoundPlayer,authored,exact,sound-player-exact-2026-08-29
0x00438E10,authored,SoundPlayer,authored,exact,sound-player-exact-2026-08-29
0x00438F20,authored,SoundPlayer,authored,exact,sound-player-exact-2026-08-29
0x00439030,authored,SoundPlayer,authored,exact,sound-player-exact-2026-08-29
0x00439160,authored,SoundPlayer,authored,exact,sound-player-exact-2026-08-29
0x00439200,authored,SoundPlayer,authored,high,target-main-family-2026-08-29
0x00439C00,authored,SoundPlayer,authored,exact,sound-player-exact-2026-08-29
0x00439CF0,authored,SoundPlayer,authored,exact,sound-player-exact-2026-08-29
0x00439DE0,authored,SoundPlayer,authored,exact,sound-player-exact-2026-08-29
0x00439E30,authored,AnmLoaded,authored,exact,anm-set-sprite-2026-08-29
0x0043A0C0,authored,AnmLoaded,authored,high,anm-set-and-execute-2026-08-29
0x0043A1B0,authored,AnmVm,authored,exact,anm-vm-helpers-2026-08-29
0x0043A380,authored,AnmVm,authored,exact,anm-vm-helpers-2026-08-29
0x0043A470,authored,AnmVm,authored,exact,anm-vm-helpers-2026-08-29
0x0043A540,authored,AnmVm,authored,exact,anm-vm-helpers-2026-08-29
0x0043A600,authored,AnmManager,authored,exact,anm-execute-script-2026-08-29
0x0043EA20,unknown,,review,unknown,ghidra-12.1.3-initial-inventory
0x0043EC20,unknown,,review,unknown,ghidra-12.1.3-initial-inventory
0x0043ECD0,unknown,,review,unknown,ghidra-12.1.3-initial-inventory
0x0043F2B0,authored,AnmManager,authored,high,main-render
0x0043F2F0,authored,AnmManager,authored,high,main-render
0x0043F3C0,unknown,,review,unknown,ghidra-12.1.3-initial-inventory
0x0043F4A0,unknown,,review,unknown,ghidra-12.1.3-initial-inventory
0x0043F760,unknown,,review,unknown,ghidra-12.1.3-initial-inventory
0x0043FA00,unknown,,review,unknown,ghidra-12.1.3-initial-inventory
0x0043FA40,unknown,,review,unknown,ghidra-12.1.3-initial-inventory
0x0043FC60,unknown,,review,unknown,ghidra-12.1.3-initial-inventory
0x004400F0,unknown,,review,unknown,ghidra-12.1.3-initial-inventory
0x00440120,unknown,,review,unknown,ghidra-12.1.3-initial-inventory
0x00440440,unknown,,review,unknown,ghidra-12.1.3-initial-inventory
0x004408F0,unknown,,review,unknown,ghidra-12.1.3-initial-inventory
0x00440950,unknown,,review,unknown,ghidra-12.1.3-initial-inventory
0x00440C10,unknown,,review,unknown,ghidra-12.1.3-initial-inventory
0x004411D0,unknown,,review,unknown,ghidra-12.1.3-initial-inventory
0x00441330,unknown,,review,unknown,ghidra-12.1.3-initial-inventory
0x00441480,unknown,,review,unknown,ghidra-12.1.3-initial-inventory
0x004415A0,authored,AnmManager,authored,high,vc71-anm-draw-exact
0x00441710,authored,AnmVm,authored,exact,vc71-anm-radial-trail-initialize-2026-08-29
0x00441A10,authored,AnmVm,authored,exact,vc71-anm-radial-trail-update-2026-08-29
0x00441D70,authored,AnmVm,authored,exact,vc71-anm-radial-trail-draw-2026-08-29
0x00441DA0,authored,ZunMath,authored,high,vc71-float3-angle-magnitude-exact
0x00441DC0,authored,AnmManager,authored,high,target-main-family-2026-08-29
0x004421B0,authored,AnmManager,authored,high,target-main-family-2026-08-29
0x00442260,unknown,,review,unknown,ghidra-12.1.3-initial-inventory
0x00442510,authored,AnmTexture,authored,high,ghidra-vc71-anm-texture-alpha-bleed-2026-08-29
0x00442A50,authored,AnmTexture,authored,exact,vc71-anm-texture-alpha-neighbors-2026-08-29
0x00442AB0,authored,AnmTexture,authored,exact,vc71-anm-texture-alpha-neighbors-2026-08-29
0x00442B40,authored,AnmTexture,authored,exact,vc71-anm-texture-load-2026-08-29
0x00442B90,authored,AnmTexture,authored,high,scene-select-texture-upload-2026-08-29
0x00442CA0,authored,AnmTexture,authored,high,scene-select-texture-upload-2026-08-29
0x00442E10,unknown,,review,unknown,ghidra-12.1.3-initial-inventory
0x00442E90,unknown,,review,unknown,ghidra-12.1.3-initial-inventory
0x00442FC0,unknown,,review,unknown,ghidra-12.1.3-initial-inventory
0x00443010,unknown,,review,unknown,ghidra-12.1.3-initial-inventory
0x00443070,unknown,,review,unknown,ghidra-12.1.3-initial-inventory
0x004432E0,unknown,,review,unknown,ghidra-12.1.3-initial-inventory
0x004433A0,unknown,,review,unknown,ghidra-12.1.3-initial-inventory
0x00443480,unknown,,review,unknown,ghidra-12.1.3-initial-inventory
0x004435A0,unknown,,review,unknown,ghidra-12.1.3-initial-inventory
0x004438E0,unknown,,review,unknown,ghidra-12.1.3-initial-inventory
0x00443980,unknown,,review,unknown,ghidra-12.1.3-initial-inventory
0x00443AC0,unknown,,review,unknown,ghidra-12.1.3-initial-inventory
0x00443B10,unknown,,review,unknown,ghidra-12.1.3-initial-inventory
0x00443C70,authored,AnmText,authored,exact,vc71-exact-anm-text-inner-2026-08-29
0x00443CE0,authored,AnmText,authored,high,vc71-th08-corroborated-anm-text-2026-08-29
0x00443DD0,authored,AnmText,authored,high,target-vc71-anm-text-family-2026-08-29
0x00443F80,authored,AnmText,authored,high,target-vc71-anm-text-family-2026-08-29
0x004440F0,unknown,,review,unknown,ghidra-12.1.3-initial-inventory
0x00444390,unknown,,review,unknown,ghidra-12.1.3-initial-inventory
0x00444460,unknown,,review,unknown,ghidra-12.1.3-initial-inventory
0x00444620,unknown,,review,unknown,ghidra-12.1.3-initial-inventory
0x00444760,unknown,,review,unknown,ghidra-12.1.3-initial-inventory
0x00444980,unknown,,review,unknown,ghidra-12.1.3-initial-inventory
0x004449A0,unknown,,review,unknown,ghidra-12.1.3-initial-inventory
0x004449C0,unknown,,review,unknown,ghidra-12.1.3-initial-inventory
0x004449E0,unknown,,review,unknown,ghidra-12.1.3-initial-inventory
0x00444A00,unknown,,review,unknown,ghidra-12.1.3-initial-inventory
0x00444A20,unknown,,review,unknown,ghidra-12.1.3-initial-inventory
0x00444A40,unknown,,review,unknown,ghidra-12.1.3-initial-inventory
0x00444A60,unknown,,review,unknown,ghidra-12.1.3-initial-inventory
0x00444AB0,unknown,,review,unknown,ghidra-12.1.3-initial-inventory
0x00444AE0,unknown,,review,unknown,ghidra-12.1.3-initial-inventory
0x00444B10,unknown,,review,unknown,ghidra-12.1.3-initial-inventory
0x00444C80,unknown,,review,unknown,ghidra-12.1.3-initial-inventory
0x00444D10,unknown,,review,unknown,ghidra-12.1.3-initial-inventory
0x00444E00,unknown,,review,unknown,ghidra-12.1.3-initial-inventory
0x00444EF0,unknown,,review,unknown,ghidra-12.1.3-initial-inventory
0x00444FA0,unknown,,review,unknown,ghidra-12.1.3-initial-inventory
0x00445060,unknown,,review,unknown,ghidra-12.1.3-initial-inventory
0x00445110,authored,AnmManager,authored,exact,vc71-anm-manager-get-vm-2026-08-29
0x00445170,authored,AnmManager,authored,exact,vc71-anm-manager-set-interrupt-2026-08-29
0x004451B0,authored,AnmManager,authored,exact,vc71-anm-manager-mark-vm-for-deletion-2026-08-29
0x004451F0,authored,AnmManager,authored,exact,vc71-anm-manager-set-position-2026-08-29
0x00445230,authored,AnmManager,authored,exact,vc71-anm-manager-get-position-2026-08-29
0x00445270,authored,AnmManager,authored,exact,vc71-anm-manager-mark-vms-for-deletion-2026-08-29
0x004452D0,authored,AnmVm,authored,exact,vc71-anm-vm-draw-2026-08-29
0x004452F0,authored,AnmManager,authored,exact,vc71-anm-vm-id-get-vm-2026-08-29
0x00445330,authored,AnmManager,authored,exact,vc71-anm-vm-id-set-interrupt-2026-08-29
0x00445360,authored,AnmManager,authored,exact,vc71-anm-vm-id-set-sprite-2026-08-29
0x004453B0,authored,AnmTexture,authored,exact,vc71-scene-texture-clear-2026-08-29
0x00445440,unknown,,review,unknown,ghidra-12.1.3-initial-inventory
0x004456F0,unknown,,review,unknown,ghidra-12.1.3-initial-inventory
0x00445980,unknown,,review,unknown,ghidra-12.1.3-initial-inventory
0x00445A50,unknown,,review,unknown,ghidra-12.1.3-initial-inventory
0x00445AA0,unknown,,review,unknown,ghidra-12.1.3-initial-inventory
0x00445CA0,unknown,,review,unknown,ghidra-12.1.3-initial-inventory
0x00445CC0,unknown,,review,unknown,ghidra-12.1.3-initial-inventory
0x00445DE0,unknown,,review,unknown,ghidra-12.1.3-initial-inventory
0x00445E40,authored,FrontEndController,authored,exact,vc71-front-end-controller-wrappers-2026-08-29
0x00445E60,authored,FrontEndController,authored,exact,vc71-front-end-controller-wrappers-2026-08-29
0x00445E80,authored,FrontEndController,authored,high,front-end-controller-call-graph-2026-08-29
0x00446A50,authored,FrontEndController,authored,high,front-end-controller-main-menu-2026-08-29
0x00447750,authored,FrontEndController,authored,exact,vc71-front-end-main-menu-helpers-2026-08-29
0x004479E0,authored,FrontEndController,authored,exact,vc71-front-end-main-menu-helpers-2026-08-29
0x00447D00,authored,SceneSelect,authored,high,front-end-controller-scene-select-2026-08-29
0x0044BBD0,authored,SceneSelect,authored,high,vc71-scene-selection-refresh-2026-08-29
0x0044BEA0,authored,SceneSelect,authored,exact,vc71-scene-preview-text-2026-08-29
0x0044C670,authored,SceneSelect,authored,exact,vc71-scene-detail-display-2026-08-29
0x0044CF60,authored,SceneSelect,authored,exact,vc71-scene-detail-display-2026-08-29
0x0044CFA0,authored,SceneSelect,authored,exact,vc71-scene-detail-display-2026-08-29
0x0044CFE0,authored,SceneSelect,authored,exact,vc71-scene-detail-display-2026-08-29
0x0044D020,authored,SceneSelect,authored,exact,vc71-scene-preview-text-decoder-2026-08-29
0x0044D0A0,authored,SceneSelect,authored,high,scene-select-asset-worker-2026-08-29
0x0044DCA0,authored,ReplayBrowser,authored,high,vc71-replay-browser-2026-08-29
0x0044E4B0,authored,OptionsMenu,authored,high,vc71-options-menu-2026-08-29
0x00450C30,authored,ReplayBrowser,authored,high,vc71-replay-browser-scan-2026-08-29
0x00450DD0,authored,SceneSelect,authored,exact,vc71-scene-value-queue-push-2026-08-29
0x00450E20,authored,ReplayBrowser,authored,exact,vc71-replay-browser-slot-2026-08-29
0x00450F60,authored,SceneSelect,authored,high,vc71-scene-value-queue-pop-2026-08-29
0x00450FC0,authored,MusicRoom,authored,high,vc71-music-room-update-2026-08-29
0x00451B00,authored,MusicRoom,authored,exact,vc71-music-room-parser-2026-08-29
0x00451B90,authored,MusicRoom,authored,exact,vc71-music-room-parser-2026-08-29
0x00451C80,authored,HelpMenu,authored,high,vc71-help-menu-update-2026-08-29
0x004525D0,authored,HelpMenu,authored,exact,vc71-help-menu-loader-2026-08-29
0x00452630,authored,FrontEndController,authored,high,vc71-front-end-controller-draw-2026-08-29
0x00452D70,authored,AnmManager,authored,exact,vc71-anm-vm-color1-interpolation-2026-08-29
0x00452E50,unknown,,review,unknown,ghidra-12.1.3-initial-inventory
0x00452E70,unknown,,review,unknown,ghidra-12.1.3-initial-inventory
0x00452EA0,unknown,,review,unknown,ghidra-12.1.3-initial-inventory
0x00452F30,unknown,,review,unknown,ghidra-12.1.3-initial-inventory
0x00453050,unknown,,review,unknown,ghidra-12.1.3-initial-inventory
0x004533B0,unknown,,review,unknown,ghidra-12.1.3-initial-inventory
0x004536E0,unknown,,review,unknown,ghidra-12.1.3-initial-inventory
0x004537C0,unknown,,review,unknown,ghidra-12.1.3-initial-inventory
0x004537F0,unknown,,review,unknown,ghidra-12.1.3-initial-inventory
0x00453A50,unknown,,review,unknown,ghidra-12.1.3-initial-inventory
0x00453B40,unknown,,review,unknown,ghidra-12.1.3-initial-inventory
0x00453D30,unknown,,review,unknown,ghidra-12.1.3-initial-inventory
0x00453DE0,unknown,,review,unknown,ghidra-12.1.3-initial-inventory
0x00453EA0,unknown,,review,unknown,ghidra-12.1.3-initial-inventory
0x00453EE0,unknown,,review,unknown,ghidra-12.1.3-initial-inventory
0x00453FD0,unknown,,review,unknown,ghidra-12.1.3-initial-inventory
0x00454070,unknown,,review,unknown,ghidra-12.1.3-initial-inventory
0x00454120,unknown,,review,unknown,ghidra-12.1.3-initial-inventory
0x00454170,unknown,,review,unknown,ghidra-12.1.3-initial-inventory
0x004541C0,unknown,,review,unknown,ghidra-12.1.3-initial-inventory
0x00454230,unknown,,review,unknown,ghidra-12.1.3-initial-inventory
0x00454290,unknown,,review,unknown,ghidra-12.1.3-initial-inventory
0x004542C0,unknown,,review,unknown,ghidra-12.1.3-initial-inventory
0x004542E0,unknown,,review,unknown,ghidra-12.1.3-initial-inventory
0x00454370,unknown,,review,unknown,ghidra-12.1.3-initial-inventory
0x004543E0,unknown,,review,unknown,ghidra-12.1.3-initial-inventory
0x00454450,unknown,,review,unknown,ghidra-12.1.3-initial-inventory
0x004544C0,unknown,,review,unknown,ghidra-12.1.3-initial-inventory
0x004548B0,unknown,,review,unknown,ghidra-12.1.3-initial-inventory
0x00454980,unknown,,review,unknown,ghidra-12.1.3-initial-inventory
0x004549C0,unknown,,review,unknown,ghidra-12.1.3-initial-inventory
0x004549E0,unknown,,review,unknown,ghidra-12.1.3-initial-inventory
0x00454A90,unknown,,review,unknown,ghidra-12.1.3-initial-inventory
0x00454AF0,unknown,,review,unknown,ghidra-12.1.3-initial-inventory
0x00454B50,unknown,,review,unknown,ghidra-12.1.3-initial-inventory
0x00454B70,unknown,,review,unknown,ghidra-12.1.3-initial-inventory
0x00454CC0,unknown,,review,unknown,ghidra-12.1.3-initial-inventory
0x00454E10,unknown,,review,unknown,ghidra-12.1.3-initial-inventory
0x00454E50,unknown,,review,unknown,ghidra-12.1.3-initial-inventory
0x00454E90,unknown,,review,unknown,ghidra-12.1.3-initial-inventory
0x00454EB0,unknown,,review,unknown,ghidra-12.1.3-initial-inventory
0x00454FC0,unknown,,review,unknown,ghidra-12.1.3-initial-inventory
0x00455080,unknown,,review,unknown,ghidra-12.1.3-initial-inventory
0x004550F0,unknown,,review,unknown,ghidra-12.1.3-initial-inventory
0x004552C0,unknown,,review,unknown,ghidra-12.1.3-initial-inventory
0x004552F0,unknown,,review,unknown,ghidra-12.1.3-initial-inventory
0x00455360,unknown,,review,unknown,ghidra-12.1.3-initial-inventory
0x00455580,unknown,,review,unknown,ghidra-12.1.3-initial-inventory
0x00455790,unknown,,review,unknown,ghidra-12.1.3-initial-inventory
0x00455820,unknown,,review,unknown,ghidra-12.1.3-initial-inventory
0x00455850,unknown,,review,unknown,ghidra-12.1.3-initial-inventory
0x00455890,unknown,,review,unknown,ghidra-12.1.3-initial-inventory
0x004558C0,unknown,,review,unknown,ghidra-12.1.3-initial-inventory
0x00455920,unknown,,review,unknown,ghidra-12.1.3-initial-inventory
0x00455A70,unknown,,review,unknown,ghidra-12.1.3-initial-inventory
0x00455AB0,unknown,,review,unknown,ghidra-12.1.3-initial-inventory
0x00455B00,unknown,,review,unknown,ghidra-12.1.3-initial-inventory
0x00455B50,unknown,,review,unknown,ghidra-12.1.3-initial-inventory
0x00455B80,unknown,,review,unknown,ghidra-12.1.3-initial-inventory
0x00455BB0,unknown,,review,unknown,ghidra-12.1.3-initial-inventory
0x00455BF0,unknown,,review,unknown,ghidra-12.1.3-initial-inventory
0x00455CC0,unknown,,review,unknown,ghidra-12.1.3-initial-inventory
0x00455DC0,unknown,,review,unknown,ghidra-12.1.3-initial-inventory
0x00455DE0,unknown,,review,unknown,ghidra-12.1.3-initial-inventory
0x00455E10,unknown,,review,unknown,ghidra-12.1.3-initial-inventory
0x00456220,authored,Compression,authored,high,ghidra-vc71-decompress-2026-08-29
0x00456580,unknown,,review,unknown,ghidra-12.1.3-initial-inventory
0x004565D0,unknown,,review,unknown,ghidra-12.1.3-initial-inventory
0x00456650,unknown,,review,unknown,ghidra-12.1.3-initial-inventory
0x00456770,unknown,,review,unknown,ghidra-12.1.3-initial-inventory
0x00456800,unknown,,review,unknown,ghidra-12.1.3-initial-inventory
0x00456890,unknown,,review,unknown,ghidra-12.1.3-initial-inventory
0x00456950,unknown,,review,unknown,ghidra-12.1.3-initial-inventory
0x004583D0,unknown,,review,unknown,ghidra-12.1.3-initial-inventory
0x004583D6,unknown,,review,unknown,ghidra-12.1.3-initial-inventory
0x004583DC,unknown,,review,unknown,ghidra-12.1.3-initial-inventory
0x004583E2,unknown,,review,unknown,ghidra-12.1.3-initial-inventory
0x0045841C,unknown,,review,unknown,ghidra-12.1.3-initial-inventory
0x00458446,unknown,,review,unknown,ghidra-12.1.3-initial-inventory
0x004584D4,unknown,,review,unknown,ghidra-12.1.3-initial-inventory
0x004584FE,unknown,,review,unknown,ghidra-12.1.3-initial-inventory
0x004585AD,unknown,,review,unknown,ghidra-12.1.3-initial-inventory
0x004585DC,unknown,,review,unknown,ghidra-12.1.3-initial-inventory
0x00458646,unknown,,review,unknown,ghidra-12.1.3-initial-inventory
0x00458653,unknown,,review,unknown,ghidra-12.1.3-initial-inventory
0x00458683,unknown,,review,unknown,ghidra-12.1.3-initial-inventory
0x00458731,unknown,,review,unknown,ghidra-12.1.3-initial-inventory
0x0045875B,unknown,,review,unknown,ghidra-12.1.3-initial-inventory
0x0045882C,unknown,,review,unknown,ghidra-12.1.3-initial-inventory
0x0045885B,unknown,,review,unknown,ghidra-12.1.3-initial-inventory
0x004588B8,unknown,,review,unknown,ghidra-12.1.3-initial-inventory
0x004588C5,unknown,,review,unknown,ghidra-12.1.3-initial-inventory
0x00458956,unknown,,review,unknown,ghidra-12.1.3-initial-inventory
0x00458963,unknown,,review,unknown,ghidra-12.1.3-initial-inventory
0x004589DC,unknown,,review,unknown,ghidra-12.1.3-initial-inventory
0x004589ED,unknown,,review,unknown,ghidra-12.1.3-initial-inventory
0x00458B38,unknown,,review,unknown,ghidra-12.1.3-initial-inventory
0x00458C09,unknown,,review,unknown,ghidra-12.1.3-initial-inventory
0x00458C33,unknown,,review,unknown,ghidra-12.1.3-initial-inventory
0x00458D26,unknown,,review,unknown,ghidra-12.1.3-initial-inventory
0x00458D55,unknown,,review,unknown,ghidra-12.1.3-initial-inventory
0x00458F4F,unknown,,review,unknown,ghidra-12.1.3-initial-inventory
0x00458F5C,unknown,,review,unknown,ghidra-12.1.3-initial-inventory
0x00459198,unknown,,review,unknown,ghidra-12.1.3-initial-inventory
0x004591A5,unknown,,review,unknown,ghidra-12.1.3-initial-inventory
0x0045945B,unknown,,review,unknown,ghidra-12.1.3-initial-inventory
0x00459468,unknown,,review,unknown,ghidra-12.1.3-initial-inventory
0x004597FB,unknown,,review,unknown,ghidra-12.1.3-initial-inventory
0x00459885,unknown,,review,unknown,ghidra-12.1.3-initial-inventory
0x0045990F,unknown,,review,unknown,ghidra-12.1.3-initial-inventory
0x0045992B,unknown,,review,unknown,ghidra-12.1.3-initial-inventory
0x004599AB,unknown,,review,unknown,ghidra-12.1.3-initial-inventory
0x004599C7,unknown,,review,unknown,ghidra-12.1.3-initial-inventory
0x00459A48,unknown,,review,unknown,ghidra-12.1.3-initial-inventory
0x00459A64,unknown,,review,unknown,ghidra-12.1.3-initial-inventory
0x00459AE6,unknown,,review,unknown,ghidra-12.1.3-initial-inventory
0x00459B06,unknown,,review,unknown,ghidra-12.1.3-initial-inventory
0x00459C08,unknown,,review,unknown,ghidra-12.1.3-initial-inventory
0x00459C15,unknown,,review,unknown,ghidra-12.1.3-initial-inventory
0x00459CFD,unknown,,review,unknown,ghidra-12.1.3-initial-inventory
0x00459D2B,unknown,,review,unknown,ghidra-12.1.3-initial-inventory
0x00459D3C,unknown,,review,unknown,ghidra-12.1.3-initial-inventory
0x00459D63,unknown,,review,unknown,ghidra-12.1.3-initial-inventory
0x00459E49,unknown,,review,unknown,ghidra-12.1.3-initial-inventory
0x00459F91,unknown,,review,unknown,ghidra-12.1.3-initial-inventory
0x0045A22A,unknown,,review,unknown,ghidra-12.1.3-initial-inventory
0x0045A24A,unknown,,review,unknown,ghidra-12.1.3-initial-inventory
0x0045A2A6,unknown,,review,unknown,ghidra-12.1.3-initial-inventory
0x0045A2D4,unknown,,review,unknown,ghidra-12.1.3-initial-inventory
0x0045A3B3,unknown,,review,unknown,ghidra-12.1.3-initial-inventory
0x0045A3C0,unknown,,review,unknown,ghidra-12.1.3-initial-inventory
0x0045A469,unknown,,review,unknown,ghidra-12.1.3-initial-inventory
0x0045A476,unknown,,review,unknown,ghidra-12.1.3-initial-inventory
0x0045A530,unknown,,review,unknown,ghidra-12.1.3-initial-inventory
0x0045A5B4,unknown,,review,unknown,ghidra-12.1.3-initial-inventory
0x0045A655,unknown,,review,unknown,ghidra-12.1.3-initial-inventory
0x0045A679,unknown,,review,unknown,ghidra-12.1.3-initial-inventory
0x0045A762,unknown,,review,unknown,ghidra-12.1.3-initial-inventory
0x0045A78C,unknown,,review,unknown,ghidra-12.1.3-initial-inventory
0x0045A7E3,unknown,,review,unknown,ghidra-12.1.3-initial-inventory
0x0045A823,unknown,,review,unknown,ghidra-12.1.3-initial-inventory
0x0045A8AE,unknown,,review,unknown,ghidra-12.1.3-initial-inventory
0x0045A8BB,unknown,,review,unknown,ghidra-12.1.3-initial-inventory
0x0045ABB4,unknown,,review,unknown,ghidra-12.1.3-initial-inventory
0x0045AC41,unknown,,review,unknown,ghidra-12.1.3-initial-inventory
0x0045ACAC,unknown,,review,unknown,ghidra-12.1.3-initial-inventory
0x0045AD2C,unknown,,review,unknown,ghidra-12.1.3-initial-inventory
0x0045AD68,unknown,,review,unknown,ghidra-12.1.3-initial-inventory
0x0045AE08,unknown,,review,unknown,ghidra-12.1.3-initial-inventory
0x0045AEC7,unknown,,review,unknown,ghidra-12.1.3-initial-inventory
0x0045B054,unknown,,review,unknown,ghidra-12.1.3-initial-inventory
0x0045B1FA,unknown,,review,unknown,ghidra-12.1.3-initial-inventory
0x0045B2B3,unknown,,review,unknown,ghidra-12.1.3-initial-inventory
0x0045B2EC,unknown,,review,unknown,ghidra-12.1.3-initial-inventory
0x0045B5A0,unknown,,review,unknown,ghidra-12.1.3-initial-inventory
0x0045B67A,unknown,,review,unknown,ghidra-12.1.3-initial-inventory
0x0045BB13,unknown,,review,unknown,ghidra-12.1.3-initial-inventory
0x0045BB37,unknown,,review,unknown,ghidra-12.1.3-initial-inventory
0x0045BBAC,unknown,,review,unknown,ghidra-12.1.3-initial-inventory
0x0045BC8E,unknown,,review,unknown,ghidra-12.1.3-initial-inventory
0x0045BCBF,unknown,,review,unknown,ghidra-12.1.3-initial-inventory
0x0045BDA1,unknown,,review,unknown,ghidra-12.1.3-initial-inventory
0x0045BE74,unknown,,review,unknown,ghidra-12.1.3-initial-inventory
0x0045C19E,unknown,,review,unknown,ghidra-12.1.3-initial-inventory
0x0045C1C6,unknown,,review,unknown,ghidra-12.1.3-initial-inventory
0x0045C22C,unknown,,review,unknown,ghidra-12.1.3-initial-inventory
0x0045C2E4,unknown,,review,unknown,ghidra-12.1.3-initial-inventory
0x0045C48A,unknown,,review,unknown,ghidra-12.1.3-initial-inventory
0x0045C510,unknown,,review,unknown,ghidra-12.1.3-initial-inventory
0x0045C7F4,unknown,,review,unknown,ghidra-12.1.3-initial-inventory
0x0045CE67,unknown,,review,unknown,ghidra-12.1.3-initial-inventory
0x0045CEA7,unknown,,review,unknown,ghidra-12.1.3-initial-inventory
0x0045CF03,unknown,,review,unknown,ghidra-12.1.3-initial-inventory
0x0045CF28,unknown,,review,unknown,ghidra-12.1.3-initial-inventory
0x0045CFC1,unknown,,review,unknown,ghidra-12.1.3-initial-inventory
0x0045CFF9,unknown,,review,unknown,ghidra-12.1.3-initial-inventory
0x0045D033,unknown,,review,unknown,ghidra-12.1.3-initial-inventory
0x0045D03F,unknown,,review,unknown,ghidra-12.1.3-initial-inventory
0x0045D09E,unknown,,review,unknown,ghidra-12.1.3-initial-inventory
0x0045D152,unknown,,review,unknown,ghidra-12.1.3-initial-inventory
0x0045D22F,unknown,,review,unknown,ghidra-12.1.3-initial-inventory
0x0045D2BF,unknown,,review,unknown,ghidra-12.1.3-initial-inventory
0x0045D2D8,unknown,,review,unknown,ghidra-12.1.3-initial-inventory
0x0045D331,unknown,,review,unknown,ghidra-12.1.3-initial-inventory
0x0045D34D,unknown,,review,unknown,ghidra-12.1.3-initial-inventory
0x0045DA63,unknown,,review,unknown,ghidra-12.1.3-initial-inventory
0x0045DAA5,unknown,,review,unknown,ghidra-12.1.3-initial-inventory
0x0045DD15,unknown,,review,unknown,ghidra-12.1.3-initial-inventory
0x0045E1BC,unknown,,review,unknown,ghidra-12.1.3-initial-inventory
0x0045E491,unknown,,review,unknown,ghidra-12.1.3-initial-inventory
0x0045EA27,unknown,,review,unknown,ghidra-12.1.3-initial-inventory
0x0045ED68,unknown,,review,unknown,ghidra-12.1.3-initial-inventory
0x0045ED98,unknown,,review,unknown,ghidra-12.1.3-initial-inventory
0x0045EF6D,unknown,,review,unknown,ghidra-12.1.3-initial-inventory
0x0045EF77,unknown,,review,unknown,ghidra-12.1.3-initial-inventory
0x0045EFAB,unknown,,review,unknown,ghidra-12.1.3-initial-inventory
0x0045F268,unknown,,review,unknown,ghidra-12.1.3-initial-inventory
0x0045F2B4,unknown,,review,unknown,ghidra-12.1.3-initial-inventory
0x0045F728,unknown,,review,unknown,ghidra-12.1.3-initial-inventory
0x0045F8B6,unknown,,review,unknown,ghidra-12.1.3-initial-inventory
0x0045F9DC,unknown,,review,unknown,ghidra-12.1.3-initial-inventory
0x0045FA0D,unknown,,review,unknown,ghidra-12.1.3-initial-inventory
0x0045FAF5,unknown,,review,unknown,ghidra-12.1.3-initial-inventory
0x0045FC0B,unknown,,review,unknown,ghidra-12.1.3-initial-inventory
0x0045FC43,unknown,,review,unknown,ghidra-12.1.3-initial-inventory
0x0045FC72,unknown,,review,unknown,ghidra-12.1.3-initial-inventory
0x0045FCA3,unknown,,review,unknown,ghidra-12.1.3-initial-inventory
0x0045FDF3,unknown,,review,unknown,ghidra-12.1.3-initial-inventory
0x0045FF17,unknown,,review,unknown,ghidra-12.1.3-initial-inventory
0x00460066,unknown,,review,unknown,ghidra-12.1.3-initial-inventory
0x004601B9,unknown,,review,unknown,ghidra-12.1.3-initial-inventory
0x004602F8,unknown,,review,unknown,ghidra-12.1.3-initial-inventory
0x00460393,unknown,,review,unknown,ghidra-12.1.3-initial-inventory
0x004604DF,unknown,,review,unknown,ghidra-12.1.3-initial-inventory
0x00460600,unknown,,review,unknown,ghidra-12.1.3-initial-inventory
0x0046074C,unknown,,review,unknown,ghidra-12.1.3-initial-inventory
0x0046088B,unknown,,review,unknown,ghidra-12.1.3-initial-inventory
0x004609C3,unknown,,review,unknown,ghidra-12.1.3-initial-inventory
0x00460AB4,unknown,,review,unknown,ghidra-12.1.3-initial-inventory
0x00460CB6,unknown,,review,unknown,ghidra-12.1.3-initial-inventory
0x00460EBA,unknown,,review,unknown,ghidra-12.1.3-initial-inventory
0x004612DD,unknown,,review,unknown,ghidra-12.1.3-initial-inventory
0x0046176F,unknown,,review,unknown,ghidra-12.1.3-initial-inventory
0x0046186F,unknown,,review,unknown,ghidra-12.1.3-initial-inventory
0x00461C55,unknown,,review,unknown,ghidra-12.1.3-initial-inventory
0x00462386,unknown,,review,unknown,ghidra-12.1.3-initial-inventory
0x00462728,unknown,,review,unknown,ghidra-12.1.3-initial-inventory
0x00462842,unknown,,review,unknown,ghidra-12.1.3-initial-inventory
0x00462852,unknown,,review,unknown,ghidra-12.1.3-initial-inventory
0x004628BB,unknown,,review,unknown,ghidra-12.1.3-initial-inventory
0x004628C1,unknown,,review,unknown,ghidra-12.1.3-initial-inventory
0x004628D7,unknown,,review,unknown,ghidra-12.1.3-initial-inventory
0x004628DC,unknown,,review,unknown,ghidra-12.1.3-initial-inventory
0x00462CEF,unknown,,review,unknown,ghidra-12.1.3-initial-inventory
0x00462CF4,unknown,,review,unknown,ghidra-12.1.3-initial-inventory
0x0046304F,unknown,,review,unknown,ghidra-12.1.3-initial-inventory
0x00463065,unknown,,review,unknown,ghidra-12.1.3-initial-inventory
0x0046335C,unknown,,review,unknown,ghidra-12.1.3-initial-inventory
0x004633FC,unknown,,review,unknown,ghidra-12.1.3-initial-inventory
0x004637F6,unknown,,review,unknown,ghidra-12.1.3-initial-inventory
0x00463819,unknown,,review,unknown,ghidra-12.1.3-initial-inventory
0x00463A65,unknown,,review,unknown,ghidra-12.1.3-initial-inventory
0x00463A81,unknown,,review,unknown,ghidra-12.1.3-initial-inventory
0x00463AFC,unknown,,review,unknown,ghidra-12.1.3-initial-inventory
0x00463BC8,unknown,,review,unknown,ghidra-12.1.3-initial-inventory
0x00463C38,unknown,,review,unknown,ghidra-12.1.3-initial-inventory
0x00463D24,unknown,,review,unknown,ghidra-12.1.3-initial-inventory
0x00463E47,unknown,,review,unknown,ghidra-12.1.3-initial-inventory
0x00463F48,unknown,,review,unknown,ghidra-12.1.3-initial-inventory
0x00464049,unknown,,review,unknown,ghidra-12.1.3-initial-inventory
0x0046414A,unknown,,review,unknown,ghidra-12.1.3-initial-inventory
0x00464267,unknown,,review,unknown,ghidra-12.1.3-initial-inventory
0x0046438A,unknown,,review,unknown,ghidra-12.1.3-initial-inventory
0x00464488,unknown,,review,unknown,ghidra-12.1.3-initial-inventory
0x00464531,unknown,,review,unknown,ghidra-12.1.3-initial-inventory
0x00464654,unknown,,review,unknown,ghidra-12.1.3-initial-inventory
0x00464755,unknown,,review,unknown,ghidra-12.1.3-initial-inventory
0x00464878,unknown,,review,unknown,ghidra-12.1.3-initial-inventory
0x00464948,unknown,,review,unknown,ghidra-12.1.3-initial-inventory
0x00464A60,unknown,,review,unknown,ghidra-12.1.3-initial-inventory
0x00464B25,unknown,,review,unknown,ghidra-12.1.3-initial-inventory
0x00464BEA,unknown,,review,unknown,ghidra-12.1.3-initial-inventory
0x00464CE0,unknown,,review,unknown,ghidra-12.1.3-initial-inventory
0x00464DCB,unknown,,review,unknown,ghidra-12.1.3-initial-inventory
0x00464EA0,unknown,,review,unknown,ghidra-12.1.3-initial-inventory
0x00464FA5,unknown,,review,unknown,ghidra-12.1.3-initial-inventory
0x004650B0,unknown,,review,unknown,ghidra-12.1.3-initial-inventory
0x004651EA,unknown,,review,unknown,ghidra-12.1.3-initial-inventory
0x004652C0,unknown,,review,unknown,ghidra-12.1.3-initial-inventory
0x004653CA,unknown,,review,unknown,ghidra-12.1.3-initial-inventory
0x00465500,unknown,,review,unknown,ghidra-12.1.3-initial-inventory
0x004655C7,unknown,,review,unknown,ghidra-12.1.3-initial-inventory
0x004656B5,unknown,,review,unknown,ghidra-12.1.3-initial-inventory
0x004657A4,unknown,,review,unknown,ghidra-12.1.3-initial-inventory
0x00465900,unknown,,review,unknown,ghidra-12.1.3-initial-inventory
0x0046598C,unknown,,review,unknown,ghidra-12.1.3-initial-inventory
0x00465A32,unknown,,review,unknown,ghidra-12.1.3-initial-inventory
0x00465ACE,unknown,,review,unknown,ghidra-12.1.3-initial-inventory
0x00465B73,unknown,,review,unknown,ghidra-12.1.3-initial-inventory
0x00465C15,unknown,,review,unknown,ghidra-12.1.3-initial-inventory
0x00465CC5,unknown,,review,unknown,ghidra-12.1.3-initial-inventory
0x00465D74,unknown,,review,unknown,ghidra-12.1.3-initial-inventory
0x00465E4A,unknown,,review,unknown,ghidra-12.1.3-initial-inventory
0x00465EDC,unknown,,review,unknown,ghidra-12.1.3-initial-inventory
0x00465F7E,unknown,,review,unknown,ghidra-12.1.3-initial-inventory
0x00465FF0,unknown,,review,unknown,ghidra-12.1.3-initial-inventory
0x004660A2,unknown,,review,unknown,ghidra-12.1.3-initial-inventory
0x00466141,unknown,,review,unknown,ghidra-12.1.3-initial-inventory
0x0046622C,unknown,,review,unknown,ghidra-12.1.3-initial-inventory
0x0046629A,unknown,,review,unknown,ghidra-12.1.3-initial-inventory
0x00466323,unknown,,review,unknown,ghidra-12.1.3-initial-inventory
0x004663AC,unknown,,review,unknown,ghidra-12.1.3-initial-inventory
0x0046642E,unknown,,review,unknown,ghidra-12.1.3-initial-inventory
0x004664DF,unknown,,review,unknown,ghidra-12.1.3-initial-inventory
0x00466570,unknown,,review,unknown,ghidra-12.1.3-initial-inventory
0x00466607,unknown,,review,unknown,ghidra-12.1.3-initial-inventory
0x0046668A,unknown,,review,unknown,ghidra-12.1.3-initial-inventory
0x00466744,unknown,,review,unknown,ghidra-12.1.3-initial-inventory
0x00466817,unknown,,review,unknown,ghidra-12.1.3-initial-inventory
0x00466887,unknown,,review,unknown,ghidra-12.1.3-initial-inventory
0x00466915,unknown,,review,unknown,ghidra-12.1.3-initial-inventory
0x004669A1,unknown,,review,unknown,ghidra-12.1.3-initial-inventory
0x00466A81,unknown,,review,unknown,ghidra-12.1.3-initial-inventory
0x00466A9D,unknown,,review,unknown,ghidra-12.1.3-initial-inventory
0x00466B95,unknown,,review,unknown,ghidra-12.1.3-initial-inventory
0x00466BB1,unknown,,review,unknown,ghidra-12.1.3-initial-inventory
0x00466BCD,unknown,,review,unknown,ghidra-12.1.3-initial-inventory
0x00466BE9,unknown,,review,unknown,ghidra-12.1.3-initial-inventory
0x00466DD5,unknown,,review,unknown,ghidra-12.1.3-initial-inventory
0x00466DDA,unknown,,review,unknown,ghidra-12.1.3-initial-inventory
0x00466DF6,unknown,,review,unknown,ghidra-12.1.3-initial-inventory
0x00466E12,unknown,,review,unknown,ghidra-12.1.3-initial-inventory
0x004670E3,unknown,,review,unknown,ghidra-12.1.3-initial-inventory
0x004670FF,unknown,,review,unknown,ghidra-12.1.3-initial-inventory
0x0046711B,unknown,,review,unknown,ghidra-12.1.3-initial-inventory
0x00467137,unknown,,review,unknown,ghidra-12.1.3-initial-inventory
0x00467153,unknown,,review,unknown,ghidra-12.1.3-initial-inventory
0x0046716F,unknown,,review,unknown,ghidra-12.1.3-initial-inventory
0x004671FC,unknown,,review,unknown,ghidra-12.1.3-initial-inventory
0x00467287,unknown,,review,unknown,ghidra-12.1.3-initial-inventory
0x004672A3,unknown,,review,unknown,ghidra-12.1.3-initial-inventory
0x00467495,unknown,,review,unknown,ghidra-12.1.3-initial-inventory
0x004674B1,unknown,,review,unknown,ghidra-12.1.3-initial-inventory
0x004674CD,unknown,,review,unknown,ghidra-12.1.3-initial-inventory
0x004674E9,unknown,,review,unknown,ghidra-12.1.3-initial-inventory
0x00467505,unknown,,review,unknown,ghidra-12.1.3-initial-inventory
0x00467521,unknown,,review,unknown,ghidra-12.1.3-initial-inventory
0x0046753D,unknown,,review,unknown,ghidra-12.1.3-initial-inventory
0x0046763E,unknown,,review,unknown,ghidra-12.1.3-initial-inventory
0x0046765A,unknown,,review,unknown,ghidra-12.1.3-initial-inventory
0x00467676,unknown,,review,unknown,ghidra-12.1.3-initial-inventory
0x00467692,unknown,,review,unknown,ghidra-12.1.3-initial-inventory
0x004676AE,unknown,,review,unknown,ghidra-12.1.3-initial-inventory
0x004676CA,unknown,,review,unknown,ghidra-12.1.3-initial-inventory
0x004676E6,unknown,,review,unknown,ghidra-12.1.3-initial-inventory
0x00467702,unknown,,review,unknown,ghidra-12.1.3-initial-inventory
0x0046771E,unknown,,review,unknown,ghidra-12.1.3-initial-inventory
0x0046773A,unknown,,review,unknown,ghidra-12.1.3-initial-inventory
0x004679E3,unknown,,review,unknown,ghidra-12.1.3-initial-inventory
0x004679FF,unknown,,review,unknown,ghidra-12.1.3-initial-inventory
0x00467A1B,unknown,,review,unknown,ghidra-12.1.3-initial-inventory
0x00467A37,unknown,,review,unknown,ghidra-12.1.3-initial-inventory
0x00467A3C,unknown,,review,unknown,ghidra-12.1.3-initial-inventory
0x00467A54,unknown,,review,unknown,ghidra-12.1.3-initial-inventory
0x00467A70,unknown,,review,unknown,ghidra-12.1.3-initial-inventory
0x00467AB9,unknown,,review,unknown,ghidra-12.1.3-initial-inventory
0x00467AD1,unknown,,review,unknown,ghidra-12.1.3-initial-inventory
0x00468249,unknown,,review,unknown,ghidra-12.1.3-initial-inventory
0x00468265,unknown,,review,unknown,ghidra-12.1.3-initial-inventory
0x00468270,unknown,,review,unknown,ghidra-12.1.3-initial-inventory
0x00468380,unknown,,review,unknown,ghidra-12.1.3-initial-inventory
0x00468490,unknown,,review,unknown,ghidra-12.1.3-initial-inventory
0x00468565,unknown,,review,unknown,ghidra-12.1.3-initial-inventory
0x004689AC,unknown,,review,unknown,ghidra-12.1.3-initial-inventory
0x00468A76,unknown,,review,unknown,ghidra-12.1.3-initial-inventory
0x00468B59,unknown,,review,unknown,ghidra-12.1.3-initial-inventory
0x00468BE7,unknown,,review,unknown,ghidra-12.1.3-initial-inventory
0x00468C23,unknown,,review,unknown,ghidra-12.1.3-initial-inventory
0x00468CE3,unknown,,review,unknown,ghidra-12.1.3-initial-inventory
0x00468CE8,unknown,,review,unknown,ghidra-12.1.3-initial-inventory
0x00468E5B,unknown,,review,unknown,ghidra-12.1.3-initial-inventory
0x00468EF5,unknown,,review,unknown,ghidra-12.1.3-initial-inventory
0x00468F9C,unknown,,review,unknown,ghidra-12.1.3-initial-inventory
0x00468FFF,unknown,,review,unknown,ghidra-12.1.3-initial-inventory
0x004690A8,unknown,,review,unknown,ghidra-12.1.3-initial-inventory
0x0046912C,unknown,,review,unknown,ghidra-12.1.3-initial-inventory
0x004691ED,unknown,,review,unknown,ghidra-12.1.3-initial-inventory
0x0046927B,unknown,,review,unknown,ghidra-12.1.3-initial-inventory
0x00469576,unknown,,review,unknown,ghidra-12.1.3-initial-inventory
0x00469828,unknown,,review,unknown,ghidra-12.1.3-initial-inventory
0x00469A64,unknown,,review,unknown,ghidra-12.1.3-initial-inventory
0x00469BDE,unknown,,review,unknown,ghidra-12.1.3-initial-inventory
0x00469D35,unknown,,review,unknown,ghidra-12.1.3-initial-inventory
0x00469FC9,unknown,,review,unknown,ghidra-12.1.3-initial-inventory
0x0046A1F2,unknown,,review,unknown,ghidra-12.1.3-initial-inventory
0x0046A2C9,unknown,,review,unknown,ghidra-12.1.3-initial-inventory
0x0046A365,unknown,,review,unknown,ghidra-12.1.3-initial-inventory
0x0046A43C,unknown,,review,unknown,ghidra-12.1.3-initial-inventory
0x0046A6C0,unknown,,review,unknown,ghidra-12.1.3-initial-inventory
0x0046A82D,unknown,,review,unknown,ghidra-12.1.3-initial-inventory
0x0046A857,unknown,,review,unknown,ghidra-12.1.3-initial-inventory
0x0046A8D4,unknown,,review,unknown,ghidra-12.1.3-initial-inventory
0x0046A9E5,unknown,,review,unknown,ghidra-12.1.3-initial-inventory
0x0046AA31,unknown,,review,unknown,ghidra-12.1.3-initial-inventory
0x0046AAB8,unknown,,review,unknown,ghidra-12.1.3-initial-inventory
0x0046AAD2,unknown,,review,unknown,ghidra-12.1.3-initial-inventory
0x0046AAF0,unknown,,review,unknown,ghidra-12.1.3-initial-inventory
0x0046AB05,unknown,,review,unknown,ghidra-12.1.3-initial-inventory
0x0046AB2A,unknown,,review,unknown,ghidra-12.1.3-initial-inventory
0x0046AB4F,unknown,,review,unknown,ghidra-12.1.3-initial-inventory
0x0046AC52,unknown,,review,unknown,ghidra-12.1.3-initial-inventory
0x0046ADC5,unknown,,review,unknown,ghidra-12.1.3-initial-inventory
0x0046ADE5,unknown,,review,unknown,ghidra-12.1.3-initial-inventory
0x0046B18C,unknown,,review,unknown,ghidra-12.1.3-initial-inventory
0x0046B1D9,unknown,,review,unknown,ghidra-12.1.3-initial-inventory
0x0046B2FC,unknown,,review,unknown,ghidra-12.1.3-initial-inventory
0x0046B37D,unknown,,review,unknown,ghidra-12.1.3-initial-inventory
0x0046B397,unknown,,review,unknown,ghidra-12.1.3-initial-inventory
0x0046B3AD,unknown,,review,unknown,ghidra-12.1.3-initial-inventory
0x0046B3C3,unknown,,review,unknown,ghidra-12.1.3-initial-inventory
0x0046B3EC,unknown,,review,unknown,ghidra-12.1.3-initial-inventory
0x0046B417,unknown,,review,unknown,ghidra-12.1.3-initial-inventory
0x0046B4E8,unknown,,review,unknown,ghidra-12.1.3-initial-inventory
0x0046B51B,unknown,,review,unknown,ghidra-12.1.3-initial-inventory
0x0046B582,unknown,,review,unknown,ghidra-12.1.3-initial-inventory
0x0046B58B,unknown,,review,unknown,ghidra-12.1.3-initial-inventory
0x0046B59D,unknown,,review,unknown,ghidra-12.1.3-initial-inventory
0x0046B5B6,unknown,,review,unknown,ghidra-12.1.3-initial-inventory
0x0046B5CF,unknown,,review,unknown,ghidra-12.1.3-initial-inventory
0x0046B61C,unknown,,review,unknown,ghidra-12.1.3-initial-inventory
0x0046B649,unknown,,review,unknown,ghidra-12.1.3-initial-inventory
0x0046B708,unknown,,review,unknown,ghidra-12.1.3-initial-inventory
0x0046B73E,unknown,,review,unknown,ghidra-12.1.3-initial-inventory
0x0046B747,unknown,,review,unknown,ghidra-12.1.3-initial-inventory
0x0046B832,unknown,,review,unknown,ghidra-12.1.3-initial-inventory
0x0046B942,unknown,,review,unknown,ghidra-12.1.3-initial-inventory
0x0046BAB9,unknown,,review,unknown,ghidra-12.1.3-initial-inventory
0x0046BAFD,unknown,,review,unknown,ghidra-12.1.3-initial-inventory
0x0046BD35,unknown,,review,unknown,ghidra-12.1.3-initial-inventory
0x0046C083,unknown,,review,unknown,ghidra-12.1.3-initial-inventory
0x0046C28B,unknown,,review,unknown,ghidra-12.1.3-initial-inventory
0x0046C5DD,unknown,,review,unknown,ghidra-12.1.3-initial-inventory
0x0046C6EB,unknown,,review,unknown,ghidra-12.1.3-initial-inventory
0x0046C9F4,unknown,,review,unknown,ghidra-12.1.3-initial-inventory
0x0046CB07,unknown,,review,unknown,ghidra-12.1.3-initial-inventory
0x0046CCBF,unknown,,review,unknown,ghidra-12.1.3-initial-inventory
0x0046CCDA,unknown,,review,unknown,ghidra-12.1.3-initial-inventory
0x0046CD7B,unknown,,review,unknown,ghidra-12.1.3-initial-inventory
0x0046CD9F,unknown,,review,unknown,ghidra-12.1.3-initial-inventory
0x0046CDBA,unknown,,review,unknown,ghidra-12.1.3-initial-inventory
0x0046CDF3,unknown,,review,unknown,ghidra-12.1.3-initial-inventory
0x0046CE3A,unknown,,review,unknown,ghidra-12.1.3-initial-inventory
0x0046CE62,unknown,,review,unknown,ghidra-12.1.3-initial-inventory
0x0046CEA1,unknown,,review,unknown,ghidra-12.1.3-initial-inventory
0x0046CEE9,unknown,,review,unknown,ghidra-12.1.3-initial-inventory
0x0046CF3C,unknown,,review,unknown,ghidra-12.1.3-initial-inventory
0x0046CF41,unknown,,review,unknown,ghidra-12.1.3-initial-inventory
0x0046CF59,unknown,,review,unknown,ghidra-12.1.3-initial-inventory
0x0046CF98,unknown,,review,unknown,ghidra-12.1.3-initial-inventory
0x0046CFA6,unknown,,review,unknown,ghidra-12.1.3-initial-inventory
0x0046CFCC,unknown,,review,unknown,ghidra-12.1.3-initial-inventory
0x0046D018,unknown,,review,unknown,ghidra-12.1.3-initial-inventory
0x0046D096,unknown,,review,unknown,ghidra-12.1.3-initial-inventory
0x0046D0C6,unknown,,review,unknown,ghidra-12.1.3-initial-inventory
0x0046D0E9,unknown,,review,unknown,ghidra-12.1.3-initial-inventory
0x0046D1E3,unknown,,review,unknown,ghidra-12.1.3-initial-inventory
0x0046D4E8,unknown,,review,unknown,ghidra-12.1.3-initial-inventory
0x0046DA53,unknown,,review,unknown,ghidra-12.1.3-initial-inventory
0x0046E257,unknown,,review,unknown,ghidra-12.1.3-initial-inventory
0x0046E395,unknown,,review,unknown,ghidra-12.1.3-initial-inventory
0x0046E418,unknown,,review,unknown,ghidra-12.1.3-initial-inventory
0x0046E56C,unknown,,review,unknown,ghidra-12.1.3-initial-inventory
0x0046E680,unknown,,review,unknown,ghidra-12.1.3-initial-inventory
0x0046EB18,unknown,,review,unknown,ghidra-12.1.3-initial-inventory
0x0046EB4C,unknown,,review,unknown,ghidra-12.1.3-initial-inventory
0x0046EB80,unknown,,review,unknown,ghidra-12.1.3-initial-inventory
0x0046EBC0,unknown,,review,unknown,ghidra-12.1.3-initial-inventory
0x00470F46,unknown,,review,unknown,ghidra-12.1.3-initial-inventory
0x004714EF,unknown,,review,unknown,ghidra-12.1.3-initial-inventory
0x0047155B,unknown,,review,unknown,ghidra-12.1.3-initial-inventory
0x00471692,unknown,,review,unknown,ghidra-12.1.3-initial-inventory
0x0047171F,unknown,,review,unknown,ghidra-12.1.3-initial-inventory
0x00471815,unknown,,review,unknown,ghidra-12.1.3-initial-inventory
0x00471961,unknown,,review,unknown,ghidra-12.1.3-initial-inventory
0x00472AA2,unknown,,review,unknown,ghidra-12.1.3-initial-inventory
0x00472C62,unknown,,review,unknown,ghidra-12.1.3-initial-inventory
0x00473DFA,unknown,,review,unknown,ghidra-12.1.3-initial-inventory
0x004744D3,unknown,,review,unknown,ghidra-12.1.3-initial-inventory
0x004745EC,unknown,,review,unknown,ghidra-12.1.3-initial-inventory
0x00475740,unknown,,review,unknown,ghidra-12.1.3-initial-inventory
0x00475E1A,unknown,,review,unknown,ghidra-12.1.3-initial-inventory
0x00476242,unknown,,review,unknown,ghidra-12.1.3-initial-inventory
0x004764D0,unknown,,review,unknown,ghidra-12.1.3-initial-inventory
0x0047655B,unknown,,review,unknown,ghidra-12.1.3-initial-inventory
0x00476727,unknown,,review,unknown,ghidra-12.1.3-initial-inventory
0x004768AF,unknown,,review,unknown,ghidra-12.1.3-initial-inventory
0x00476AD5,unknown,,review,unknown,ghidra-12.1.3-initial-inventory
0x004774F8,unknown,,review,unknown,ghidra-12.1.3-initial-inventory
0x004775DA,unknown,,review,unknown,ghidra-12.1.3-initial-inventory
0x004775EA,unknown,,review,unknown,ghidra-12.1.3-initial-inventory
0x00477602,unknown,,review,unknown,ghidra-12.1.3-initial-inventory
0x00477649,unknown,,review,unknown,ghidra-12.1.3-initial-inventory
0x0047766B,unknown,,review,unknown,ghidra-12.1.3-initial-inventory
0x00477686,unknown,,review,unknown,ghidra-12.1.3-initial-inventory
0x004776B8,unknown,,review,unknown,ghidra-12.1.3-initial-inventory
0x00477873,unknown,,review,unknown,ghidra-12.1.3-initial-inventory
0x004779E9,unknown,,review,unknown,ghidra-12.1.3-initial-inventory
0x00477A7B,unknown,,review,unknown,ghidra-12.1.3-initial-inventory
0x00477B48,unknown,,review,unknown,ghidra-12.1.3-initial-inventory
0x00477B90,unknown,,review,unknown,ghidra-12.1.3-initial-inventory
0x00477BD1,unknown,,review,unknown,ghidra-12.1.3-initial-inventory
0x00477BE6,unknown,,review,unknown,ghidra-12.1.3-initial-inventory
0x00477CE2,unknown,,review,unknown,ghidra-12.1.3-initial-inventory
0x00477D70,unknown,,review,unknown,ghidra-12.1.3-initial-inventory
0x00477E02,unknown,,review,unknown,ghidra-12.1.3-initial-inventory
0x00477EA0,unknown,,review,unknown,ghidra-12.1.3-initial-inventory
0x00477F01,unknown,,review,unknown,ghidra-12.1.3-initial-inventory
0x00477F62,unknown,,review,unknown,ghidra-12.1.3-initial-inventory
0x004780E1,unknown,,review,unknown,ghidra-12.1.3-initial-inventory
0x00478169,unknown,,review,unknown,ghidra-12.1.3-initial-inventory
0x004781F4,unknown,,review,unknown,ghidra-12.1.3-initial-inventory
0x00478312,unknown,,review,unknown,ghidra-12.1.3-initial-inventory
0x00478435,unknown,,review,unknown,ghidra-12.1.3-initial-inventory
0x00478516,unknown,,review,unknown,ghidra-12.1.3-initial-inventory
0x00478546,unknown,,review,unknown,ghidra-12.1.3-initial-inventory
0x004785FA,unknown,,review,unknown,ghidra-12.1.3-initial-inventory
0x0047861C,unknown,,review,unknown,ghidra-12.1.3-initial-inventory
0x00478637,unknown,,review,unknown,ghidra-12.1.3-initial-inventory
0x00478653,unknown,,review,unknown,ghidra-12.1.3-initial-inventory
0x0047866F,unknown,,review,unknown,ghidra-12.1.3-initial-inventory
0x004786E0,unknown,,review,unknown,ghidra-12.1.3-initial-inventory
0x004788CF,unknown,,review,unknown,ghidra-12.1.3-initial-inventory
0x0047893E,unknown,,review,unknown,ghidra-12.1.3-initial-inventory
0x00478C39,unknown,,review,unknown,ghidra-12.1.3-initial-inventory
0x00478C69,unknown,,review,unknown,ghidra-12.1.3-initial-inventory
0x00478CA8,unknown,,review,unknown,ghidra-12.1.3-initial-inventory
0x00478CE6,unknown,,review,unknown,ghidra-12.1.3-initial-inventory
0x00478DCB,unknown,,review,unknown,ghidra-12.1.3-initial-inventory
0x00478DE2,unknown,,review,unknown,ghidra-12.1.3-initial-inventory
0x00479149,unknown,,review,unknown,ghidra-12.1.3-initial-inventory
0x0047918B,unknown,,review,unknown,ghidra-12.1.3-initial-inventory
0x00479198,unknown,,review,unknown,ghidra-12.1.3-initial-inventory
0x004791CE,unknown,,review,unknown,ghidra-12.1.3-initial-inventory
0x004791E7,unknown,,review,unknown,ghidra-12.1.3-initial-inventory
0x0047920A,unknown,,review,unknown,ghidra-12.1.3-initial-inventory
0x0047923B,unknown,,review,unknown,ghidra-12.1.3-initial-inventory
0x0047925E,unknown,,review,unknown,ghidra-12.1.3-initial-inventory
0x00479278,unknown,,review,unknown,ghidra-12.1.3-initial-inventory
0x004792D6,unknown,,review,unknown,ghidra-12.1.3-initial-inventory
0x00479338,unknown,,review,unknown,ghidra-12.1.3-initial-inventory
0x0047954E,unknown,,review,unknown,ghidra-12.1.3-initial-inventory
0x00479817,unknown,,review,unknown,ghidra-12.1.3-initial-inventory
0x00479992,unknown,,review,unknown,ghidra-12.1.3-initial-inventory
0x00479B2E,unknown,,review,unknown,ghidra-12.1.3-initial-inventory
0x00479BBA,unknown,,review,unknown,ghidra-12.1.3-initial-inventory
0x00479DB0,unknown,,review,unknown,ghidra-12.1.3-initial-inventory
0x00479EDA,unknown,,review,unknown,ghidra-12.1.3-initial-inventory
0x00479F24,unknown,,review,unknown,ghidra-12.1.3-initial-inventory
0x0047A02F,unknown,,review,unknown,ghidra-12.1.3-initial-inventory
0x0047A11E,unknown,,review,unknown,ghidra-12.1.3-initial-inventory
0x0047A2D5,unknown,,review,unknown,ghidra-12.1.3-initial-inventory
0x0047A31F,unknown,,review,unknown,ghidra-12.1.3-initial-inventory
0x0047A543,unknown,,review,unknown,ghidra-12.1.3-initial-inventory
0x0047A650,unknown,,review,unknown,ghidra-12.1.3-initial-inventory
0x0047A840,unknown,,review,unknown,ghidra-12.1.3-initial-inventory
0x0047A930,unknown,,review,unknown,ghidra-12.1.3-initial-inventory
0x0047AB40,unknown,,review,unknown,ghidra-12.1.3-initial-inventory
0x0047AC40,unknown,,review,unknown,ghidra-12.1.3-initial-inventory
0x0047B220,unknown,,review,unknown,ghidra-12.1.3-initial-inventory
0x0047B340,unknown,,review,unknown,ghidra-12.1.3-initial-inventory
0x0047B738,unknown,,review,unknown,ghidra-12.1.3-initial-inventory
0x0047B743,unknown,,review,unknown,ghidra-12.1.3-initial-inventory
0x0047B74E,unknown,,review,unknown,ghidra-12.1.3-initial-inventory
0x0047B753,unknown,,review,unknown,ghidra-12.1.3-initial-inventory
0x0047B767,unknown,,review,unknown,ghidra-12.1.3-initial-inventory
0x0047B80F,unknown,,review,unknown,ghidra-12.1.3-initial-inventory
0x0047B940,unknown,,review,unknown,ghidra-12.1.3-initial-inventory
0x0047BA14,unknown,,review,unknown,ghidra-12.1.3-initial-inventory
0x0047BAAA,unknown,,review,unknown,ghidra-12.1.3-initial-inventory
0x0047BB12,unknown,,review,unknown,ghidra-12.1.3-initial-inventory
0x0047BCA5,unknown,,review,unknown,ghidra-12.1.3-initial-inventory
0x0047BD78,unknown,,review,unknown,ghidra-12.1.3-initial-inventory
0x0047BDC7,unknown,,review,unknown,ghidra-12.1.3-initial-inventory
0x0047BFA1,unknown,,review,unknown,ghidra-12.1.3-initial-inventory
0x0047C140,unknown,,review,unknown,ghidra-12.1.3-initial-inventory
0x0047C2A6,unknown,,review,unknown,ghidra-12.1.3-initial-inventory
0x0047C8A6,unknown,,review,unknown,ghidra-12.1.3-initial-inventory
0x0047C8E1,unknown,,review,unknown,ghidra-12.1.3-initial-inventory
0x0047C9D9,unknown,,review,unknown,ghidra-12.1.3-initial-inventory
0x0047CB83,unknown,,review,unknown,ghidra-12.1.3-initial-inventory
0x0047CC6D,unknown,,review,unknown,ghidra-12.1.3-initial-inventory
0x0047CD57,unknown,,review,unknown,ghidra-12.1.3-initial-inventory
0x0047CDB5,unknown,,review,unknown,ghidra-12.1.3-initial-inventory
0x0047D182,unknown,,review,unknown,ghidra-12.1.3-initial-inventory
0x0047D2B1,unknown,,review,unknown,ghidra-12.1.3-initial-inventory
0x0047D2EB,unknown,,review,unknown,ghidra-12.1.3-initial-inventory
0x0047D346,unknown,,review,unknown,ghidra-12.1.3-initial-inventory
0x0047D543,unknown,,review,unknown,ghidra-12.1.3-initial-inventory
0x0047D76C,unknown,,review,unknown,ghidra-12.1.3-initial-inventory
0x0047D84E,unknown,,review,unknown,ghidra-12.1.3-initial-inventory
0x0047DBBC,unknown,,review,unknown,ghidra-12.1.3-initial-inventory
0x0047DE5F,unknown,,review,unknown,ghidra-12.1.3-initial-inventory
0x0047DEC0,unknown,,review,unknown,ghidra-12.1.3-initial-inventory
0x0047E077,unknown,,review,unknown,ghidra-12.1.3-initial-inventory
0x0047E0EB,unknown,,review,unknown,ghidra-12.1.3-initial-inventory
0x0047E150,unknown,,review,unknown,ghidra-12.1.3-initial-inventory
0x0047E1E0,unknown,,review,unknown,ghidra-12.1.3-initial-inventory
0x0047E312,unknown,,review,unknown,ghidra-12.1.3-initial-inventory
0x0047E3AF,unknown,,review,unknown,ghidra-12.1.3-initial-inventory
0x0047E488,unknown,,review,unknown,ghidra-12.1.3-initial-inventory
0x0047E565,unknown,,review,unknown,ghidra-12.1.3-initial-inventory
0x0047E5BC,unknown,,review,unknown,ghidra-12.1.3-initial-inventory
0x0047E626,unknown,,review,unknown,ghidra-12.1.3-initial-inventory
0x0047E6CA,unknown,,review,unknown,ghidra-12.1.3-initial-inventory
0x0047E7D1,unknown,,review,unknown,ghidra-12.1.3-initial-inventory
0x0047E992,unknown,,review,unknown,ghidra-12.1.3-initial-inventory
0x0047EA42,unknown,,review,unknown,ghidra-12.1.3-initial-inventory
0x0047EAAD,unknown,,review,unknown,ghidra-12.1.3-initial-inventory
0x0047EAD0,unknown,,review,unknown,ghidra-12.1.3-initial-inventory
0x0047EC02,unknown,,review,unknown,ghidra-12.1.3-initial-inventory
0x0047ED3E,unknown,,review,unknown,ghidra-12.1.3-initial-inventory
0x0047EF5C,unknown,,review,unknown,ghidra-12.1.3-initial-inventory
0x0047F07D,unknown,,review,unknown,ghidra-12.1.3-initial-inventory
0x0047F142,unknown,,review,unknown,ghidra-12.1.3-initial-inventory
0x0047F1E8,unknown,,review,unknown,ghidra-12.1.3-initial-inventory
0x0047F219,unknown,,review,unknown,ghidra-12.1.3-initial-inventory
0x0047F36F,unknown,,review,unknown,ghidra-12.1.3-initial-inventory
0x0047F555,unknown,,review,unknown,ghidra-12.1.3-initial-inventory
0x0047F5CA,unknown,,review,unknown,ghidra-12.1.3-initial-inventory
0x0047F636,unknown,,review,unknown,ghidra-12.1.3-initial-inventory
0x0047F96E,unknown,,review,unknown,ghidra-12.1.3-initial-inventory
0x0047FAC1,unknown,,review,unknown,ghidra-12.1.3-initial-inventory
0x0047FBF9,unknown,,review,unknown,ghidra-12.1.3-initial-inventory
0x0047FC86,unknown,,review,unknown,ghidra-12.1.3-initial-inventory
0x0047FE06,unknown,,review,unknown,ghidra-12.1.3-initial-inventory
0x0047FF20,unknown,,review,unknown,ghidra-12.1.3-initial-inventory
0x0047FFF0,unknown,,review,unknown,ghidra-12.1.3-initial-inventory
0x00480099,unknown,,review,unknown,ghidra-12.1.3-initial-inventory
0x00480307,unknown,,review,unknown,ghidra-12.1.3-initial-inventory
0x004803B9,unknown,,review,unknown,ghidra-12.1.3-initial-inventory
0x004803BA,unknown,,review,unknown,ghidra-12.1.3-initial-inventory
0x004804CB,unknown,,review,unknown,ghidra-12.1.3-initial-inventory
0x004805DE,unknown,,review,unknown,ghidra-12.1.3-initial-inventory
0x004806A9,unknown,,review,unknown,ghidra-12.1.3-initial-inventory
0x004807D6,unknown,,review,unknown,ghidra-12.1.3-initial-inventory
0x00480901,unknown,,review,unknown,ghidra-12.1.3-initial-inventory
0x004809C6,unknown,,review,unknown,ghidra-12.1.3-initial-inventory
0x00480A4E,unknown,,review,unknown,ghidra-12.1.3-initial-inventory
0x00480ADB,unknown,,review,unknown,ghidra-12.1.3-initial-inventory
0x00480BC6,unknown,,review,unknown,ghidra-12.1.3-initial-inventory
0x00480CC5,unknown,,review,unknown,ghidra-12.1.3-initial-inventory
0x00480E49,unknown,,review,unknown,ghidra-12.1.3-initial-inventory
0x00480E7F,unknown,,review,unknown,ghidra-12.1.3-initial-inventory
0x00480F5D,unknown,,review,unknown,ghidra-12.1.3-initial-inventory
0x00480FE4,unknown,,review,unknown,ghidra-12.1.3-initial-inventory
0x0048104F,unknown,,review,unknown,ghidra-12.1.3-initial-inventory
0x004810DC,unknown,,review,unknown,ghidra-12.1.3-initial-inventory
0x00481877,unknown,,review,unknown,ghidra-12.1.3-initial-inventory
0x004818AB,unknown,,review,unknown,ghidra-12.1.3-initial-inventory
0x004819C4,unknown,,review,unknown,ghidra-12.1.3-initial-inventory
0x004819D4,unknown,,review,unknown,ghidra-12.1.3-initial-inventory
0x00481CE9,unknown,,review,unknown,ghidra-12.1.3-initial-inventory
0x00481EA7,unknown,,review,unknown,ghidra-12.1.3-initial-inventory
0x00481EE4,unknown,,review,unknown,ghidra-12.1.3-initial-inventory
0x00481F30,unknown,,review,unknown,ghidra-12.1.3-initial-inventory
0x00481F7C,unknown,,review,unknown,ghidra-12.1.3-initial-inventory
0x0048235D,unknown,,review,unknown,ghidra-12.1.3-initial-inventory
0x00482391,unknown,,review,unknown,ghidra-12.1.3-initial-inventory
0x004828F5,unknown,,review,unknown,ghidra-12.1.3-initial-inventory
0x00482906,unknown,,review,unknown,ghidra-12.1.3-initial-inventory
0x00482C8B,unknown,,review,unknown,ghidra-12.1.3-initial-inventory
0x00482D0A,unknown,,review,unknown,ghidra-12.1.3-initial-inventory
0x00482E0D,unknown,,review,unknown,ghidra-12.1.3-initial-inventory
0x00482E3C,unknown,,review,unknown,ghidra-12.1.3-initial-inventory
0x00482F51,unknown,,review,unknown,ghidra-12.1.3-initial-inventory
0x004833B3,unknown,,review,unknown,ghidra-12.1.3-initial-inventory
0x00483A6B,unknown,,review,unknown,ghidra-12.1.3-initial-inventory
0x00483DC6,unknown,,review,unknown,ghidra-12.1.3-initial-inventory
0x00484B99,unknown,,review,unknown,ghidra-12.1.3-initial-inventory
0x00484E4E,unknown,,review,unknown,ghidra-12.1.3-initial-inventory
0x00484E54,unknown,,review,unknown,ghidra-12.1.3-initial-inventory
0x00484E8C,unknown,,review,unknown,ghidra-12.1.3-initial-inventory
0x00484EAA,unknown,,review,unknown,ghidra-12.1.3-initial-inventory
0x00484F01,unknown,,review,unknown,ghidra-12.1.3-initial-inventory
0x00484F81,unknown,,review,unknown,ghidra-12.1.3-initial-inventory
0x00484FA9,unknown,,review,unknown,ghidra-12.1.3-initial-inventory
0x00484FDB,unknown,,review,unknown,ghidra-12.1.3-initial-inventory
0x00484FE1,unknown,,review,unknown,ghidra-12.1.3-initial-inventory
0x00484FF3,unknown,,review,unknown,ghidra-12.1.3-initial-inventory
0x00485023,unknown,,review,unknown,ghidra-12.1.3-initial-inventory
0x0048502A,unknown,,review,unknown,ghidra-12.1.3-initial-inventory
0x0048507C,unknown,,review,unknown,ghidra-12.1.3-initial-inventory
0x004850ED,unknown,,review,unknown,ghidra-12.1.3-initial-inventory
0x004851B4,unknown,,review,unknown,ghidra-12.1.3-initial-inventory
0x00485266,unknown,,review,unknown,ghidra-12.1.3-initial-inventory
0x004852E0,unknown,,review,unknown,ghidra-12.1.3-initial-inventory
0x00485308,unknown,,review,unknown,ghidra-12.1.3-initial-inventory
0x00485329,unknown,,review,unknown,ghidra-12.1.3-initial-inventory
0x00485375,unknown,,review,unknown,ghidra-12.1.3-initial-inventory
0x004853D0,unknown,,review,unknown,ghidra-12.1.3-initial-inventory
0x00485412,unknown,,review,unknown,ghidra-12.1.3-initial-inventory
0x0048547A,unknown,,review,unknown,ghidra-12.1.3-initial-inventory
0x0048549D,unknown,,review,unknown,ghidra-12.1.3-initial-inventory
0x004854A6,unknown,,review,unknown,ghidra-12.1.3-initial-inventory
0x004854BE,unknown,,review,unknown,ghidra-12.1.3-initial-inventory
0x00485511,unknown,,review,unknown,ghidra-12.1.3-initial-inventory
0x0048552F,unknown,,review,unknown,ghidra-12.1.3-initial-inventory
0x0048558D,unknown,,review,unknown,ghidra-12.1.3-initial-inventory
0x004855D5,unknown,,review,unknown,ghidra-12.1.3-initial-inventory
0x004855ED,unknown,,review,unknown,ghidra-12.1.3-initial-inventory
0x00485637,unknown,,review,unknown,ghidra-12.1.3-initial-inventory
0x0048564F,unknown,,review,unknown,ghidra-12.1.3-initial-inventory
0x00485654,unknown,,review,unknown,ghidra-12.1.3-initial-inventory
0x00485664,unknown,,review,unknown,ghidra-12.1.3-initial-inventory
0x004856D9,unknown,,review,unknown,ghidra-12.1.3-initial-inventory
0x0048574B,unknown,,review,unknown,ghidra-12.1.3-initial-inventory
0x00485754,unknown,,review,unknown,ghidra-12.1.3-initial-inventory
0x00485780,unknown,,review,unknown,ghidra-12.1.3-initial-inventory
0x004857A0,unknown,,review,unknown,ghidra-12.1.3-initial-inventory
0x004857BD,unknown,,review,unknown,ghidra-12.1.3-initial-inventory
0x00485860,unknown,,review,unknown,ghidra-12.1.3-initial-inventory
0x0048587D,unknown,,review,unknown,ghidra-12.1.3-initial-inventory
0x00485910,unknown,,review,unknown,ghidra-12.1.3-initial-inventory
0x0048592D,unknown,,review,unknown,ghidra-12.1.3-initial-inventory
0x004859CA,unknown,,review,unknown,ghidra-12.1.3-initial-inventory
0x004859EA,unknown,,review,unknown,ghidra-12.1.3-initial-inventory
0x00485A12,unknown,,review,unknown,ghidra-12.1.3-initial-inventory
0x00485A70,unknown,,review,unknown,ghidra-12.1.3-initial-inventory
0x00485AA0,unknown,,review,unknown,ghidra-12.1.3-initial-inventory
0x00485ADD,unknown,,review,unknown,ghidra-12.1.3-initial-inventory
0x00485B0E,unknown,,review,unknown,ghidra-12.1.3-initial-inventory
0x00485BA3,unknown,,review,unknown,ghidra-12.1.3-initial-inventory
0x00485C30,unknown,,review,unknown,ghidra-12.1.3-initial-inventory
0x00485F6D,unknown,,review,unknown,ghidra-12.1.3-initial-inventory
0x00485FA0,unknown,,review,unknown,ghidra-12.1.3-initial-inventory
0x00485FBD,unknown,,review,unknown,ghidra-12.1.3-initial-inventory
0x00486060,unknown,,review,unknown,ghidra-12.1.3-initial-inventory
0x004860D0,unknown,,review,unknown,ghidra-12.1.3-initial-inventory
0x00486104,unknown,,review,unknown,ghidra-12.1.3-initial-inventory
0x00486142,unknown,,review,unknown,ghidra-12.1.3-initial-inventory
0x004861D4,unknown,,review,unknown,ghidra-12.1.3-initial-inventory
0x00486280,unknown,,review,unknown,ghidra-12.1.3-initial-inventory
0x00486340,unknown,,review,unknown,ghidra-12.1.3-initial-inventory
0x00486379,unknown,,review,unknown,ghidra-12.1.3-initial-inventory
0x00486401,unknown,,review,unknown,ghidra-12.1.3-initial-inventory
0x00486406,unknown,,review,unknown,ghidra-12.1.3-initial-inventory
0x0048643F,unknown,,review,unknown,ghidra-12.1.3-initial-inventory
0x004865C0,unknown,,review,unknown,ghidra-12.1.3-initial-inventory
0x00486730,unknown,,review,unknown,ghidra-12.1.3-initial-inventory
0x00486788,unknown,,review,unknown,ghidra-12.1.3-initial-inventory
0x00486810,unknown,,review,unknown,ghidra-12.1.3-initial-inventory
0x0048682D,unknown,,review,unknown,ghidra-12.1.3-initial-inventory
0x004868DB,unknown,,review,unknown,ghidra-12.1.3-initial-inventory
0x00486A1E,unknown,,review,unknown,ghidra-12.1.3-initial-inventory
0x00486A54,unknown,,review,unknown,ghidra-12.1.3-initial-inventory
0x00486A79,unknown,,review,unknown,ghidra-12.1.3-initial-inventory
0x00486A9D,unknown,,review,unknown,ghidra-12.1.3-initial-inventory
0x00486C72,unknown,,review,unknown,ghidra-12.1.3-initial-inventory
0x00486C87,unknown,,review,unknown,ghidra-12.1.3-initial-inventory
0x00486D24,unknown,,review,unknown,ghidra-12.1.3-initial-inventory
0x00486D44,unknown,,review,unknown,ghidra-12.1.3-initial-inventory
0x00486DC0,unknown,,review,unknown,ghidra-12.1.3-initial-inventory
0x00486E3B,unknown,,review,unknown,ghidra-12.1.3-initial-inventory
0x00486E75,unknown,,review,unknown,ghidra-12.1.3-initial-inventory
0x00486EB0,unknown,,review,unknown,ghidra-12.1.3-initial-inventory
0x00486F20,unknown,,review,unknown,ghidra-12.1.3-initial-inventory
0x00486F7D,unknown,,review,unknown,ghidra-12.1.3-initial-inventory
0x00487142,unknown,,review,unknown,ghidra-12.1.3-initial-inventory
0x00487170,unknown,,review,unknown,ghidra-12.1.3-initial-inventory
0x0048718F,unknown,,review,unknown,ghidra-12.1.3-initial-inventory
0x004871BF,unknown,,review,unknown,ghidra-12.1.3-initial-inventory
0x004871C8,unknown,,review,unknown,ghidra-12.1.3-initial-inventory
0x004871D1,unknown,,review,unknown,ghidra-12.1.3-initial-inventory
0x004871E9,unknown,,review,unknown,ghidra-12.1.3-initial-inventory
0x00487253,unknown,,review,unknown,ghidra-12.1.3-initial-inventory
0x00487302,unknown,,review,unknown,ghidra-12.1.3-initial-inventory
0x00487316,unknown,,review,unknown,ghidra-12.1.3-initial-inventory
0x00487327,unknown,,review,unknown,ghidra-12.1.3-initial-inventory
0x00487338,unknown,,review,unknown,ghidra-12.1.3-initial-inventory
0x00487356,unknown,,review,unknown,ghidra-12.1.3-initial-inventory
0x00487400,unknown,,review,unknown,ghidra-12.1.3-initial-inventory
0x00487411,unknown,,review,unknown,ghidra-12.1.3-initial-inventory
0x004874B2,unknown,,review,unknown,ghidra-12.1.3-initial-inventory
0x004874F0,unknown,,review,unknown,ghidra-12.1.3-initial-inventory
0x0048750D,unknown,,review,unknown,ghidra-12.1.3-initial-inventory
0x004875BB,unknown,,review,unknown,ghidra-12.1.3-initial-inventory
0x00487627,unknown,,review,unknown,ghidra-12.1.3-initial-inventory
0x004876C3,unknown,,review,unknown,ghidra-12.1.3-initial-inventory
0x00487725,unknown,,review,unknown,ghidra-12.1.3-initial-inventory
0x004877BF,unknown,,review,unknown,ghidra-12.1.3-initial-inventory
0x00487810,unknown,,review,unknown,ghidra-12.1.3-initial-inventory
0x00487822,unknown,,review,unknown,ghidra-12.1.3-initial-inventory
0x00487862,unknown,,review,unknown,ghidra-12.1.3-initial-inventory
0x0048788B,unknown,,review,unknown,ghidra-12.1.3-initial-inventory
0x004879A4,unknown,,review,unknown,ghidra-12.1.3-initial-inventory
0x004879D7,unknown,,review,unknown,ghidra-12.1.3-initial-inventory
0x004879FB,unknown,,review,unknown,ghidra-12.1.3-initial-inventory
0x00487A32,unknown,,review,unknown,ghidra-12.1.3-initial-inventory
0x0048822C,unknown,,review,unknown,ghidra-12.1.3-initial-inventory
0x00488394,unknown,,review,unknown,ghidra-12.1.3-initial-inventory
0x004883D9,unknown,,review,unknown,ghidra-12.1.3-initial-inventory
0x00488446,unknown,,review,unknown,ghidra-12.1.3-initial-inventory
0x00488450,unknown,,review,unknown,ghidra-12.1.3-initial-inventory
0x0048848B,unknown,,review,unknown,ghidra-12.1.3-initial-inventory
0x0048858A,unknown,,review,unknown,ghidra-12.1.3-initial-inventory
0x004885A5,unknown,,review,unknown,ghidra-12.1.3-initial-inventory
0x00488612,unknown,,review,unknown,ghidra-12.1.3-initial-inventory
0x004886C5,unknown,,review,unknown,ghidra-12.1.3-initial-inventory
0x004886E0,unknown,,review,unknown,ghidra-12.1.3-initial-inventory
0x00488725,unknown,,review,unknown,ghidra-12.1.3-initial-inventory
0x00488744,unknown,,review,unknown,ghidra-12.1.3-initial-inventory
0x00488899,unknown,,review,unknown,ghidra-12.1.3-initial-inventory
0x00488908,unknown,,review,unknown,ghidra-12.1.3-initial-inventory
0x00488A84,unknown,,review,unknown,ghidra-12.1.3-initial-inventory
0x00488AEB,unknown,,review,unknown,ghidra-12.1.3-initial-inventory
0x00488BA9,unknown,,review,unknown,ghidra-12.1.3-initial-inventory
0x00488DAD,unknown,,review,unknown,ghidra-12.1.3-initial-inventory
0x00488E4F,unknown,,review,unknown,ghidra-12.1.3-initial-inventory
0x00488E58,unknown,,review,unknown,ghidra-12.1.3-initial-inventory
0x00488E75,unknown,,review,unknown,ghidra-12.1.3-initial-inventory
0x00488E88,unknown,,review,unknown,ghidra-12.1.3-initial-inventory
0x00488EF9,unknown,,review,unknown,ghidra-12.1.3-initial-inventory
0x0048902B,unknown,,review,unknown,ghidra-12.1.3-initial-inventory
0x00489037,unknown,,review,unknown,ghidra-12.1.3-initial-inventory
0x00489040,unknown,,review,unknown,ghidra-12.1.3-initial-inventory
0x0048906F,unknown,,review,unknown,ghidra-12.1.3-initial-inventory
0x0048915E,unknown,,review,unknown,ghidra-12.1.3-initial-inventory
0x00489193,unknown,,review,unknown,ghidra-12.1.3-initial-inventory
0x004891C0,unknown,,review,unknown,ghidra-12.1.3-initial-inventory
0x0048920C,unknown,,review,unknown,ghidra-12.1.3-initial-inventory
0x00489226,unknown,,review,unknown,ghidra-12.1.3-initial-inventory
0x00489277,unknown,,review,unknown,ghidra-12.1.3-initial-inventory
0x004892C0,unknown,,review,unknown,ghidra-12.1.3-initial-inventory
0x00489315,unknown,,review,unknown,ghidra-12.1.3-initial-inventory
0x0048932A,unknown,,review,unknown,ghidra-12.1.3-initial-inventory
0x004893C1,unknown,,review,unknown,ghidra-12.1.3-initial-inventory
0x004893CA,unknown,,review,unknown,ghidra-12.1.3-initial-inventory
0x004893FB,unknown,,review,unknown,ghidra-12.1.3-initial-inventory
0x00489443,unknown,,review,unknown,ghidra-12.1.3-initial-inventory
0x0048946E,unknown,,review,unknown,ghidra-12.1.3-initial-inventory
0x00489786,unknown,,review,unknown,ghidra-12.1.3-initial-inventory
0x0048983D,unknown,,review,unknown,ghidra-12.1.3-initial-inventory
0x00489943,unknown,,review,unknown,ghidra-12.1.3-initial-inventory
0x00489C22,unknown,,review,unknown,ghidra-12.1.3-initial-inventory
0x00489F1E,unknown,,review,unknown,ghidra-12.1.3-initial-inventory
0x00489F40,unknown,,review,unknown,ghidra-12.1.3-initial-inventory
0x00489FA7,unknown,,review,unknown,ghidra-12.1.3-initial-inventory
0x0048A103,unknown,,review,unknown,ghidra-12.1.3-initial-inventory
0x0048A110,unknown,,review,unknown,ghidra-12.1.3-initial-inventory
0x0048A127,unknown,,review,unknown,ghidra-12.1.3-initial-inventory
0x0048A170,unknown,,review,unknown,ghidra-12.1.3-initial-inventory
0x0048A185,unknown,,review,unknown,ghidra-12.1.3-initial-inventory
0x0048A19C,unknown,,review,unknown,ghidra-12.1.3-initial-inventory
0x0048A1B5,unknown,,review,unknown,ghidra-12.1.3-initial-inventory
0x0048A1F8,unknown,,review,unknown,ghidra-12.1.3-initial-inventory
0x0048A20E,unknown,,review,unknown,ghidra-12.1.3-initial-inventory
0x0048A21B,unknown,,review,unknown,ghidra-12.1.3-initial-inventory
0x0048A259,unknown,,review,unknown,ghidra-12.1.3-initial-inventory
0x0048A36C,unknown,,review,unknown,ghidra-12.1.3-initial-inventory
0x0048A3B0,unknown,,review,unknown,ghidra-12.1.3-initial-inventory
0x0048A3EE,unknown,,review,unknown,ghidra-12.1.3-initial-inventory
0x0048A42B,unknown,,review,unknown,ghidra-12.1.3-initial-inventory
0x0048A473,unknown,,review,unknown,ghidra-12.1.3-initial-inventory
0x0048A47A,unknown,,review,unknown,ghidra-12.1.3-initial-inventory
0x0048A5C1,unknown,,review,unknown,ghidra-12.1.3-initial-inventory
0x0048A5F4,unknown,,review,unknown,ghidra-12.1.3-initial-inventory
0x0048AE36,unknown,,review,unknown,ghidra-12.1.3-initial-inventory
0x0048B03C,unknown,,review,unknown,ghidra-12.1.3-initial-inventory
0x0048B3BB,unknown,,review,unknown,ghidra-12.1.3-initial-inventory
0x0048B51F,unknown,,review,unknown,ghidra-12.1.3-initial-inventory
0x0048B528,unknown,,review,unknown,ghidra-12.1.3-initial-inventory
0x0048B531,unknown,,review,unknown,ghidra-12.1.3-initial-inventory
0x0048B5A4,unknown,,review,unknown,ghidra-12.1.3-initial-inventory
0x0048B620,unknown,,review,unknown,ghidra-12.1.3-initial-inventory
0x0048B6AB,unknown,,review,unknown,ghidra-12.1.3-initial-inventory
0x0048B722,unknown,,review,unknown,ghidra-12.1.3-initial-inventory
0x0048B7F2,unknown,,review,unknown,ghidra-12.1.3-initial-inventory
0x0048B8B3,unknown,,review,unknown,ghidra-12.1.3-initial-inventory
0x0048B8E5,unknown,,review,unknown,ghidra-12.1.3-initial-inventory
0x0048B8EE,unknown,,review,unknown,ghidra-12.1.3-initial-inventory
0x0048BB09,unknown,,review,unknown,ghidra-12.1.3-initial-inventory
0x0048BB96,unknown,,review,unknown,ghidra-12.1.3-initial-inventory
0x0048BD4E,unknown,,review,unknown,ghidra-12.1.3-initial-inventory
0x0048BED5,unknown,,review,unknown,ghidra-12.1.3-initial-inventory
0x0048BF18,unknown,,review,unknown,ghidra-12.1.3-initial-inventory
0x0048BF21,unknown,,review,unknown,ghidra-12.1.3-initial-inventory
0x0048BF56,unknown,,review,unknown,ghidra-12.1.3-initial-inventory
0x0048BF5F,unknown,,review,unknown,ghidra-12.1.3-initial-inventory
0x0048C066,unknown,,review,unknown,ghidra-12.1.3-initial-inventory
0x0048C2F4,unknown,,review,unknown,ghidra-12.1.3-initial-inventory
0x0048C329,unknown,,review,unknown,ghidra-12.1.3-initial-inventory
0x0048C4D0,unknown,,review,unknown,ghidra-12.1.3-initial-inventory
0x0048C4EE,unknown,,review,unknown,ghidra-12.1.3-initial-inventory
0x0048C7BC,unknown,,review,unknown,ghidra-12.1.3-initial-inventory
0x0048C841,unknown,,review,unknown,ghidra-12.1.3-initial-inventory
0x0048C924,unknown,,review,unknown,ghidra-12.1.3-initial-inventory
0x0048C955,unknown,,review,unknown,ghidra-12.1.3-initial-inventory
0x0048C963,unknown,,review,unknown,ghidra-12.1.3-initial-inventory
0x0048CADA,unknown,,review,unknown,ghidra-12.1.3-initial-inventory
0x0048CB13,unknown,,review,unknown,ghidra-12.1.3-initial-inventory
0x0048CB70,unknown,,review,unknown,ghidra-12.1.3-initial-inventory
0x0048CC37,unknown,,review,unknown,ghidra-12.1.3-initial-inventory
0x0048CDA3,unknown,,review,unknown,ghidra-12.1.3-initial-inventory
0x0048CE45,unknown,,review,unknown,ghidra-12.1.3-initial-inventory
0x0048CF67,unknown,,review,unknown,ghidra-12.1.3-initial-inventory
0x0048D165,unknown,,review,unknown,ghidra-12.1.3-initial-inventory
0x0048D1ED,unknown,,review,unknown,ghidra-12.1.3-initial-inventory
0x0048D217,unknown,,review,unknown,ghidra-12.1.3-initial-inventory
0x0048D272,unknown,,review,unknown,ghidra-12.1.3-initial-inventory
0x0048D32E,unknown,,review,unknown,ghidra-12.1.3-initial-inventory
0x0048D5D3,unknown,,review,unknown,ghidra-12.1.3-initial-inventory
0x0048D7F7,unknown,,review,unknown,ghidra-12.1.3-initial-inventory
0x0048D81F,unknown,,review,unknown,ghidra-12.1.3-initial-inventory
0x0048D84C,unknown,,review,unknown,ghidra-12.1.3-initial-inventory
0x0048D8EA,unknown,,review,unknown,ghidra-12.1.3-initial-inventory
0x0048D93D,unknown,,review,unknown,ghidra-12.1.3-initial-inventory
0x0048D9F5,unknown,,review,unknown,ghidra-12.1.3-initial-inventory
0x0048DA00,unknown,,review,unknown,ghidra-12.1.3-initial-inventory
0x0048DA0C,unknown,,review,unknown,ghidra-12.1.3-initial-inventory
0x0048DA30,unknown,,review,unknown,ghidra-12.1.3-initial-inventory
0x0048DA86,unknown,,review,unknown,ghidra-12.1.3-initial-inventory
0x0048DAD0,unknown,,review,unknown,ghidra-12.1.3-initial-inventory
0x0048DAE9,unknown,,review,unknown,ghidra-12.1.3-initial-inventory
0x0048E827,unknown,,review,unknown,ghidra-12.1.3-initial-inventory
0x0048E895,unknown,,review,unknown,ghidra-12.1.3-initial-inventory
0x0048EA00,unknown,,review,unknown,ghidra-12.1.3-initial-inventory
0x0048EA60,unknown,,review,unknown,ghidra-12.1.3-initial-inventory
0x0048EB28,unknown,,review,unknown,ghidra-12.1.3-initial-inventory
0x0048EB4A,unknown,,review,unknown,ghidra-12.1.3-initial-inventory
0x0048EB7C,unknown,,review,unknown,ghidra-12.1.3-initial-inventory
0x0048EBC9,unknown,,review,unknown,ghidra-12.1.3-initial-inventory
0x0048EC3B,unknown,,review,unknown,ghidra-12.1.3-initial-inventory
0x0048EC56,unknown,,review,unknown,ghidra-12.1.3-initial-inventory
0x0048EC6F,unknown,,review,unknown,ghidra-12.1.3-initial-inventory
0x0048ECEA,unknown,,review,unknown,ghidra-12.1.3-initial-inventory
0x0048EE42,unknown,,review,unknown,ghidra-12.1.3-initial-inventory
0x0048EE58,unknown,,review,unknown,ghidra-12.1.3-initial-inventory
0x0048EE6E,unknown,,review,unknown,ghidra-12.1.3-initial-inventory
0x0048EEAB,unknown,,review,unknown,ghidra-12.1.3-initial-inventory
0x0048EEF0,unknown,,review,unknown,ghidra-12.1.3-initial-inventory
0x0048EF00,unknown,,review,unknown,ghidra-12.1.3-initial-inventory
0x0048EFE8,unknown,,review,unknown,ghidra-12.1.3-initial-inventory
0x0048F05F,unknown,,review,unknown,ghidra-12.1.3-initial-inventory
0x0048F119,unknown,,review,unknown,ghidra-12.1.3-initial-inventory
0x0048F185,unknown,,review,unknown,ghidra-12.1.3-initial-inventory
0x0048F18E,unknown,,review,unknown,ghidra-12.1.3-initial-inventory
0x0048F220,unknown,,review,unknown,ghidra-12.1.3-initial-inventory
0x0048F2AE,unknown,,review,unknown,ghidra-12.1.3-initial-inventory
0x0048F2E0,unknown,,review,unknown,ghidra-12.1.3-initial-inventory
0x0048F2F6,unknown,,review,unknown,ghidra-12.1.3-initial-inventory
0x0048F36A,unknown,,review,unknown,ghidra-12.1.3-initial-inventory
0x0048F3F1,unknown,,review,unknown,ghidra-12.1.3-initial-inventory
0x0048F415,unknown,,review,unknown,ghidra-12.1.3-initial-inventory
0x0048F5E3,unknown,,review,unknown,ghidra-12.1.3-initial-inventory
0x0048F66A,unknown,,review,unknown,ghidra-12.1.3-initial-inventory
0x0048F68E,unknown,,review,unknown,ghidra-12.1.3-initial-inventory
0x0048F6D2,unknown,,review,unknown,ghidra-12.1.3-initial-inventory
0x0048F85D,unknown,,review,unknown,ghidra-12.1.3-initial-inventory
0x0048F8BD,unknown,,review,unknown,ghidra-12.1.3-initial-inventory
0x0048F8F0,unknown,,review,unknown,ghidra-12.1.3-initial-inventory
0x0048F990,unknown,,review,unknown,ghidra-12.1.3-initial-inventory
0x0048FCCD,unknown,,review,unknown,ghidra-12.1.3-initial-inventory
0x0048FF00,unknown,,review,unknown,ghidra-12.1.3-initial-inventory
0x0048FF88,unknown,,review,unknown,ghidra-12.1.3-initial-inventory
0x0048FFA4,unknown,,review,unknown,ghidra-12.1.3-initial-inventory
0x0048FFC0,unknown,,review,unknown,ghidra-12.1.3-initial-inventory
0x0048FFD8,unknown,,review,unknown,ghidra-12.1.3-initial-inventory
0x00490007,unknown,,review,unknown,ghidra-12.1.3-initial-inventory
0x00490030,unknown,,review,unknown,ghidra-12.1.3-initial-inventory
0x004901BC,unknown,,review,unknown,ghidra-12.1.3-initial-inventory
0x00490222,unknown,,review,unknown,ghidra-12.1.3-initial-inventory
0x0049022B,unknown,,review,unknown,ghidra-12.1.3-initial-inventory
0x004903BB,unknown,,review,unknown,ghidra-12.1.3-initial-inventory
0x00490502,unknown,,review,unknown,ghidra-12.1.3-initial-inventory
0x0049050B,unknown,,review,unknown,ghidra-12.1.3-initial-inventory
0x00490529,unknown,,review,unknown,ghidra-12.1.3-initial-inventory
0x00490541,unknown,,review,unknown,ghidra-12.1.3-initial-inventory
0x00490551,unknown,,review,unknown,ghidra-12.1.3-initial-inventory
0x004905DC,unknown,,review,unknown,ghidra-12.1.3-initial-inventory
0x004906D4,unknown,,review,unknown,ghidra-12.1.3-initial-inventory
0x0049088E,unknown,,review,unknown,ghidra-12.1.3-initial-inventory
0x00490A1E,unknown,,review,unknown,ghidra-12.1.3-initial-inventory
0x00490A7D,unknown,,review,unknown,ghidra-12.1.3-initial-inventory
0x00490B60,unknown,,review,unknown,ghidra-12.1.3-initial-inventory
0x00490BB0,unknown,,review,unknown,ghidra-12.1.3-initial-inventory
0x00490DA0,unknown,,review,unknown,ghidra-12.1.3-initial-inventory
0x00490DE0,unknown,,review,unknown,ghidra-12.1.3-initial-inventory
0x00490E61,unknown,,review,unknown,ghidra-12.1.3-initial-inventory
0x00490E64,unknown,,review,unknown,ghidra-12.1.3-initial-inventory
0x00490E75,unknown,,review,unknown,ghidra-12.1.3-initial-inventory
0x00491231,unknown,,review,unknown,ghidra-12.1.3-initial-inventory
0x00491297,unknown,,review,unknown,ghidra-12.1.3-initial-inventory
0x004913DF,unknown,,review,unknown,ghidra-12.1.3-initial-inventory
0x004914D8,unknown,,review,unknown,ghidra-12.1.3-initial-inventory
0x0049150B,unknown,,review,unknown,ghidra-12.1.3-initial-inventory
0x0049151C,unknown,,review,unknown,ghidra-12.1.3-initial-inventory
0x0049153D,unknown,,review,unknown,ghidra-12.1.3-initial-inventory
0x0049159B,unknown,,review,unknown,ghidra-12.1.3-initial-inventory
0x004915C9,unknown,,review,unknown,ghidra-12.1.3-initial-inventory
0x004915F6,unknown,,review,unknown,ghidra-12.1.3-initial-inventory
0x004916D4,unknown,,review,unknown,ghidra-12.1.3-initial-inventory
0x00491B08,unknown,,review,unknown,ghidra-12.1.3-initial-inventory
0x00491D96,unknown,,review,unknown,ghidra-12.1.3-initial-inventory
0x00491DC4,unknown,,review,unknown,ghidra-12.1.3-initial-inventory
0x00491EFF,unknown,,review,unknown,ghidra-12.1.3-initial-inventory
0x00491F3D,unknown,,review,unknown,ghidra-12.1.3-initial-inventory
0x00491FBC,unknown,,review,unknown,ghidra-12.1.3-initial-inventory
0x00491FFD,unknown,,review,unknown,ghidra-12.1.3-initial-inventory
0x00492094,unknown,,review,unknown,ghidra-12.1.3-initial-inventory
0x0049209D,unknown,,review,unknown,ghidra-12.1.3-initial-inventory
0x004920BF,unknown,,review,unknown,ghidra-12.1.3-initial-inventory
0x004921DD,unknown,,review,unknown,ghidra-12.1.3-initial-inventory
0x00492346,unknown,,review,unknown,ghidra-12.1.3-initial-inventory
0x00492389,unknown,,review,unknown,ghidra-12.1.3-initial-inventory
0x00492560,unknown,,review,unknown,ghidra-12.1.3-initial-inventory
0x004925AE,unknown,,review,unknown,ghidra-12.1.3-initial-inventory
0x00492617,unknown,,review,unknown,ghidra-12.1.3-initial-inventory
0x00492665,unknown,,review,unknown,ghidra-12.1.3-initial-inventory
0x004926F5,unknown,,review,unknown,ghidra-12.1.3-initial-inventory
0x00492927,unknown,,review,unknown,ghidra-12.1.3-initial-inventory
0x004929AD,unknown,,review,unknown,ghidra-12.1.3-initial-inventory
0x00492B10,unknown,,review,unknown,ghidra-12.1.3-initial-inventory
0x00492B71,unknown,,review,unknown,ghidra-12.1.3-initial-inventory
0x00492B8D,unknown,,review,unknown,ghidra-12.1.3-initial-inventory
0x00492F11,unknown,,review,unknown,ghidra-12.1.3-initial-inventory
0x00492F5E,unknown,,review,unknown,ghidra-12.1.3-initial-inventory
0x00492FBF,unknown,,review,unknown,ghidra-12.1.3-initial-inventory
0x00493194,unknown,,review,unknown,ghidra-12.1.3-initial-inventory
0x00493217,unknown,,review,unknown,ghidra-12.1.3-initial-inventory
0x0049328E,unknown,,review,unknown,ghidra-12.1.3-initial-inventory
0x004932B2,unknown,,review,unknown,ghidra-12.1.3-initial-inventory
0x004932DD,unknown,,review,unknown,ghidra-12.1.3-initial-inventory
0x00493308,unknown,,review,unknown,ghidra-12.1.3-initial-inventory
0x00493384,unknown,,review,unknown,ghidra-12.1.3-initial-inventory
0x00493390,unknown,,review,unknown,ghidra-12.1.3-initial-inventory
0x00493398,unknown,,review,unknown,ghidra-12.1.3-initial-inventory
0x004933A6,unknown,,review,unknown,ghidra-12.1.3-initial-inventory
0x004933C0,unknown,,review,unknown,ghidra-12.1.3-initial-inventory
0x004933DB,unknown,,review,unknown,ghidra-12.1.3-initial-inventory
0x00493400,unknown,,review,unknown,ghidra-12.1.3-initial-inventory
0x0049341B,unknown,,review,unknown,ghidra-12.1.3-initial-inventory
0x00493440,unknown,,review,unknown,ghidra-12.1.3-initial-inventory
0x00493460,unknown,,review,unknown,ghidra-12.1.3-initial-inventory
0x00493490,unknown,,review,unknown,ghidra-12.1.3-initial-inventory
0x004934B0,unknown,,review,unknown,ghidra-12.1.3-initial-inventory
0x004934D0,unknown,,review,unknown,ghidra-12.1.3-initial-inventory
0x004934F0,unknown,,review,unknown,ghidra-12.1.3-initial-inventory
0x004934F8,unknown,,review,unknown,ghidra-12.1.3-initial-inventory
0x00493520,unknown,,review,unknown,ghidra-12.1.3-initial-inventory
0x00493540,unknown,,review,unknown,ghidra-12.1.3-initial-inventory
0x00493548,unknown,,review,unknown,ghidra-12.1.3-initial-inventory
0x00493570,unknown,,review,unknown,ghidra-12.1.3-initial-inventory
0x00493590,unknown,,review,unknown,ghidra-12.1.3-initial-inventory
0x004935B0,unknown,,review,unknown,ghidra-12.1.3-initial-inventory
0x004935D0,unknown,,review,unknown,ghidra-12.1.3-initial-inventory
0x004935D8,unknown,,review,unknown,ghidra-12.1.3-initial-inventory
0x004935E3,unknown,,review,unknown,ghidra-12.1.3-initial-inventory
0x00493600,unknown,,review,unknown,ghidra-12.1.3-initial-inventory
0x00493620,unknown,,review,unknown,ghidra-12.1.3-initial-inventory
0x00493640,unknown,,review,unknown,ghidra-12.1.3-initial-inventory
0x00493670,unknown,,review,unknown,ghidra-12.1.3-initial-inventory
0x00493690,unknown,,review,unknown,ghidra-12.1.3-initial-inventory
0x004936B0,unknown,,review,unknown,ghidra-12.1.3-initial-inventory
0x004936BB,unknown,,review,unknown,ghidra-12.1.3-initial-inventory
0x004936D0,unknown,,review,unknown,ghidra-12.1.3-initial-inventory
0x004936F0,unknown,,review,unknown,ghidra-12.1.3-initial-inventory
0x00493710,unknown,,review,unknown,ghidra-12.1.3-initial-inventory
0x00493718,unknown,,review,unknown,ghidra-12.1.3-initial-inventory
0x00493730,unknown,,review,unknown,ghidra-12.1.3-initial-inventory
0x00493750,unknown,,review,unknown,ghidra-12.1.3-initial-inventory
0x00493770,unknown,,review,unknown,ghidra-12.1.3-initial-inventory
0x00493790,unknown,,review,unknown,ghidra-12.1.3-initial-inventory
0x004937A9,unknown,,review,unknown,ghidra-12.1.3-initial-inventory
0x004937C4,unknown,,review,unknown,ghidra-12.1.3-initial-inventory
0x004937D2,unknown,,review,unknown,ghidra-12.1.3-initial-inventory
0x004937F0,unknown,,review,unknown,ghidra-12.1.3-initial-inventory
0x00493809,unknown,,review,unknown,ghidra-12.1.3-initial-inventory
0x00493824,unknown,,review,unknown,ghidra-12.1.3-initial-inventory
0x00493832,unknown,,review,unknown,ghidra-12.1.3-initial-inventory
0x00493850,unknown,,review,unknown,ghidra-12.1.3-initial-inventory
0x00493870,unknown,,review,unknown,ghidra-12.1.3-initial-inventory
0x00493889,unknown,,review,unknown,ghidra-12.1.3-initial-inventory
0x004938B0,unknown,,review,unknown,ghidra-12.1.3-initial-inventory
0x004938D0,unknown,,review,unknown,ghidra-12.1.3-initial-inventory
0x004938F0,unknown,,review,unknown,ghidra-12.1.3-initial-inventory
0x004938FB,unknown,,review,unknown,ghidra-12.1.3-initial-inventory
0x00493920,unknown,,review,unknown,ghidra-12.1.3-initial-inventory
0x0049392B,unknown,,review,unknown,ghidra-12.1.3-initial-inventory
0x00493950,unknown,,review,unknown,ghidra-12.1.3-initial-inventory
0x00493970,unknown,,review,unknown,ghidra-12.1.3-initial-inventory
0x00493990,unknown,,review,unknown,ghidra-12.1.3-initial-inventory
0x004939B0,unknown,,review,unknown,ghidra-12.1.3-initial-inventory
0x004939D0,unknown,,review,unknown,ghidra-12.1.3-initial-inventory
0x004939F0,unknown,,review,unknown,ghidra-12.1.3-initial-inventory
0x004939FE,unknown,,review,unknown,ghidra-12.1.3-initial-inventory
0x00493A30,unknown,,review,unknown,ghidra-12.1.3-initial-inventory
0x00493A3E,unknown,,review,unknown,ghidra-12.1.3-initial-inventory
0x00493A70,unknown,,review,unknown,ghidra-12.1.3-initial-inventory
0x00493A90,unknown,,review,unknown,ghidra-12.1.3-initial-inventory
0x00493AB0,unknown,,review,unknown,ghidra-12.1.3-initial-inventory
0x00493ABB,unknown,,review,unknown,ghidra-12.1.3-initial-inventory
0x00493AD0,unknown,,review,unknown,ghidra-12.1.3-initial-inventory
0x00493ADB,unknown,,review,unknown,ghidra-12.1.3-initial-inventory
0x00493AF0,unknown,,review,unknown,ghidra-12.1.3-initial-inventory
0x00493B10,unknown,,review,unknown,ghidra-12.1.3-initial-inventory
0x00493B30,unknown,,review,unknown,ghidra-12.1.3-initial-inventory
0x00493B42,unknown,,review,unknown,ghidra-12.1.3-initial-inventory
0x00493B61,unknown,,review,unknown,ghidra-12.1.3-initial-inventory
0x00493B6B,unknown,,review,unknown,ghidra-12.1.3-initial-inventory
0x00493B75,unknown,,review,unknown,ghidra-12.1.3-initial-inventory
0x00493B89,unknown,,review,unknown,ghidra-12.1.3-initial-inventory
0x00493B9D,unknown,,review,unknown,ghidra-12.1.3-initial-inventory
0x00493BA7,unknown,,review,unknown,ghidra-12.1.3-initial-inventory
0x00493BBB,unknown,,review,unknown,ghidra-12.1.3-initial-inventory
0x00493BC5,unknown,,review,unknown,ghidra-12.1.3-initial-inventory
0x00493BD9,unknown,,review,unknown,ghidra-12.1.3-initial-inventory
0x00493BE3,unknown,,review,unknown,ghidra-12.1.3-initial-inventory
0x00493BED,unknown,,review,unknown,ghidra-12.1.3-initial-inventory
0x00493C01,unknown,,review,unknown,ghidra-12.1.3-initial-inventory
0x00493C0B,unknown,,review,unknown,ghidra-12.1.3-initial-inventory
0x00493C15,unknown,,review,unknown,ghidra-12.1.3-initial-inventory
0x00493C29,unknown,,review,unknown,ghidra-12.1.3-initial-inventory
0x00493C33,unknown,,review,unknown,ghidra-12.1.3-initial-inventory
0x00493C47,unknown,,review,unknown,ghidra-12.1.3-initial-inventory
0x00493C51,unknown,,review,unknown,ghidra-12.1.3-initial-inventory
0x00493C65,unknown,,review,unknown,ghidra-12.1.3-initial-inventory
0x00493C6F,unknown,,review,unknown,ghidra-12.1.3-initial-inventory
0x00493C79,unknown,,review,unknown,ghidra-12.1.3-initial-inventory
0x00493C8D,unknown,,review,unknown,ghidra-12.1.3-initial-inventory
0x00493C9F,unknown,,review,unknown,ghidra-12.1.3-initial-inventory
0x00493CB3,unknown,,review,unknown,ghidra-12.1.3-initial-inventory
0x00493CC7,unknown,,review,unknown,ghidra-12.1.3-initial-inventory
0x00493CCF,unknown,,review,unknown,ghidra-12.1.3-initial-inventory
0x00493CE3,unknown,,review,unknown,ghidra-12.1.3-initial-inventory
0x00493CF7,unknown,,review,unknown,ghidra-12.1.3-initial-inventory
0x00493D09,unknown,,review,unknown,ghidra-12.1.3-initial-inventory
0x00493D13,unknown,,review,unknown,ghidra-12.1.3-initial-inventory
0x00493D1D,unknown,,review,unknown,ghidra-12.1.3-initial-inventory
0x00493D27,unknown,,review,unknown,ghidra-12.1.3-initial-inventory
0x00493D31,unknown,,review,unknown,ghidra-12.1.3-initial-inventory
0x00493D3B,unknown,,review,unknown,ghidra-12.1.3-initial-inventory
0x00493D45,unknown,,review,unknown,ghidra-12.1.3-initial-inventory
0x00493D4F,unknown,,review,unknown,ghidra-12.1.3-initial-inventory
0x00493D59,unknown,,review,unknown,ghidra-12.1.3-initial-inventory
0x00493D63,unknown,,review,unknown,ghidra-12.1.3-initial-inventory
0x00493D6D,unknown,,review,unknown,ghidra-12.1.3-initial-inventory
0x00493D77,unknown,,review,unknown,ghidra-12.1.3-initial-inventory
0x00493D81,unknown,,review,unknown,ghidra-12.1.3-initial-inventory
0x00493D8B,unknown,,review,unknown,ghidra-12.1.3-initial-inventory
0x00493D95,unknown,,review,unknown,ghidra-12.1.3-initial-inventory
0x00493D9F,unknown,,review,unknown,ghidra-12.1.3-initial-inventory
0x00493DA9,unknown,,review,unknown,ghidra-12.1.3-initial-inventory
0x00493DB3,unknown,,review,unknown,ghidra-12.1.3-initial-inventory
0x00493DBD,unknown,,review,unknown,ghidra-12.1.3-initial-inventory
0x00493DC7,unknown,,review,unknown,ghidra-12.1.3-initial-inventory
0x00493DD1,unknown,,review,unknown,ghidra-12.1.3-initial-inventory
0x00493DDB,unknown,,review,unknown,ghidra-12.1.3-initial-inventory
0x00493DE5,unknown,,review,unknown,ghidra-12.1.3-initial-inventory
0x00493DEF,unknown,,review,unknown,ghidra-12.1.3-initial-inventory
0x00493DF9,unknown,,review,unknown,ghidra-12.1.3-initial-inventory
0x00493E03,unknown,,review,unknown,ghidra-12.1.3-initial-inventory
0x00493E0D,unknown,,review,unknown,ghidra-12.1.3-initial-inventory
0x00493E17,unknown,,review,unknown,ghidra-12.1.3-initial-inventory
0x00493E21,unknown,,review,unknown,ghidra-12.1.3-initial-inventory
0x00493E2B,unknown,,review,unknown,ghidra-12.1.3-initial-inventory
0x00493E35,unknown,,review,unknown,ghidra-12.1.3-initial-inventory
0x00493E3F,unknown,,review,unknown,ghidra-12.1.3-initial-inventory
0x00493E49,unknown,,review,unknown,ghidra-12.1.3-initial-inventory
0x00493E53,unknown,,review,unknown,ghidra-12.1.3-initial-inventory
0x00493E5D,unknown,,review,unknown,ghidra-12.1.3-initial-inventory
0x00493E67,unknown,,review,unknown,ghidra-12.1.3-initial-inventory
0x00493E71,unknown,,review,unknown,ghidra-12.1.3-initial-inventory
0x00493E90,unknown,,review,unknown,ghidra-12.1.3-initial-inventory
0x00493EB0,unknown,,review,unknown,ghidra-12.1.3-initial-inventory
0x00493ED0,unknown,,review,unknown,ghidra-12.1.3-initial-inventory
0x00493EF0,unknown,,review,unknown,ghidra-12.1.3-initial-inventory
0x00493F10,unknown,,review,unknown,ghidra-12.1.3-initial-inventory
0x00493F30,compiler,Chain,exclude,exact,target-static-initializer-wrapper-2026-08-30
0x00493F50,compiler,Runtime,exclude,exact,target-static-initializer-wrapper-2026-08-30
0x00493F70,compiler,Controller,exclude,exact,target-static-vector-initializer-2026-08-30
0x00493FB0,unknown,,review,unknown,ghidra-12.1.3-initial-inventory
0x00493FD0,unknown,,review,unknown,ghidra-12.1.3-initial-inventory
0x00494000,compiler,TextRenderer,exclude,exact,target-static-initializer-wrapper-2026-08-30
0x00494020,unknown,,review,unknown,ghidra-12.1.3-initial-inventory
0x00494040,unknown,,review,unknown,ghidra-12.1.3-initial-inventory
0x00494060,unknown,,review,unknown,ghidra-12.1.3-initial-inventory
0x00494080,unknown,,review,unknown,ghidra-12.1.3-initial-inventory
0x004940B0,unknown,,review,unknown,ghidra-12.1.3-initial-inventory
0x004940D0,unknown,,review,unknown,ghidra-12.1.3-initial-inventory
0x00494110,unknown,,review,unknown,ghidra-12.1.3-initial-inventory
0x00494150,unknown,,review,unknown,ghidra-12.1.3-initial-inventory
0x00494190,unknown,,review,unknown,ghidra-12.1.3-initial-inventory
0x004941C0,unknown,,review,unknown,ghidra-12.1.3-initial-inventory
0x004941D0,unknown,,review,unknown,ghidra-12.1.3-initial-inventory
0x004941E0,unknown,,review,unknown,ghidra-12.1.3-initial-inventory
0x004941F0,unknown,,review,unknown,ghidra-12.1.3-initial-inventory
0x00494200,unknown,,review,unknown,ghidra-12.1.3-initial-inventory
0x00494210,compiler,Chain,exclude,exact,target-static-destructor-wrapper-2026-08-30
0x00494220,compiler,Runtime,exclude,exact,target-static-destructor-wrapper-2026-08-30
0x00494240,unknown,,review,unknown,ghidra-12.1.3-initial-inventory
0x00494250,unknown,,review,unknown,ghidra-12.1.3-initial-inventory
0x00494260,compiler,TextRenderer,exclude,exact,target-static-destructor-wrapper-2026-08-30
0x00494270,unknown,,review,unknown,ghidra-12.1.3-initial-inventory
0x00494280,unknown,,review,unknown,ghidra-12.1.3-initial-inventory
0x00494290,unknown,,review,unknown,ghidra-12.1.3-initial-inventory
