address,size,span_end,current_name,proposed_name,module,status,match_percent,calling_convention,signature,is_thunk,source_file,evidence,owner,notes
0x00401000,135,0x00401086,FUN_00401000,th095::AsciiManager::OnUpdate,AsciiManager,matching,100.00,__fastcall,i32 AsciiManager::OnUpdate(AsciiManager *ascii),false,src/AsciiManager.cpp,Canonical relocation-aware VC7.1 comparison: 135/135 authored bytes exact with all four global relocations,authored,Exact replay/photo reset gate; source-local EitherFlag preserves bit2-then-bit0 loads and target OR accumulator register
0x00401090,24,0x004010A7,FUN_00401090,th095::AsciiManager::OnDrawLowPrio,AsciiManager,matching,100.00,__fastcall,i32 AsciiManager::OnDrawLowPrio(AsciiManager *ascii),false,src/AsciiManager.cpp,Canonical relocation-aware VC7.1 comparison: 24/24 bytes and the regular text renderer relocation,authored,Exact low-priority draw-chain wrapper
0x004010B0,59,0x004010EA,FUN_004010b0,th095::AsciiManager::OnDrawHighPrio,AsciiManager,matching,100.00,__fastcall,i32 AsciiManager::OnDrawHighPrio(AsciiManager *ascii),false,src/AsciiManager.cpp,Canonical relocation-aware VC7.1 comparison: 59/59 bytes and all three stage-gate/render relocations,authored,Exact high-priority GUI text wrapper with photo-stage suppression
0x004010F0,394,0x00401279,FUN_004010f0,th095::AsciiManager::Reset,AsciiManager,matching,100.00,__thiscall,void AsciiManager::Reset(),false,src/AsciiManager.cpp,Canonical relocation-aware VC7.1 comparison: 394/394 authored bytes exact with all four ANM VM initialization/sprite relocations,authored,"Exact reset; both repeated VM initialize/sprite call sites share one 8-byte target-attested inline phase, reproducing target hidden homes without assembly"
0x00401280,213,0x00401354,FUN_00401280,th095::AsciiManager::RegisterChain,AsciiManager,matching,100.00,__fastcall,ZunResult AsciiManager::RegisterChain(),false,src/AsciiManager.cpp,Canonical relocation-aware VC7.1 comparison: 213/213 bytes and all twenty-nine callback chain and global relocations,authored,Exact calc and two draw chain registrations at priorities 1 28 and 21
0x00401360,131,0x004013E2,FUN_00401360,th095::AsciiManager::AddedCallback,AsciiManager,matching,100.00,__fastcall,ZunResult AsciiManager::AddedCallback(AsciiManager *ascii),false,src/AsciiManager.cpp,Canonical relocation-aware VC7.1 comparison: 131/131 bytes and all eight resource/reset relocations,authored,Exact full-manager reset ascii/capture ANM loading and VM initialization
0x004013F0,39,0x00401416,FUN_004013f0,th095::AsciiManager::DeletedCallback,AsciiManager,matching,100.00,__fastcall,ZunResult AsciiManager::DeletedCallback(AsciiManager *ascii),false,src/AsciiManager.cpp,Canonical relocation-aware VC7.1 comparison: 39/39 bytes and all four ANM release relocations,authored,Exact ascii and capture ANM release callback
0x00401420,35,0x00401442,FUN_00401420,th095::AsciiManager::CutChain,AsciiManager,matching,100.00,__fastcall,void AsciiManager::CutChain(),false,src/AsciiManager.cpp,Canonical relocation-aware VC7.1 comparison: 35/35 bytes and all six Chain relocations,authored,Exact calc and low-priority draw unlink with the target high-priority omission preserved
0x00401450,224,0x0040152F,FUN_00401450,th095::AsciiManager::AddString,AsciiManager,matching,100.00,__thiscall,void AsciiManager::AddString(Float3 *position; const char *string),false,src/AsciiManager.cpp,Canonical relocation-free VC7.1 comparison: 224/224 bytes,authored,Exact bounded regular queue append with target unbounded string copy and drawing-state snapshot
0x00401530,221,0x0040160C,FUN_00401530,th095::AsciiManager::AddGuiString,AsciiManager,matching,100.00,__thiscall,void AsciiManager::AddGuiString(Float3 *position; const char *string),false,src/AsciiManager.cpp,Canonical relocation-free VC7.1 comparison: 221/221 bytes,authored,Exact bounded GUI queue append with drawing-state snapshot
0x00401610,68,0x00401653,FUN_00401610,th095::AsciiManager::AddFormatText,AsciiManager,matching,100.00,__cdecl,void AsciiManager::AddFormatText(Float3 *position; const char *format; ...),false,src/AsciiManager.cpp,Canonical relocation-aware VC7.1 comparison: 68/68 bytes and both formatter/queue relocations,authored,Exact regular text variadic formatter through a 512-byte buffer
0x00401660,146,0x004016F1,FUN_00401660,th095::AsciiManager::AddGuiFormatText,AsciiManager,matching,100.00,__cdecl,i32 AsciiManager::AddGuiFormatText(Float3 *position; const char *format; ...),false,src/AsciiManager.cpp,Canonical relocation-aware VC7.1 comparison: 146/146 bytes and both formatter/queue relocations,authored,Exact GUI variadic formatter and byte-count return
0x00401700,536,0x00401917,FUN_00401700,th095::AsciiManager::DrawStrings,AsciiManager,matching,100.00,__thiscall,void AsciiManager::DrawStrings(),false,src/AsciiManager.cpp,"Canonical relocation-aware VC7.1 comparison: 536/536 authored bytes exact with all thirteen viewport, ANM, and float relocations",authored,Exact regular queue glyph renderer; TH08-ancestral unused Float3 plus target-proven identifier buckets reproduce the complete 0x24 frame without synthetic padding
0x00401920,577,0x00401B60,FUN_00401920,th095::AsciiManager::DrawGuiStrings,AsciiManager,matching,100.00,__thiscall,void AsciiManager::DrawGuiStrings(),false,src/AsciiManager.cpp,"Canonical relocation-aware VC7.1 comparison: 577/577 authored bytes exact with all sixteen viewport, ANM, float, and draw-helper relocations",authored,Exact GUI queue glyph renderer; TH08-ancestral unused Float3 restores the deep compiler home and the semantic != 1.0f branch owns the target rounded/no-round call order
0x00401B70,108,0x00401BDB,FUN_00401b70,th095::BackgroundSupervisorView::ConfigureBackgroundViewport,Background,matching,100.00,__thiscall,void BackgroundSupervisorView::ConfigureBackgroundViewport(i32 index),false,src/Background.cpp,Canonical relocation-aware VC7.1 comparison: 108/108 bytes and the background-viewport apply relocation,authored,Exact selection application publication and D3D SetViewport dispatch for one of two 0xF0-byte background configurations
0x00401BE0,35,0x00401C02,`vector_constructor_iterator',,,unclassified,0.00,,,false,,Ghidra 12.1.3 auto-analysis candidate; boundary unreviewed,,
0x00401C10,280,0x00401D27,FUN_00401c10,th095::AnmVm::Initialize,AnmVm,matching,100.00,__thiscall,void AnmVm::Initialize(),false,src/AnmManager.cpp,Canonical VC7.1 full-symbol comparison with target-proven 0x2CC layout,authored,Exact VM reset and identity initialization
0x00401D30,384,0x00401EAF,FUN_00401d30,th095::AsciiManager::AsciiManager,AsciiManager,matching,100.00,__thiscall,AsciiManager::AsciiManager(),false,src/AsciiManager.cpp,Canonical relocation-aware VC7.1 comparison: 384/384 bytes and all eight EH/AnmVm relocations,authored,Exact construction of four VMs two text queues and both popup timer pools in the target-local 0x13DAC layout
0x00401EB0,90,0x00401F09,FUN_00401eb0,th095::AnmVm::AnmVm,AnmVm,matching,100.00,__thiscall,AnmVm::AnmVm(),false,src/AnmManager.hpp,Canonical relocation-aware VC7.1 comparison: 90/90 bytes and the AnmVmBase constructor relocation,authored,Exact base and interrupt timer construction followed by full 0x2CC reset and inactive sprite sentinel
0x00401F10,243,0x00402002,FUN_00401f10,th095::AnmVmBase::AnmVmBase,AnmVm,matching,100.00,__thiscall,AnmVmBase::AnmVmBase(),false,src/AnmManager.hpp,Canonical VC7.1 comparison: 243/243 relocation-free bytes from the target-sized aux-less COMDAT section,authored,Exact construction of two scalar and fourteen array interpolation timers
0x00402010,168,0x004020B7,FUN_00402010,th095::AsciiManager::~AsciiManager,AsciiManager,matching,100.00,__thiscall,AsciiManager::~AsciiManager(),false,src/AsciiManager.cpp,Canonical relocation-aware VC7.1 comparison: 168/168 bytes and all four free relocations,authored,Exact reverse-order generated-vertex cleanup for the four owned text VMs
0x004020C0,389,0x00402244,FUN_004020c0,th095::Background::Background,Background,matching,100.00,__thiscall,Background::Background(),false,src/BackgroundLifecycle.cpp,Canonical relocation-aware VC7.1 comparison: 389/389 authored bytes exact with all thirteen EH member-array debug and singleton relocations,authored,Exact 0x201C BackgroundInf lifecycle construction with timer arrays and eleven inline AnmVm members before target body reset
0x00402250,216,0x00402327,FUN_00402250,th095::Background::Initialize,Background,matching,100.00,__thiscall,i32 Background::Initialize(),false,src/Background.cpp,Canonical relocation-aware VC7.1 comparison: 216/216 bytes and all fourteen relocations,authored,Exact stage load and global background-camera initialization
0x00402330,366,0x0040249D,FUN_00402330,th095::Background::~Background,Background,matching,100.00,__thiscall,Background::~Background(),false,src/BackgroundLifecycle.cpp,Canonical relocation-aware VC7.1 comparison: 366/366 authored bytes exact with all twenty-nine EH cleanup ownership and vector-destructor relocations,authored,Exact BackgroundInf teardown with three ownership-call homes and automatic 3+8 AnmVm vector destruction
0x004024A0,374,0x00402615,FUN_004024a0,th095::Background::Create,Background,matching,100.00,__fastcall,Background *Background::Create(),false,src/Background.cpp,Canonical relocation-aware VC7.1 comparison: 374/374 bytes and all twenty-four allocation initialization Chain registration cleanup and EH relocations,authored,Exact Background factory with target failure-label cleanup and target-proven real-local backing buckets
0x00402620,95,0x0040267E,FUN_00402620,th095::Background::scalar deleting destructor,Background,excluded,0.00,,,false,,Target wrapper shape identifies a compiler-emitted scalar deleting destructor,compiler-generated,Excluded from the authored denominator
0x00402680,206,0x0040274D,FUN_00402680,th095::Background::Update,Background,matching,100.00,__thiscall,i32 Background::Update(),false,src/Background.cpp,Canonical relocation-aware VC7.1 comparison: 206/206 bytes and all twelve relocations,authored,Exact stage-object script and photography VM update scheduler
0x00402750,566,0x00402985,FUN_00402750,th095::Background::DrawHighPrio,Background,matching,100.00,__thiscall,i32 Background::DrawHighPrio(),false,src/Background.cpp,Canonical relocation-aware VC7.1 comparison: 566/566 bytes and all forty relocations,authored,Exact TH095 background stage draw and photograph-mask render-state coordinator
0x00402990,490,0x00402B79,FUN_00402990,th095::Background::DrawLowPrio,Background,matching,100.00,__thiscall,i32 Background::DrawLowPrio(),false,src/Background.cpp,Canonical relocation-aware VC7.1 comparison: 490/490 bytes and all 32 relocations,authored,Exact photograph depth-rectangle clamp and three-border-VM draw path
0x00402B80,107,0x00402BEA,FUN_00402b80,th095::Background::OnUpdate,Background,matching,100.00,__fastcall,i32 Background::OnUpdate(Background *background),false,src/Background.cpp,Canonical relocation-aware VC7.1 comparison: 107/107 bytes and all five relocations,authored,Exact photo-runtime gate and Background update callback
0x00402BF0,45,0x00402C1C,FUN_00402bf0,th095::Background::OnDrawHighPrio,Background,matching,100.00,__fastcall,i32 Background::OnDrawHighPrio(Background *background),false,src/Background.cpp,Canonical relocation-aware VC7.1 comparison: 45/45 bytes and both relocations,authored,Exact high-priority background draw callback
0x00402C20,45,0x00402C4C,FUN_00402c20,th095::Background::OnDrawLowPrio,Background,matching,100.00,__fastcall,i32 Background::OnDrawLowPrio(Background *background),false,src/Background.cpp,Canonical relocation-aware VC7.1 comparison: 45/45 bytes and both relocations,authored,Exact low-priority background draw callback
0x00402C50,36,0x00402C73,FUN_00402c50,th095::Background::LoadStageData,Background,matching,100.00,__thiscall,i32 Background::LoadStageData(const char *path),false,src/Background.cpp,Canonical relocation-aware VC7.1 comparison: 36/36 bytes and the sole relocation,authored,Exact stage-data loading wrapper
0x00402C80,523,0x00402E8A,FUN_00402c80,th095::Background::LoadStageDataInner,Background,reconstructed,0.00,__thiscall,i32 Background::LoadStageDataInner(const char *path),false,src/Background.cpp,Pinned VC7.1 semantic probe is 518 bytes versus the 523-byte target with complete file and ANM call topology,authored,Complete stage cache relocation ANM slot setup object-VM pool and script initialization
0x00402E90,208,0x00402F5F,FUN_00402e90,th095::Background::UpdateStageObjectVms,Background,matching,100.00,__thiscall,i32 Background::UpdateStageObjectVms(),false,src/Background.cpp,Canonical relocation-aware VC7.1 comparison: 208/208 bytes and both ANM-manager relocations,authored,Exact stage-object instruction advancement VM execution and retirement with the target manager snapshot and target-proven local buckets
0x00402F60,565,0x00403194,FUN_00402f60,th095::Background::RenderObjects,Background,reconstructed,0.00,__thiscall,i32 Background::RenderObjects(i32 mode),false,src/Background.cpp,Pinned VC7.1 semantic probe is 544 bytes versus the 565-byte target with identical stage-object traversal and draw topology,authored,Complete four-layer stage-instance renderer with VM position scale fog-mode and visibility handling
0x004031A0,658,0x00403431,FUN_004031a0,th095::BackgroundStageObject::IsVisible,Background,matching,100.00,__thiscall,i32 BackgroundStageObject::IsVisible(const Float3 *instancePosition; f32 cullingDistanceSq),false,src/Background.cpp,Canonical relocation-aware VC7.1 comparison: 658/658 bytes and all 11 relocations,authored,Exact object-center culling; seven live vector/scalar locals use target-proven VC7.1 backing buckets
0x00403440,5129,0x00404848,FUN_00403440,th095::Background::RunStageScript,Background,matching,100.00,__thiscall,i32 Background::RunStageScript(),false,src/Background.cpp,Canonical relocation-aware VC7.1 comparison: 5129/5129 authored bytes exact plus 100 bytes of adjacent compiler-owned data; all 117 body/data relocations replay,authored,"Exact stage-script interpreter: private target-order timer reset helper, stage-time value producer, pointer-only 0x2C disable-VM phase, and semantic aliases over target-significant interpolation/color backing identifiers reproduce all 1100 mnemonics and 517 stack-home references"
0x004048B0,152,0x00404947,FUN_004048b0,th095::CubicHermiteInterpolate,Background,matching,100.00,__stdcall,f32 CubicHermiteInterpolate(f32 startValue; f32 endValue; f32 startTangent; f32 endTangent; f32 time),false,src/Background.cpp,Canonical relocation-aware VC7.1 comparison: 152/152 bytes and all nine constant relocations,authored,Exact TH08-ancestral Hermite basis used by the TH095 background camera interpolation path
0x00404950,209,0x00404A20,FUN_00404950,th095::Background::SetPhotoArea,Background,matching,100.00,__thiscall,void Background::SetPhotoArea(const Float3 *position; const Float3 *size),false,src/Background.cpp,Canonical relocation-aware VC7.1 comparison: 209/209 authored bytes exact with all six ANM/global relocations,authored,Exact TH095 photo-area publication and lazy scripts 0x25/0x26/0x27 initialization; the real body phase owns the target 0x84 compiler-storage lane and deep receiver home
0x00404A30,143,0x00404ABE,FUN_00404a30,th095::Background::StartSpellBackground,Background,matching,100.00,__thiscall,void Background::StartSpellBackground(),false,src/Background.cpp,Canonical relocation-aware VC7.1 comparison: 143/143 bytes and all four relocations,authored,Exact spell-photo background activation and two dynamic VM creations
0x00404AC0,66,0x00404B01,FUN_00404ac0,th095::Background::StopSpellBackground,Background,matching,100.00,__thiscall,void Background::StopSpellBackground(),false,src/Background.cpp,Canonical relocation-aware VC7.1 comparison: 66/66 bytes and all four relocations,authored,Exact spell-photo background deactivation and VM retirement
0x00404B10,108,0x00404B7B,FUN_00404b10,th095::Supervisor::ConfigureGameplayViewport,Main,matching,100.00,__thiscall,void Supervisor::ConfigureGameplayViewport(i32 index),false,src/SupervisorViewport.cpp,Canonical relocation-aware VC7.1 comparison: 108/108 bytes and the viewport-configuration relocation,authored,Exact selection application publication and D3D SetViewport dispatch for one of two 0xF0-byte gameplay configurations
0x00404B80,222,0x00404C5D,FUN_00404b80,th095::AnmLoaded::InitializeVm,AnmManager,matching,100.00,__thiscall,void AnmLoaded::InitializeVm(AnmVm *vm; i32 scriptIndex),false,src/AnmLoaded.cpp,Canonical relocation-aware VC7.1 comparison: 222/222 authored bytes exact with both AnmVm initialization and script-dispatch relocations,authored,"Exact AnmLoaded VM initializer; only the final SetAndExecuteScript semantic phase carries the target-attested eight-byte reservation, leaving all nine Float3 temporary homes unchanged"
0x00404C60,21,0x00404C74,FUN_00404c60,th095::GetPhotoBulletScriptBase,BulletManager,matching,100.00,__fastcall,i32 GetPhotoBulletScriptBase(i32 bulletType),false,src/BulletManager.cpp,Canonical relocation-aware VC7.1 comparison: 21/21 bytes and the script-table relocation,authored,Exact bullet-type to base-script table accessor
0x00404C80,127,0x00404CFE,FUN_00404c80,th095::PhotoBulletManagerView::PhotoBulletManagerView,BulletManager,matching,100.00,__thiscall,PhotoBulletManagerView::PhotoBulletManagerView(),false,src/BulletManager.cpp,Canonical relocation-aware VC7.1 comparison: 127/127 bytes and all ten relocations,authored,Exact 1601-element bullet array construction debug trace full manager clear and singleton publication
0x00404D00,185,0x00404DB8,FUN_00404d00,th095::PhotoBulletView::PhotoBulletView,BulletManager,matching,100.00,__thiscall,PhotoBulletView::PhotoBulletView(),false,src/BulletManager.cpp,Canonical relocation-aware VC7.1 comparison: 185/185 bytes and the AnmVm constructor relocation,authored,Exact embedded VM two bullet timers and seven transform-state timer construction
0x00404DC0,52,0x00404DF3,FUN_00404dc0,th095::PhotoBulletView::~PhotoBulletView,BulletManager,matching,100.00,__thiscall,PhotoBulletView::~PhotoBulletView(),false,src/BulletManager.cpp,Canonical relocation-aware VC7.1 comparison: 52/52 bytes and the generated-vertex free relocation,authored,Exact embedded AnmVm teardown
0x00404E00,98,0x00404E61,FUN_00404e00,th095::PhotoBulletManagerView::Initialize,BulletManager,matching,100.00,__thiscall,i32 PhotoBulletManagerView::Initialize(),false,src/BulletManager.cpp,Canonical relocation-aware VC7.1 comparison: 98/98 bytes and all six relocations,authored,Exact bullet.anm ownership pool cursor and sentinel-state initialization
0x00404E70,52,0x00404EA3,FUN_00404e70,th095::LoadPhotoBulletAnm,BulletManager,matching,100.00,__fastcall,i32 LoadPhotoBulletAnm(),false,src/BulletManager.cpp,Canonical relocation-aware VC7.1 comparison: 52/52 bytes and all six relocations,authored,Exact standalone bullet.anm load and Japanese error logging helper
0x00404EB0,20,0x00404EC3,FUN_00404eb0,th095::ReleasePhotoBulletAnm,BulletManager,matching,100.00,__fastcall,i32 ReleasePhotoBulletAnm(),false,src/BulletManager.cpp,Canonical relocation-aware VC7.1 comparison: 20/20 bytes and both relocations,authored,Exact standalone slot-six ANM release helper
0x00404ED0,167,0x00404F76,FUN_00404ed0,th095::PhotoBulletManagerView::~PhotoBulletManagerView,BulletManager,matching,100.00,__thiscall,PhotoBulletManagerView::~PhotoBulletManagerView(),false,src/BulletManager.cpp,Canonical relocation-aware VC7.1 comparison: 167/167 bytes and all fifteen relocations,authored,Exact Chain unlink VM retirement singleton clearing and reverse 1601-element bullet destruction
0x00404F80,316,0x004050BB,FUN_00404f80,th095::PhotoBulletManagerView::Create,BulletManager,matching,100.00,__fastcall,PhotoBulletManagerView *PhotoBulletManagerView::Create(),false,src/BulletManager.cpp,Canonical relocation-aware VC7.1 comparison: 316/316 bytes and all nineteen relocations,authored,Exact allocation initialization and priority-14 calc/draw Chain registration
0x004050C0,95,0x0040511E,FUN_004050c0,th095::PhotoBulletManagerView::Destroy,BulletManager,matching,100.00,__thiscall,void PhotoBulletManagerView::Destroy(),false,src/BulletManager.cpp,Canonical relocation-aware VC7.1 comparison: 95/95 bytes and both relocations,authored,Exact deleting wrapper for the live bullet manager
0x00405120,1835,0x0040584A,FUN_00405120,th095::PhotoBulletManagerView::Update,BulletManager,reconstructed,0.00,__thiscall,i32 PhotoBulletManagerView::Update(),false,src/BulletManager.cpp,Pinned VC7.1 semantic reconstruction has the exact 1835-byte authored extent and all 30 relocation fields resolve; 1684/1715 comparable bytes match,authored,Complete TH095 1600-slot bullet update collision culling ANM execution draw-bucket rebuild and timer loop; 31 compiler-local stack displacement bytes remain non-exact
0x00405850,107,0x004058BA,FUN_00405850,th095::PhotoBulletView::Deactivate,BulletManager,matching,100.00,__thiscall,void PhotoBulletView::Deactivate(),false,src/BulletManager.cpp,Canonical relocation-free VC7.1 comparison: 107/107 bytes,authored,Exact inactive-state transition with both bullet timers reset through the shared ZunTimer assignment shape
0x004058C0,56,0x004058F7,FUN_004058c0,th095::PhotoBulletManagerView::Draw,BulletManager,matching,100.00,__thiscall,i32 PhotoBulletManagerView::Draw(),false,src/BulletManager.cpp,Canonical relocation-aware VC7.1 comparison: 56/56 bytes and the DrawBucket relocation,authored,Exact six-bucket draw dispatcher
0x00405900,180,0x004059B3,FUN_00405900,th095::PhotoBulletManagerView::DrawBucket,BulletManager,matching,100.00,__thiscall,i32 PhotoBulletManagerView::DrawBucket(i32 bucketIndex),false,src/BulletManager.cpp,Canonical relocation-aware VC7.1 comparison: 180/180 bytes and all four relocations,authored,Exact screen-position projection optional direction rotation and ANM drawing over one intrusive bucket
0x004059C0,62,0x004059FD,FUN_004059c0,th095::PhotoBulletManagerView::OnUpdate,BulletManager,matching,100.00,__fastcall,i32 PhotoBulletManagerView::OnUpdate(PhotoBulletManagerView *bulletManager),false,src/BulletManager.cpp,Canonical relocation-aware VC7.1 comparison: 62/62 authored bytes exact with all three relocation destinations,authored,Exact global callback gate forwarding into the complete projectile update; inline EitherFlag closes the former one-byte OR register residual
0x00405A00,45,0x00405A2C,FUN_00405a00,th095::PhotoBulletManagerView::OnDraw,BulletManager,matching,100.00,__fastcall,i32 PhotoBulletManagerView::OnDraw(PhotoBulletManagerView *bulletManager),false,src/BulletManager.cpp,Canonical relocation-aware VC7.1 comparison: 45/45 bytes and both relocations,authored,Exact GameTask flag-two draw gate
0x00405A30,2133,0x00406284,FUN_00405a30,th095::PhotoBulletManagerView::SpawnSingleBullet,BulletManager,reconstructed,0.00,__thiscall,i32 PhotoBulletManagerView::SpawnSingleBullet(PhotoBulletSpawnDescriptor *descriptor; i32 index1; i32 index2; f32 angleToPlayer),false,src/BulletManager.cpp,Pinned VC7.1 semantic reconstruction emits 2037 bytes with complete control flow and all 41 relocation destinations; target 0xE4 versus source 0xB0 frame contains an instruction-unreferenced EBP-0x54..-0x7C interval,authored,Complete 1600-slot allocation aim-mode velocity ANM spawn-state transform bootstrap and cursor-wrap path; a fully live aggregate recovers all five shallow homes but the unexplained 0x2C frame gap remains uncredited
0x004062B0,2479,0x00406C5E,FUN_004062b0,th095::PhotoBulletView::AdvanceTransformProgram,BulletManager,reconstructed,0.00,__thiscall,void PhotoBulletView::AdvanceTransformProgram(),false,src/BulletManager.cpp,Pinned VC7.1 reconstruction emits the exact 2479-byte authored extent plus the 84-byte switch table with all 500 target instruction mnemonics and all 23 relocation destinations; target frame is 0x27C versus source 0x250 because of one instruction-unreferenced 0x2C interval,authored,Complete TH095 transform interpreter with distinct X/Y wrap cases and target-shaped child-pattern parent-despawn control flow; compiler-local frame residual remains uncredited
0x00406CC0,181,0x00406D74,FUN_00406cc0,th095::PhotoBulletManagerView::SpawnBulletPattern,BulletManager,matching,100.00,__thiscall,i32 PhotoBulletManagerView::SpawnBulletPattern(PhotoBulletSpawnDescriptor *descriptor),false,src/BulletManager.cpp,Canonical relocation-aware VC7.1 comparison: 181/181 bytes and all five relocations,authored,Exact TH095 nested count2/count1 pattern fanout with reverse player angle early pool exhaustion and positioned spawn sound
0x00406D80,145,0x00406E10,FUN_00406d80,th095::PhotoBulletView::UpdateDeceleration,BulletManager,matching,100.00,__thiscall,void PhotoBulletView::UpdateDeceleration(),false,src/BulletManager.cpp,Canonical relocation-aware VC7.1 comparison: 145/145 bytes and all five relocations,authored,Exact sixteen-frame five-unit deceleration curve and transform-state retirement
0x00406E20,354,0x00406F81,FUN_00406e20,th095::PhotoBulletView::UpdateVectorAcceleration,BulletManager,matching,100.00,__thiscall,void PhotoBulletView::UpdateVectorAcceleration(),false,src/BulletManager.cpp,Canonical relocation-aware VC7.1 comparison: 354/354 bytes and all six relocations,authored,Exact TH095 vector acceleration including scalar speed accumulation and atan2 direction refresh
0x00406F90,185,0x00407048,FUN_00406f90,th095::PhotoBulletView::UpdatePolarAcceleration,BulletManager,matching,100.00,__thiscall,void PhotoBulletView::UpdatePolarAcceleration(),false,src/BulletManager.cpp,Canonical relocation-aware VC7.1 comparison: 185/185 bytes and all five relocations,authored,Exact frame-scaled angular and speed deltas with raw velocity magnitude
0x00407050,326,0x00407195,FUN_00407050,th095::PhotoBulletView::UpdateRelativeDirectionChange,BulletManager,matching,100.00,__thiscall,void PhotoBulletView::UpdateRelativeDirectionChange(),false,src/BulletManager.cpp,Canonical relocation-aware VC7.1 comparison: 326/326 bytes and all four relocations,authored,Exact repeated relative direction changes with interval slowdown and transform sound
0x004071A0,320,0x004072DF,FUN_004071a0,th095::PhotoBulletView::UpdateAbsoluteDirectionChange,BulletManager,matching,100.00,__thiscall,void PhotoBulletView::UpdateAbsoluteDirectionChange(),false,src/BulletManager.cpp,Canonical relocation-aware VC7.1 comparison: 320/320 bytes and all four relocations,authored,Exact repeated absolute direction changes with interval slowdown and transform sound
0x004072E0,351,0x0040743E,FUN_004072e0,th095::PhotoBulletView::UpdateAimedDirectionChange,BulletManager,matching,100.00,__thiscall,void PhotoBulletView::UpdateAimedDirectionChange(),false,src/BulletManager.cpp,Canonical relocation-aware VC7.1 comparison: 351/351 bytes and all seven relocations,authored,Exact player-aimed repeated direction changes with target-local reverse angle helper
0x00407440,469,0x00407614,FUN_00407440,th095::PhotoBulletView::UpdateBoundaryBounce,BulletManager,reconstructed,0.00,__thiscall,void PhotoBulletView::UpdateBoundaryBounce(),false,src/BulletManager.cpp,Pinned VC7.1 semantic reconstruction emits 462 bytes; the 469-byte target adds only a redundant seven-byte EBP-0x04 self-copy while preserving the 0x10 frame and all 17 relocations,authored,Complete centered-playfield edge detection reflection sound bounce count and transform retirement; bounded union-return integer-return and TH08 member-lineage probes either change frame or behavior or fold to the natural body
0x00407620,182,0x004076D5,FUN_00407620,th095::PhotoBulletView::UpdateHorizontalWrap,BulletManager,matching,100.00,__thiscall,void PhotoBulletView::UpdateHorizontalWrap(),false,src/BulletManager.cpp,Canonical relocation-aware VC7.1 comparison: 182/182 bytes and all five relocations,authored,Exact centered-playfield horizontal wrap and shared wrap-timer retirement
0x004076E0,182,0x00407795,FUN_004076e0,th095::PhotoBulletView::UpdateVerticalWrap,BulletManager,matching,100.00,__thiscall,void PhotoBulletView::UpdateVerticalWrap(),false,src/BulletManager.cpp,Canonical relocation-aware VC7.1 comparison: 182/182 bytes and all five relocations,authored,Exact zero-to-448 vertical wrap and shared wrap-timer retirement
0x004077A0,116,0x00407813,FUN_004077a0,th095::PhotoBulletView::BeginDespawn,BulletManager,matching,100.00,__thiscall,i32 PhotoBulletView::BeginDespawn(),false,src/BulletManager.cpp,Canonical relocation-free VC7.1 comparison: 116/116 bytes,authored,Exact active-or-spawning bullet transition to state 3 with ANM interrupt 1 and timer reset
0x00407820,1122,0x00407C81,FUN_00407820,th095::PhotoBulletManagerView::CapturePhotoTargets,BulletManager,matching,100.00,__thiscall,PhotoBulletView *PhotoBulletManagerView::CapturePhotoTargets(PhotoBulletVector *position; PhotoBulletVector *size),false,src/BulletManager.cpp,Canonical relocation-aware VC7.1 comparison: 1122/1122 bytes and all nine relocations,authored,Exact TH095 camera AABB scan over 1600 bullets; target source reuses maximum as the half-size temporary and target-proven backing identifiers restore the capture-list local lane
0x00407C90,1300,0x004081A3,FUN_00407c90,th095::PhotoBulletManagerView::ClearCapturedBullets,BulletManager,reconstructed,0.00,__thiscall,i32 PhotoBulletManagerView::ClearCapturedBullets(),false,src/BulletManager.cpp,Pinned VC7.1 semantic reconstruction now emits the exact 1300-byte target extent with all 17 relocations and identical 305-instruction topology; only compiler-local stack homes remain non-exact,authored,"Complete TH095 photographed-bullet conversion to script 0x126 effects and color-weighted photo items; maximum reuses the half-size local and CreateVm feeds GetVm directly, but target EBP-0x114/-0x118 remain unreferenced allocator holes"
0x004081B0,102,0x00408215,FUN_004081b0,th095::PhotoBulletManagerView::DespawnAllBullets,BulletManager,matching,100.00,__thiscall,void PhotoBulletManagerView::DespawnAllBullets(),false,src/BulletManager.cpp,Canonical relocation-aware VC7.1 comparison: 102/102 bytes and the BeginDespawn relocation,authored,Exact 1600-slot active-bullet despawn sweep used by photo-stage transitions
0x00408220,1006,0x0040860D,FUN_00408220,th095::PhotoBulletManagerView::CountNearbyTargets,BulletManager,matching,100.00,__thiscall,i32 PhotoBulletManagerView::CountNearbyTargets(PhotoBulletVector *position; f32 radius),false,src/BulletManager.cpp,Canonical relocation-aware VC7.1 comparison: 1006/1006 bytes and all ten relocations,authored,Exact TH095 four-sample camera proximity score with 1/1/4/10 sprite-width weights; const-reference vector ABI and nested positive rejection reproduce target evaluation order
0x00408610,90,0x00408669,FUN_00408610,th095::PhotoCardInfoView::PhotoCardInfoView,PhotoCardInfo,matching,100.00,__thiscall,PhotoCardInfoView::PhotoCardInfoView(),false,src/PhotoCardInfo.cpp,Canonical relocation-aware VC7.1 comparison: 90/90 bytes and all three relocations,authored,Exact CardInf construction debug trace zero initialization and singleton publication
0x00408670,226,0x00408751,FUN_00408670,th095::PhotoCardInfoView::Initialize,PhotoCardInfo,matching,100.00,__thiscall,i32 PhotoCardInfoView::Initialize(char *text),false,src/PhotoCardInfo.cpp,Canonical relocation-aware VC7.1 comparison: 226/226 bytes and all nine VM creation lookup text-render and fade-color relocations,authored,Exact CardInf initializer with two call-site VM allocation blocks and compiler-visible four-byte POD VM handles
0x00408760,104,0x004087C7,FUN_00408760,th095::PhotoCardInfoView::~PhotoCardInfoView,PhotoCardInfo,matching,100.00,__thiscall,PhotoCardInfoView::~PhotoCardInfoView(),false,src/PhotoCardInfo.cpp,Canonical relocation-aware VC7.1 comparison: 104/104 bytes and all eleven relocations,authored,Exact CardInf shutdown Chain unlink VM retirement and singleton clearing
0x004087D0,115,0x00408842,FUN_004087d0,th095::PhotoCardInfoView::Show,PhotoCardInfo,matching,100.00,__thiscall,i32 PhotoCardInfoView::Show(),false,src/PhotoCardInfo.cpp,Canonical relocation-aware VC7.1 comparison: 115/115 bytes and all five relocations,authored,Exact dual-VM interrupt state transition timer reset and screen-fade restoration
0x00408850,314,0x00408989,FUN_00408850,th095::PhotoCardInfoView::Create,PhotoCardInfo,matching,100.00,__fastcall,PhotoCardInfoView *PhotoCardInfoView::Create(char *text),false,src/PhotoCardInfo.cpp,Canonical relocation-aware VC7.1 comparison: 314/314 bytes and all nineteen relocations,authored,Exact allocation initialization and calc/draw Chain registration at priorities 16 and 19
0x00408990,95,0x004089EE,FUN_00408990,th095::PhotoCardInfoView::Destroy,PhotoCardInfo,matching,100.00,__thiscall,void PhotoCardInfoView::Destroy(),false,src/PhotoCardInfo.cpp,Canonical relocation-aware VC7.1 comparison: 95/95 bytes and both relocations,authored,Exact deleting wrapper for the CardInf singleton
0x004089F0,594,0x00408C41,FUN_004089f0,th095::PhotoCardInfoView::Update,PhotoCardInfo,matching,100.00,__thiscall,i32 PhotoCardInfoView::Update(),false,src/PhotoCardInfo.cpp,Canonical relocation-aware VC7.1 comparison: 594/594 bytes and all thirty-six relocations,authored,Exact photograph card label fade state VM visibility placement and timer progression
0x00408C50,16,0x00408C5F,FUN_00408c50,th095::PhotoCardInfoView::Draw,PhotoCardInfo,matching,100.00,__thiscall,i32 PhotoCardInfoView::Draw(),false,src/PhotoCardInfo.cpp,Canonical relocation-free VC7.1 comparison: 16/16 bytes,authored,Exact no-op draw-chain body
0x00408C60,72,0x00408CA7,FUN_00408c60,th095::PhotoCardInfoView::OnUpdate,PhotoCardInfo,matching,100.00,__fastcall,i32 PhotoCardInfoView::OnUpdate(PhotoCardInfoView *self),false,src/PhotoCardInfo.cpp,Canonical relocation-aware VC7.1 comparison: 72/72 bytes and all three relocations,authored,Exact GameTask flag-gated update callback
0x00408CB0,45,0x00408CDC,FUN_00408cb0,th095::PhotoCardInfoView::OnDraw,PhotoCardInfo,matching,100.00,__fastcall,i32 PhotoCardInfoView::OnDraw(PhotoCardInfoView *self),false,src/PhotoCardInfo.cpp,Canonical relocation-aware VC7.1 comparison: 45/45 bytes and both relocations,authored,Exact GameTask flag-gated draw callback
0x00408CE0,247,0x00408DD6,FUN_00408ce0,th095::PhotoEnemyEclManagerView::Load,EclManager,matching,100.00,__thiscall,i32 PhotoEnemyEclManagerView::Load(char *path),false,src/EnemyManagerUpdate.cpp,Canonical relocation-aware VC7.1 comparison: 247/247 bytes and seven relocations,authored,Exact ECL file load/version validation and in-place timeline/subroutine offset rebasing
0x00408DE0,140,0x00408E6B,FUN_00408de0,th095::PhotoEnemyEclManagerView::InitializeContext,EclManager,matching,100.00,__thiscall,i32 PhotoEnemyEclManagerView::InitializeContext(PhotoEnemyEclContextView *context; i16 subroutineId),false,src/EnemyManagerUpdate.cpp,Canonical VC7.1 comparison: 140/140 bytes with no relocations,authored,Exact subroutine entry selection and primary/secondary timer initialization
0x00408E70,27091,0x0040F842,FUN_00408e70,th095::EclManager::RunEcl,EclManager,matching,100.00,__thiscall,ZunResult EclManager::RunEcl(Enemy *),false,src/ecl/EclRun.cpp,Canonical VC7.1 comparison covers the 0x69D3 authored body plus two compiler-owned switch tables through 0x6C63,authored,Exact ECL VM dispatcher and update tail with 647 replayed relocations
0x0040FAE0,1731,0x004101A2,FUN_0040fae0,th095::EclOperands::ResolveInt,EclOperands,matching,100.00,__fastcall,i32 ResolveInt(Enemy *enemy; i32 operand),false,src/EclOperandsInt.cpp,Canonical VC7.1 comparison covers the 1731-byte authored body plus its 340-byte switch table and all 158 relocations,authored,Exact TH095 integer ECL operand resolver with runtime/photo/boss selectors
0x00410300,487,0x004104E6,FUN_00410300,th095::EclOperands::ResolveIntLValue,EclOperands,matching,100.00,__fastcall,i32 *ResolveIntLValue(Enemy *enemy; i32 *operand; u16 flags; i32 flagIndex),false,src/EclOperandsIntLValue.cpp,Canonical VC7.1 comparison covers the 487-byte authored body plus its 177-byte compressed switch tables and all 31 relocations,authored,Exact writable integer ECL operand subset with instruction-flag gate
0x004105A0,1708,0x00410C4B,FUN_004105a0,th095::Enemy::ResolveFloat,EclOperands,matching,100.00,__thiscall,f32 Enemy::ResolveFloat(f32 operand),false,src/EclOperandsFloat.cpp,Canonical VC7.1 comparison covers the 1708-byte authored body plus its 344-byte switch table and all 121 relocations,authored,Exact TH095 float ECL operand resolver with runtime/photo/boss selectors
0x00410DB0,686,0x0041105D,FUN_00410db0,th095::EclOperands::ResolveFloatLValue,EclOperands,matching,100.00,__fastcall,f32 *ResolveFloatLValue(Enemy *enemy; f32 *operand; u16 flags; i32 flagIndex),false,src/EclOperandsFloatLValue.cpp,Canonical VC7.1 comparison covers the 686-byte authored body plus its 233-byte compressed switch tables and all 50 relocations,authored,Exact writable float ECL operand subset distinguishes local and world positions
0x00411150,564,0x00411383,FUN_00411150,th095::EclHelpers::ConfigurePolarMotion,EclManager,matching,100.00,__fastcall,void ConfigurePolarMotion(Enemy *enemy; EclRawInstruction *instruction),false,src/EclHelpers.cpp,Canonical relocation-aware VC7.1 comparison: 564/564 bytes and all 10 relocations,authored,Exact TH095 polar movement interpolation helper with target-local movement flags at enemy +0x2BF4
0x00411390,519,0x00411596,FUN_00411390,th095::EclHelpers::ConfigureRelativeMotion,EclManager,matching,100.00,__fastcall,void ConfigureRelativeMotion(Enemy *enemy; EclRawInstruction *instruction),false,src/EclHelpers.cpp,Canonical relocation-aware VC7.1 comparison: 519/519 bytes and all 4 relocations,authored,Exact TH095 relative movement interpolation helper with target-local movement flags at enemy +0x2BF4
0x004115A0,89,0x004115F8,FUN_004115a0,th095::EclRunLow::InterpolateLinear,EclManager,matching,100.00,__fastcall,void InterpolateLinear(Enemy *enemy; EnemyEclInterpolationSlot *slot; f32 progress),false,src/EclDependencies.cpp,Canonical relocation-aware VC7.1 comparison: 89/89 bytes and all 3 relocations,authored,Exact linear ECL interpolation callback using the shared float lvalue resolver
0x00411600,256,0x004116FF,FUN_00411600,th095::EclRunLow::InterpolateHermite,EclManager,matching,100.00,__fastcall,void InterpolateHermite(Enemy *enemy; EnemyEclInterpolationSlot *slot; f32 progress),false,src/EclDependencies.cpp,Canonical relocation-aware VC7.1 comparison: 256/256 bytes and all 14 relocations,authored,Exact cubic Hermite ECL interpolation callback with eight target-ordered live scalar locals
0x00411700,230,0x004117E5,FUN_00411700,th095::EclRunLow::ApplyInterpolationOperation,EclManager,matching,100.00,__fastcall,void ApplyInterpolationOperation(Enemy *enemy; EclRawInstruction *instruction),false,src/EclDependencies.cpp,Canonical relocation-aware VC7.1 comparison: 230/230 bytes and all 5 relocations,authored,Exact one-shot ECL interpolation operation with resolved source operands and destination lvalue
0x004117F0,520,0x004119F7,FUN_004117f0,th095::EclRunLow::InstallInterpolationSlot,EclManager,matching,100.00,__fastcall,void InstallInterpolationSlot(Enemy *enemy; EclRawInstruction *instruction),false,src/EclDependencies.cpp,Canonical relocation-aware VC7.1 comparison: 520/520 bytes and all 8 relocations,authored,Exact eight-slot ECL interpolation installer and callback-table selector
0x00411A00,1334,0x00411F35,FUN_00411a00,th095::EclRunLow::CompareOperands,EclManager,matching,100.00,__fastcall,EclRawInstruction *CompareOperands(Enemy *enemy; EclRawInstruction *instruction),false,src/EclDependencies.cpp,Canonical VC7.1 comparison covers the 1334-byte authored body plus its 48-byte compiler-owned switch table and all 37 relocations,authored,Exact twelve-opcode comparison and branch helper; proof includes the adjacent 48-byte compiler switch table
0x00411F70,228,0x00412053,FUN_00411f70,th095::EclRunLow::CallSubOnEnemy,EclManager,matching,100.00,__fastcall,void CallSubOnEnemy(Enemy *enemy; EclRawInstruction *instruction; i32 rawSubId),false,src/EclDependencies.cpp,Canonical relocation-aware VC7.1 comparison: 228/228 bytes and all 3 relocations,authored,Exact ECL subroutine call-stack push and TH095 runtime call-parameter copy
0x00412060,281,0x00412178,FUN_00412060,th095::EclRunLow::PopEclContext,EclManager,matching,100.00,__fastcall,i32 PopEclContext(Enemy *enemy; EclRawInstruction *instruction),false,src/EclDependencies.cpp,Canonical relocation-aware VC7.1 comparison: 281/281 bytes and all 3 relocations,authored,Exact ECL return helper with target +0x2CAC argument-slot cleanup and context restore
0x00412180,5,0x00412184,FUN_00412180,th095::utils::DebugPrint,Utils,matching,100.00,__cdecl,void utils::DebugPrint(char *fmt; ...),false,src/utils.cpp,Canonical relocation-free VC7.1 comparison: 5/5 authored bytes exact; 119 accepted callers independently resolve the same symbol,authored,Exact release-build no-op variadic debug sink; TH08 source body is empty when DEBUG is not defined
0x00412190,112,0x004121FF,FUN_00412190,th095::EclRunLow::SetPrimaryAnmScripts,EclManager,matching,100.00,__fastcall,void SetPrimaryAnmScripts(Enemy *enemy; EclRawInstruction *instruction; i32 script0; i32 script1; i32 script2; i32 script3; i32 script4; i32 script5),false,src/EclDependencies.cpp,Canonical relocation-aware VC7.1 comparison: 112/112 bytes; relocation-free,authored,Exact primary enemy ANM script-set writer and direction reset
0x00412200,645,0x00412484,FUN_00412200,th095::EclRunLow::BeginBoundaryAwareMove,EclManager,matching,100.00,__fastcall,void BeginBoundaryAwareMove(Enemy *enemy; EclRawInstruction *instruction),false,src/EclDependencies.cpp,Canonical relocation-aware VC7.1 comparison: 645/645 bytes and all 29 relocations,authored,Exact boundary-aware randomized movement helper using target-local player position +0x1E30; compact movement flags +0x2BF4 and bounds +0x2C3C
0x00412490,471,0x00412666,FUN_00412490,th095::EclRunLow::StartTimedPolarDisplacement,EclManager,matching,100.00,__fastcall,void StartTimedPolarDisplacement(Enemy *enemy; EclRawInstruction *instruction; f32 angle),false,src/EclDependencies.cpp,Canonical relocation-aware VC7.1 comparison: 471/471 bytes and all 8 relocations,authored,Exact timed polar displacement helper; compact movement easing/mode bitfield at enemy +0x2BF4
0x00412670,756,0x00412963,FUN_00412670,,,unclassified,0.00,,,false,,Ghidra 12.1.3 auto-analysis candidate; boundary unreviewed,,
0x00412970,1695,0x0041300E,FUN_00412970,,,unclassified,0.00,,,false,,Ghidra 12.1.3 auto-analysis candidate; boundary unreviewed,,
0x00413030,837,0x00413374,FUN_00413030,th095::Enemy::UpdateShotAndAnm,EnemyManager,matching,100.00,__thiscall,void Enemy::UpdateShotAndAnm(),false,src/EnemyShotAnm.cpp,Canonical relocation-aware VC7.1 comparison: 837/837 bytes and all thirteen timer shot-dispatch ANM-bank and script relocations,authored,Exact TH095 shot cadence and movement-direction ANM coordinator using runtime ANM banks +0x4DF8/+0x4DFC
0x00413380,136,0x00413407,FUN_00413380,th095::EclExtended::SpawnDeathPhotoVms,EclManager,matching,100.00,__fastcall,void SpawnDeathPhotoVms(Enemy *enemy; EclRawInstruction *instruction),false,src/EclExtended.cpp,Canonical relocation-aware VC7.1 comparison: 136/136 authored bytes exact,authored,"Exact ECL extended entry 0: one script-0x123 VM plus thirty-two script-0x122 VMs, sound 0x12, and game speed 0.25"
0x00413410,140,0x0041349B,FUN_00413410,,,unclassified,0.00,,,false,,Ghidra 12.1.3 auto-analysis candidate; boundary unreviewed,,
0x004134A0,378,0x00413619,FUN_004134a0,,,unclassified,0.00,,,false,,Ghidra 12.1.3 auto-analysis candidate; boundary unreviewed,,
0x00413620,293,0x00413744,FUN_00413620,,,unclassified,0.00,,,false,,Ghidra 12.1.3 auto-analysis candidate; boundary unreviewed,,
0x00413750,575,0x0041398E,FUN_00413750,,,unclassified,0.00,,,false,,Ghidra 12.1.3 auto-analysis candidate; boundary unreviewed,,
0x00413990,264,0x00413A97,FUN_00413990,th095::EclExtended::FadeOwnedCapturedBullets,EclManager,matching,100.00,__fastcall,void FadeOwnedCapturedBullets(Enemy *enemy; EclRawInstruction *instruction),false,src/EclExtended.cpp,Canonical relocation-aware VC7.1 comparison: 264/264 authored bytes exact,authored,Exact extended-ECL entry 5: owner-filtered captured bullets receive ANM alpha interpolation slot 2 from 0x40 to 0xFF over 30 frames
0x00413AA0,237,0x00413B8C,FUN_00413aa0,th095::EclExtended::UpdatePlayerProximityAndMarker,EclManager,matching,100.00,__fastcall,void UpdatePlayerProximityAndMarker(Enemy *enemy; EclRawInstruction *instruction),false,src/EclExtended.cpp,Canonical relocation-aware VC7.1 comparison: 237/237 authored bytes exact,authored,Exact ECL extended entry 6: player-distance 1024/4096 thresholds publish +0x2A18 scale and project enemy marker VM
0x00413B90,341,0x00413CE4,FUN_00413b90,th095::EclExtended::UpdateEnemyMarkerVms,EclManager,matching,100.00,__fastcall,void UpdateEnemyMarkerVms(Enemy *enemy; EclRawInstruction *instruction),false,src/EclExtended.cpp,Canonical relocation-aware VC7.1 comparison: 341/341 authored bytes exact,authored,Exact extended-ECL entry 7: projects a 24px movement marker into two ANM VMs and mirrors movement angle
0x00413CF0,164,0x00413D93,FUN_00413cf0,th095::EclExtended::SpawnEnemyMarkerVm,EclManager,matching,100.00,__fastcall,void SpawnEnemyMarkerVm(Enemy *enemy; EclRawInstruction *instruction),false,src/EclExtended.cpp,Canonical relocation-aware VC7.1 comparison: 164/164 authored bytes exact,authored,"Exact extended-ECL entry 8: marker ANM VM creation from runtime +0x4DF8, sprite/flip/rotation copied from enemy VM"
0x00413DA0,79,0x00413DEE,FUN_00413da0,th095::EclExtended::DispatchContextValues,EclManager,matching,100.00,__fastcall,void DispatchContextValues(Enemy *enemy; EclRawInstruction *instruction),false,src/EclExtended.cpp,Canonical relocation-aware VC7.1 comparison: 79/79 authored bytes exact,authored,Exact ECL extended entry 9: forwards four context integer variables through fastcall mode 7 with terminal value 29
0x00413DF0,404,0x00413F83,FUN_00413df0,,,unclassified,0.00,,,false,,Ghidra 12.1.3 auto-analysis candidate; boundary unreviewed,,
0x00413F90,34,0x00413FB1,FUN_00413f90,th095::EclExtended::PublishGameSpeed,EclManager,matching,100.00,__fastcall,void PublishGameSpeed(Enemy *enemy; EclRawInstruction *instruction),false,src/EclExtended.cpp,Canonical relocation-aware VC7.1 comparison: 34/34 authored bytes exact,authored,Exact ECL extended entry 11: context float variable 7 publishes g_AnmGameSpeed
0x00413FC0,92,0x0041401B,FUN_00413fc0,th095::EclExtended::SetBackgroundVmsState2,EclManager,matching,100.00,__fastcall,void SetBackgroundVmsState2(Enemy *enemy; EclRawInstruction *instruction),false,src/EclExtended.cpp,Canonical relocation-aware VC7.1 comparison: 92/92 authored bytes exact,authored,Exact ECL extended entry 12: background dynamic VM handles +0x1FE4/+0x1FE8 receive interrupt 2
0x00414020,102,0x00414085,FUN_00414020,th095::EclExtended::SetBackgroundVmsState3,EclManager,matching,100.00,__fastcall,void SetBackgroundVmsState3(Enemy *enemy; EclRawInstruction *instruction),false,src/EclExtended.cpp,Canonical relocation-aware VC7.1 comparison: 102/102 authored bytes exact,authored,Exact ECL extended entry 13: background dynamic VMs receive interrupt 3 and game speed returns to 1.0
0x00414090,404,0x00414223,FUN_00414090,,,unclassified,0.00,,,false,,Ghidra 12.1.3 auto-analysis candidate; boundary unreviewed,,
0x00414230,45,0x0041425C,FUN_00414230,th095::EclExtended::SetPhotoFlag200,EclManager,matching,100.00,__fastcall,void SetPhotoFlag200(Enemy *enemy; EclRawInstruction *instruction),false,src/EclExtended.cpp,Canonical relocation-aware VC7.1 comparison: 45/45 authored bytes exact,authored,Exact ECL extended entry 15: sets photography runtime flag 0x200
0x00414260,45,0x0041428C,FUN_00414260,th095::EclExtended::ClearPhotoFlag200,EclManager,matching,100.00,__fastcall,void ClearPhotoFlag200(Enemy *enemy; EclRawInstruction *instruction),false,src/EclExtended.cpp,Canonical relocation-aware VC7.1 comparison: 45/45 authored bytes exact,authored,Exact ECL extended entry 16: clears photography runtime flag 0x200
0x00414290,404,0x00414423,FUN_00414290,,,unclassified,0.00,,,false,,Ghidra 12.1.3 auto-analysis candidate; boundary unreviewed,,
0x00414430,161,0x004144D0,FUN_00414430,th095::EclExtended::EnablePhotoTransition,EclManager,matching,100.00,__fastcall,void EnablePhotoTransition(Enemy *enemy; EclRawInstruction *instruction),false,src/EclExtended.cpp,Canonical relocation-aware VC7.1 comparison: 161/161 authored bytes exact,authored,"Exact ECL extended entry 18: flag 0x400, interrupt-2 execute on two background VMs, sound 0x26, game speed 1.0"
0x004144E0,151,0x00414576,FUN_004144e0,th095::EclExtended::DisablePhotoTransition,EclManager,matching,100.00,__fastcall,void DisablePhotoTransition(Enemy *enemy; EclRawInstruction *instruction),false,src/EclExtended.cpp,Canonical relocation-aware VC7.1 comparison: 151/151 authored bytes exact,authored,"Exact ECL extended entry 19: clears flag 0x400, interrupt-3 execute on two background VMs, sound 0x0F"
0x00414580,938,0x00414929,FUN_00414580,th095::EclExtended::RunPhotoTransition,EclManager,matching,100.00,__fastcall,void RunPhotoTransition(Enemy *enemy; EclRawInstruction *instruction),false,src/EclExtended.cpp,Canonical relocation-aware VC7.1 comparison: 938/938 authored bytes exact,authored,"Exact extended-ECL entry 20: complete 120-to-60-frame photography transition coordinator with background VMs, sounds, camera target gating, randomized movement target, and 60-frame interpolation"
0x00414930,183,0x004149E6,FUN_00414930,th095::EclExtended::ResetOwnedBulletMotion,EclManager,matching,100.00,__fastcall,void ResetOwnedBulletMotion(Enemy *enemy; EclRawInstruction *instruction),false,src/EclExtended.cpp,Canonical relocation-aware VC7.1 comparison: 183/183 authored bytes exact,authored,"Exact ECL extended entry 21: scans 1600 0x65C bullets, filters context ownership, clears transform state, and rebuilds 4.5-speed velocity"
0x004149F0,316,0x00414B2B,FUN_004149f0,th095::PhotoEnemyManagerTaskView::Create,EnemyManager,matching,100.00,__fastcall,PhotoEnemyManagerTaskView *PhotoEnemyManagerTaskView::Create(),false,src/EnemyManagerTask.cpp,Canonical relocation-aware VC7.1 comparison: 316/316 bytes and all nineteen allocation lifecycle Chain and failure-cleanup relocations,authored,Exact 0x26AE30 enemy-manager factory; calc priority 12 and draw priority 10
0x00414B30,95,0x00414B8E,FUN_00414b30,th095::PhotoEnemyManagerView::Destroy,EnemyManager,matching,100.00,__thiscall,void PhotoEnemyManagerView::Destroy(),false,src/EnemyManagerUpdate.cpp,Canonical relocation-aware VC7.1 comparison: 95/95 bytes and both relocations,authored,Exact enemy-manager self-destruction entry forwarding full teardown and allocation release
0x00414B90,1196,0x0041503B,FUN_00414b90,th095::PhotoEnemyManagerView::PhotoEnemyManagerView,EnemyManager,reconstructed,0.00,__thiscall,PhotoEnemyManagerView::PhotoEnemyManagerView(),false,src/EnemyManagerUpdate.cpp,Pinned VC7.1 probe has the exact 1196-byte extent and all eleven relocations resolve; 1119/1152 comparable bytes match,authored,Complete natural construction of the spawn template sixteen timelines and 128-enemy pool plus TH095 trail ECL photo-target and bullet defaults; 33 target-only compiler local-frame displacement bytes remain non-exact
0x00415040,641,0x004152C0,FUN_00415040,th095::PhotoEnemyView::PhotoEnemyView,EnemyManager,matching,100.00,__thiscall,PhotoEnemyView::PhotoEnemyView(),false,src/EnemyManagerUpdate.cpp,Canonical relocation-aware VC7.1 comparison: 641/641 bytes and seven relocations,authored,Exact natural construction of embedded ANM VM seventeen ECL contexts nine timers bullet descriptor 96 trail samples and 194 trail vertices
0x004152D0,52,0x00415303,FUN_004152d0,th095::PhotoEnemyView::~PhotoEnemyView,EnemyManager,matching,100.00,__thiscall,PhotoEnemyView::~PhotoEnemyView(),false,src/EnemyManagerUpdate.cpp,Canonical relocation-aware VC7.1 comparison: 52/52 bytes and one relocation,authored,Exact member destructor forwarding generated-vertex cleanup through embedded AnmVm ownership
0x00415310,181,0x004153C4,FUN_00415310,th095::PhotoEnemyEclContextView::PhotoEnemyEclContextView,EnemyManager,matching,100.00,__thiscall,PhotoEnemyEclContextView::PhotoEnemyEclContextView(),false,src/EnemyManagerUpdate.cpp,Canonical relocation-free VC7.1 comparison: 181/181 bytes,authored,Exact construction of primary and secondary ECL timers plus eight interpolation-slot timers in the 0x230-byte context
0x004153D0,260,0x004154D3,FUN_004153d0,th095::PhotoEnemyManagerView::LoadResources,EnemyManager,matching,100.00,__thiscall,i32 PhotoEnemyManagerView::LoadResources(),false,src/EnemyManagerUpdate.cpp,Canonical relocation-aware VC7.1 comparison: 260/260 bytes and twelve relocations,authored,Exact scene-selected enemy ANM/ECL loading and naturally constructed 0x188-byte ECL manager ownership
0x004154E0,480,0x004156BF,FUN_004154e0,th095::PhotoEnemyManagerView::~PhotoEnemyManagerView,EnemyManager,matching,100.00,__thiscall,PhotoEnemyManagerView::~PhotoEnemyManagerView(),false,src/EnemyManagerUpdate.cpp,Canonical relocation-aware VC7.1 comparison: 480/480 bytes and all twenty-two Chain argument ECL ANM vector and member-cleanup relocations,authored,Exact enemy-manager teardown; inline child destructor and call-site argument ownership preserve target cleanup allocation phases
0x004156C0,350,0x0041581D,FUN_004156c0,th095::PhotoEnemyManagerView::Spawn,EnemyManager,matching,100.00,__thiscall,PhotoEnemyView *PhotoEnemyManagerView::Spawn(i32 subroutineId; const Float3 *position; i32 life; i32 itemDrop; i32 score; u32 mirrorMovementX),false,src/EnemyManagerUpdate.cpp,Canonical relocation-aware VC7.1 comparison: 350/350 bytes and three relocations,authored,Exact 128-slot free-enemy scan template copy ECL bootstrap failure cleanup and life score item display-color initialization
0x00415820,336,0x0041596F,FUN_00415820,th095::PhotoEnemyManagerView::SpawnWithContext,EnemyManager,matching,100.00,__thiscall,PhotoEnemyView *PhotoEnemyManagerView::SpawnWithContext(i32 subroutineId; const Float3 *position; i32 life; i32 itemDrop; i32 score; const i32 *contextValues),false,src/EnemyManagerUpdate.cpp,Canonical relocation-aware VC7.1 comparison: 336/336 bytes and three relocations,authored,Exact template-based spawn variant that copies 0x80 bytes of caller-provided values into the freshly initialized main ECL context
0x00415970,1853,0x004160AC,FUN_00415970,th095::PhotoEnemyManagerView::OnUpdate,EnemyManager,reconstructed,0.00,__fastcall,i32 PhotoEnemyManagerView::OnUpdate(PhotoEnemyManagerView *enemyManager),false,src/EnemyManagerUpdate.cpp,Pinned VC7.1 semantic reconstruction emits 1829 bytes and all 448 target instruction mnemonics versus the 1853-byte target; the remaining target-only 32-byte allocator interval shifts only deep compiler homes,authored,Complete 128-slot TH095 enemy update timeline ECL movement attached-VM interpolation photo-marker pulse lifecycle collision culling draw-group and timer loop; compiler inline-temporary allocation remains non-exact
0x004160B0,308,0x004161E3,FUN_004160b0,th095::PhotoEnemyView::IntegrateMovement,EnemyManager,matching,100.00,__thiscall,void PhotoEnemyView::IntegrateMovement(),false,src/EnemyManagerUpdate.cpp,Canonical relocation-aware VC7.1 comparison: 308/308 bytes and four relocations,authored,Exact D3DX position-delta previous-position and game-speed velocity integration
0x004161F0,56,0x00416227,FUN_004161f0,th095::PhotoEnemyManagerTaskView::Draw,EnemyManager,matching,100.00,__thiscall,i32 PhotoEnemyManagerTaskView::Draw(),false,src/EnemyManagerTask.cpp,Canonical relocation-aware VC7.1 comparison: 56/56 bytes and DrawGroup relocation,authored,Exact four-group enemy draw traversal wrapper
0x00416230,93,0x0041628C,FUN_00416230,th095::PhotoEnemyManagerTaskView::DrawGroup,EnemyManager,matching,100.00,__thiscall,i32 PhotoEnemyManagerTaskView::DrawGroup(i32 groupIndex),false,src/EnemyManagerTask.cpp,Canonical relocation-aware VC7.1 comparison: 93/93 bytes and all three projection and ANM draw relocations,authored,Exact draw-group linked-list traversal from manager +0x4DC0
0x00416290,81,0x004162E0,FUN_00416290,th095::PhotoEnemyManagerTaskView::OnUpdate,EnemyManager,matching,100.00,__fastcall,i32 PhotoEnemyManagerTaskView::OnUpdate(PhotoEnemyManagerTaskView *manager),false,src/EnemyManagerTask.cpp,Canonical relocation-aware VC7.1 comparison: 81/81 bytes and all four photo-global/update relocations,authored,Exact shared-return update gate for photo-global bits 0/1/2
0x004162F0,45,0x0041631C,FUN_004162f0,th095::PhotoEnemyManagerTaskView::OnDraw,EnemyManager,matching,100.00,__fastcall,i32 PhotoEnemyManagerTaskView::OnDraw(PhotoEnemyManagerTaskView *manager),false,src/EnemyManagerTask.cpp,Canonical relocation-aware VC7.1 comparison: 45/45 bytes and both photo-global/draw relocations,authored,Exact photo-global bit-2 draw gate
0x00416320,208,0x004163EF,FUN_00416320,th095::PhotoEnemyView::ClampPosition,EnemyManager,matching,100.00,__thiscall,void PhotoEnemyView::ClampPosition(),false,src/EnemyManagerUpdate.cpp,Canonical relocation-free VC7.1 comparison: 208/208 bytes,authored,Exact optional XY clamp against the target-local enemy movement bounds
0x004163F0,818,0x00416721,FUN_004163f0,th095::PhotoEnemyTimelineView::Run,EnemyManager,matching,100.00,__thiscall,void PhotoEnemyTimelineView::Run(),false,src/EnemyManagerUpdate.cpp,Canonical relocation-aware VC7.1 comparison: 818/818 authored bytes exact plus the adjacent 64-byte compiler switch table; all 37 code/table relocations replay,authored,"Exact sixteen-opcode enemy timeline interpreter; TH08 raw-argument ancestry, GetRandomF32InRange lowering, and one fully-live 20-byte special-spawn record reproduce all target local homes without padding"
0x00416770,101,0x004167D4,FUN_00416770,th095::PhotoEnemyView::UpdatePhotoMarkerPulse,EnemyManager,matching,100.00,__thiscall,void PhotoEnemyView::UpdatePhotoMarkerPulse(),false,src/EnemyManagerUpdate.cpp,Canonical relocation-aware VC7.1 comparison: 101/101 bytes and one relocation,authored,Exact photo-marker pulse countdown and visibility-bit retirement
0x004167E0,48,0x0041680F,FUN_004167e0,th095::PhotoEnemyView::RestartEcl,EnemyManager,matching,100.00,__thiscall,void PhotoEnemyView::RestartEcl(),false,src/EnemyManagerUpdate.cpp,Canonical relocation-aware VC7.1 comparison: 48/48 bytes and two relocations,authored,Exact main ECL context restart through enemy subroutine id at +0x2898
0x00416810,188,0x004168CB,FUN_00416810,th095::PhotoEnemyManagerView::ResetNonPhotoTargetsAndPhotoTargetEcls,EnemyManager,matching,100.00,__fastcall,void PhotoEnemyManagerView::ResetNonPhotoTargetsAndPhotoTargetEcls(PhotoEnemyManagerView *enemyManager),false,src/EnemyManagerUpdate.cpp,Canonical relocation-aware VC7.1 comparison: 188/188 bytes and two relocations,authored,Exact non-photo-target reset plus alternate ECL restart for eight tracked photo targets
0x004168D0,1274,0x00416DC9,FUN_004168d0,th095::PhotoRuntimeView::CountPhotoTargets,EnemyManager,matching,100.00,__thiscall,i32 PhotoRuntimeView::CountPhotoTargets(const Float3 *position; const Float3 *size),false,src/PhotoRuntime.cpp,Canonical relocation-aware VC7.1 comparison: 1274/1274 bytes and all 17 relocations; fully live 0x104 frame,authored,"Exact 128-enemy photo-target capture scan; target flag gate, ECL restart, five item spawns, full-live local aggregate, inline vector divide, and non-compound capture-maximum addition"
0x00416DD0,92,0x00416E2B,FUN_00416dd0,th095::PhotoEnemyManagerView::ResetNonPhotoTargets,EnemyManager,matching,100.00,__fastcall,void PhotoEnemyManagerView::ResetNonPhotoTargets(PhotoEnemyManagerView *enemyManager),false,src/EnemyManagerUpdate.cpp,Canonical relocation-aware VC7.1 comparison: 92/92 bytes and one relocation,authored,Exact 128-slot sweep that deactivates every non-photo-target enemy
0x00416E30,73,0x00416E78,FUN_00416e30,th095::PhotoEnemyManagerView::RestartPhotoTargetEcls,EnemyManager,matching,100.00,__fastcall,void PhotoEnemyManagerView::RestartPhotoTargetEcls(PhotoEnemyManagerView *enemyManager),false,src/EnemyManagerUpdate.cpp,Canonical relocation-aware VC7.1 comparison: 73/73 bytes and one relocation,authored,Exact eight-slot photo-target ECL restart sweep
0x00416E80,175,0x00416F2E,FUN_00416e80,th095::PhotoEnemyView::Deactivate,EnemyManager,matching,100.00,__thiscall,void PhotoEnemyView::Deactivate(),false,src/EnemyManagerUpdate.cpp,Canonical relocation-aware VC7.1 comparison: 175/175 bytes and five relocations,authored,Exact VM retirement sixteen-allocation cleanup and full 0x4CC0 enemy reset
0x00416F30,309,0x00417064,FUN_00416f30,th095::PhotoEnemyView::UpdateScheduledEclCalls,EnemyManager,matching,100.00,__thiscall,i32 PhotoEnemyView::UpdateScheduledEclCalls(),false,src/EnemyManagerUpdate.cpp,Canonical relocation-aware VC7.1 comparison: 309/309 bytes and all five relocations,authored,Exact ten-slot scheduled ECL dispatch with argument cleanup state restore and latch reset
0x00417070,121,0x004170E8,FUN_00417070,th095::PhotoFrontManagerView::PhotoFrontManagerView,PhotoFront,matching,100.00,__thiscall,PhotoFrontManagerView::PhotoFrontManagerView(),false,src/PhotoFront.cpp,Canonical relocation-aware VC7.1 comparison: 121/121 bytes and all ten relocations,authored,Exact six-VM manager constructor clears the 0x10D4 object and publishes the global owner
0x004170F0,521,0x004172F8,FUN_004170f0,th095::PhotoFrontManagerView::Initialize,PhotoFront,reconstructed,0.00,__thiscall,i32 PhotoFrontManagerView::Initialize(),false,src/PhotoFront.cpp,Pinned VC7.1 semantic probe reproduces all calls branches scripts and VM initialization but emits 455 bytes versus the 521-byte target,authored,Complete front.anm initialization and replay or scene-specific VM setup; unexplained target-only 0x108 compiler-local frame footprint receives no exact credit
0x00417300,52,0x00417333,FUN_00417300,th095::LoadPhotoFrontAnm,PhotoFront,matching,100.00,__fastcall,i32 __fastcall LoadPhotoFrontAnm(),false,src/PhotoFront.cpp,Canonical relocation-aware VC7.1 comparison: 52/52 bytes and all six relocations,authored,Exact standalone front.anm preload entry with target error reporting
0x00417340,20,0x00417353,FUN_00417340,th095::ReleasePhotoFrontAnm,PhotoFront,matching,100.00,__fastcall,i32 __fastcall ReleasePhotoFrontAnm(),false,src/PhotoFront.cpp,Canonical relocation-aware VC7.1 comparison: 20/20 bytes and both relocations,authored,Exact standalone front.anm release entry
0x00417360,161,0x00417400,FUN_00417360,th095::PhotoFrontManagerView::~PhotoFrontManagerView,PhotoFront,matching,100.00,__thiscall,PhotoFrontManagerView::~PhotoFrontManagerView(),false,src/PhotoFront.cpp,Canonical relocation-aware VC7.1 comparison: 161/161 bytes and all fifteen relocations,authored,Exact Chain unlink ANM retirement global reset and six-VM vector destruction
0x00417410,316,0x0041754B,FUN_00417410,th095::PhotoFrontManagerView::Create,PhotoFront,matching,100.00,__fastcall,PhotoFrontManagerView *__fastcall PhotoFrontManagerView::Create(),false,src/PhotoFront.cpp,Canonical relocation-aware VC7.1 comparison: 316/316 bytes and all nineteen relocations,authored,Exact factory allocates initializes and registers update and draw Chain nodes with complete failure cleanup
0x00417550,95,0x004175AE,FUN_00417550,th095::PhotoFrontManagerView::Destroy,PhotoFront,matching,100.00,__thiscall,void PhotoFrontManagerView::Destroy(),false,src/PhotoFront.cpp,Canonical relocation-aware VC7.1 comparison: 95/95 bytes and both relocations,authored,Exact self-destruction wrapper invokes the full manager destructor and operator delete
0x004175B0,873,0x00417918,FUN_004175b0,th095::PhotoFrontManagerView::Update,PhotoFront,matching,100.00,__thiscall,i32 PhotoFrontManagerView::Update(),false,src/PhotoFront.cpp,Canonical relocation-aware VC7.1 comparison: 873/873 bytes and all twenty-four relocations,authored,Exact TH095 completion timer digits hundredths HUD fade and ten-second or five-second ANM interrupt transitions
0x00417920,80,0x0041796F,FUN_00417920,th095::PhotoFrontManagerView::Draw,PhotoFront,matching,100.00,__thiscall,i32 PhotoFrontManagerView::Draw(),false,src/PhotoFront.cpp,Canonical relocation-aware VC7.1 comparison: 80/80 bytes and both relocations,authored,Exact six-VM front HUD draw loop gated by the stage capture flag
0x00417970,45,0x0041799C,FUN_00417970,th095::PhotoFrontManagerView::OnUpdate,PhotoFront,matching,100.00,__fastcall,i32 __fastcall PhotoFrontManagerView::OnUpdate(PhotoFrontManagerView *front),false,src/PhotoFront.cpp,Canonical relocation-aware VC7.1 comparison: 45/45 bytes and both relocations,authored,Exact game-task-gated Chain update callback
0x004179A0,45,0x004179CC,FUN_004179a0,th095::PhotoFrontManagerView::OnDraw,PhotoFront,matching,100.00,__fastcall,i32 __fastcall PhotoFrontManagerView::OnDraw(PhotoFrontManagerView *front),false,src/PhotoFront.cpp,Canonical relocation-aware VC7.1 comparison: 45/45 bytes and both relocations,authored,Exact game-task-gated Chain draw callback
0x004179D0,148,0x00417A63,FUN_004179d0,th095::PhotoGameTaskView::PhotoGameTaskView,PhotoGameTask,matching,100.00,__thiscall,PhotoGameTaskView::PhotoGameTaskView(),false,src/PhotoGameTask.cpp,Canonical relocation-aware VC7.1 comparison: 148/148 bytes and all three relocations,authored,Exact task constructor restores nested timer and runtime-configuration construction before clearing the 0x124-byte object
0x00417A70,682,0x00417D19,FUN_00417a70,th095::PhotoGameTaskView::InitializeSubsystems,PhotoGameTask,matching,100.00,__thiscall,i32 PhotoGameTaskView::InitializeSubsystems(),false,src/PhotoGameTask.cpp,Canonical relocation-aware VC7.1 comparison: 682/682 bytes and all thirty-six relocations,authored,Exact live-game coordinator copies runtime state validates best-shot persistence creates ten subsystems starts scene music and clears both clocks
0x00417D20,335,0x00417E6E,FUN_00417d20,th095::PhotoGameTaskView::Load,PhotoGameTask,matching,100.00,__fastcall,void __fastcall PhotoGameTaskView::Load(void *argument),false,src/PhotoGameTask.cpp,Canonical relocation-aware VC7.1 comparison: 335/335 bytes and all twenty-four relocations,authored,Exact asynchronous loader waits for capture completion creates the live subsystem graph configures music and publishes success or failure state
0x00417E70,271,0x00417F7E,FUN_00417e70,th095::PhotoGameTaskView::~PhotoGameTaskView,PhotoGameTask,matching,100.00,__thiscall,PhotoGameTaskView::~PhotoGameTaskView(),false,src/PhotoGameTask.cpp,Canonical relocation-aware VC7.1 comparison: 271/271 bytes and all twenty-seven relocations,authored,Exact task destructor tears down the subsystem ownership graph cuts both Chain nodes stops audio conditionally and selects the fade color
0x00417F80,284,0x0041809B,FUN_00417f80,th095::PhotoGameTaskView::Create,PhotoGameTask,matching,100.00,__fastcall,PhotoGameTaskView *__fastcall PhotoGameTaskView::Create(i32 replayMode),false,src/PhotoGameTask.cpp,Canonical relocation-aware VC7.1 comparison: 284/284 bytes and all twenty relocations,authored,Exact factory allocates the task registers calc and draw callbacks and launches the asynchronous replay scan worker
0x004180A0,95,0x004180FE,FUN_004180a0,th095::PhotoGameTaskView::Destroy,PhotoGameTask,matching,100.00,__thiscall,void PhotoGameTaskView::Destroy(),false,src/PhotoGameTask.cpp,Canonical relocation-aware VC7.1 comparison: 95/95 bytes and both relocations,authored,Exact self-destruction wrapper invokes the complete task destructor and operator delete
0x00418100,790,0x00418415,FUN_00418100,th095::PhotoGameTaskView::Update,PhotoGameTask,matching,100.00,__thiscall,i32 PhotoGameTaskView::Update(),false,src/PhotoGameTask.cpp,Canonical relocation-aware VC7.1 comparison: 790/790 bytes and all twenty-eight relocations,authored,Exact TH095 gameplay task coordinator for replay exit help closure captured-photo VM execution completion countdown sound cues photo-target ECL restart and stage timing
0x00418420,617,0x00418688,FUN_00418420,th095::PhotoGameTaskView::DrawHud,PhotoGameTask,matching,100.00,__thiscall,i32 PhotoGameTaskView::DrawHud(),false,src/PhotoGameTask.cpp,Canonical relocation-aware VC7.1 comparison: 617/617 bytes and all thirty-six relocations,authored,Exact TH095 photography HUD for fade alpha high score current score photo capacity and normal or extra scene labels
0x00418690,19,0x004186A2,FUN_00418690,th095::PhotoGameTaskView::OnUpdate,PhotoGameTask,matching,100.00,__fastcall,i32 __fastcall PhotoGameTaskView::OnUpdate(PhotoGameTaskView *task),false,src/PhotoGameTask.cpp,Canonical relocation-aware VC7.1 comparison: 19/19 bytes and the sole relocation,authored,Exact Chain update callback forwards to the live task runtime
0x004186B0,19,0x004186C2,FUN_004186b0,th095::PhotoGameTaskView::OnDraw,PhotoGameTask,matching,100.00,__fastcall,i32 __fastcall PhotoGameTaskView::OnDraw(PhotoGameTaskView *task),false,src/PhotoGameTask.cpp,Canonical relocation-aware VC7.1 comparison: 19/19 bytes and the sole relocation,authored,Exact Chain draw callback forwards to the photography HUD
0x004186D0,71,0x00418716,FUN_004186d0,th095::PhotoToScreen,GameCoordinates,matching,100.00,__fastcall,Float3 *PhotoToScreen(Float3 *output; const Float3 *position),false,src/GameCoordinates.cpp,Canonical relocation-aware VC7.1 comparison: 71/71 bytes and three relocations,authored,Exact TH095 world-to-screen translation used by enemy photo and rendering paths
0x00418720,471,0x004188F6,FUN_00418720,th095::GameConfiguration::Initialize,Main,matching,100.00,__thiscall,void GameConfiguration::Initialize(),false,src/Main.cpp,main-config-initialize canonical VC7.1 relocation replay,authored,Exact 200-byte reset defaults and runtime-to-serialized controller mapping
0x00418900,99,0x00418962,FUN_00418900,th095::ChainElem::ChainElem,Chain,matching,100.00,__thiscall,ChainElem::ChainElem(),false,src/Global.cpp,Canonical relocation-free VC7.1 comparison: 99/99 bytes,authored,Exact intrusive chain node constructor
0x00418970,82,0x004189C1,FUN_00418970,th095::ChainElem::~ChainElem,Chain,matching,100.00,__thiscall,ChainElem::~ChainElem(),false,src/Global.cpp,Canonical relocation-free VC7.1 comparison: 82/82 bytes,authored,Exact callback-aware intrusive chain node destructor
0x004189D0,78,0x00418A1D,FUN_004189d0,th095::Chain::Chain,Chain,matching,100.00,__thiscall,Chain::Chain(),false,src/Global.cpp,Canonical relocation-aware VC7.1 comparison: 78/78 bytes with six relocations,authored,Exact dual-list Chain constructor and EH cleanup
0x00418A20,260,0x00418B23,FUN_00418a20,th095::Chain::AddToCalcChain,Chain,matching,100.00,__thiscall,i32 Chain::AddToCalcChain(ChainElem *elem; i32 priority),false,src/Global.cpp,Canonical relocation-aware VC7.1 comparison: 260/260 bytes with eight relocations,authored,Exact priority-ordered calculation-chain insertion
0x00418B30,263,0x00418C36,FUN_00418b30,th095::Chain::AddToDrawChain,Chain,matching,100.00,__thiscall,i32 Chain::AddToDrawChain(ChainElem *elem; i32 priority),false,src/Global.cpp,Canonical relocation-aware VC7.1 comparison: 263/263 bytes with eight relocations,authored,Exact priority-ordered drawing-chain insertion
0x00418C40,315,0x00418D7A,FUN_00418c40,th095::Chain::RunCalcChain,Chain,matching,100.00,__thiscall,i32 Chain::RunCalcChain(),false,src/Global.cpp,Canonical VC7.1 comparison: 315 authored bytes plus exact 28-byte switch table and 25 relocations,authored,Exact calculation-chain dispatcher including restart and exit states
0x00418DA0,314,0x00418ED9,FUN_00418da0,th095::Chain::RunDrawChain,Chain,matching,100.00,__thiscall,i32 Chain::RunDrawChain(),false,src/Global.cpp,Canonical VC7.1 comparison: 314 authored bytes plus exact 24-byte switch table and 24 relocations,authored,Exact drawing-chain dispatcher and callback removal path
0x00418F00,381,0x0041907C,FUN_00418f00,th095::Chain::ReleaseSingleChain,Chain,matching,100.00,__thiscall,void Chain::ReleaseSingleChain(ChainElem *root),false,src/Global.cpp,Canonical relocation-aware VC7.1 comparison: 381/381 bytes with 13 relocations,authored,Exact snapshot-based reentrant chain release
0x00419080,48,0x004190AF,FUN_00419080,th095::Chain::Release,Chain,matching,100.00,__thiscall,void Chain::Release(),false,src/Global.cpp,Canonical relocation-aware VC7.1 comparison: 48/48 bytes with four relocations,authored,Exact replay-worker stop and dual-chain release
0x004190B0,161,0x00419150,FUN_004190b0,th095::Chain::CreateElem,Chain,matching,100.00,__thiscall,ChainElem *Chain::CreateElem(ChainCallback callback),false,src/Global.cpp,Canonical relocation-aware VC7.1 comparison: 161/161 bytes with six relocations,authored,Exact heap-owned chain-node factory
0x00419160,97,0x004191C0,FUN_00419160,th095::Chain::Cut,Chain,matching,100.00,__thiscall,void Chain::Cut(ChainElem *toRemove),false,src/Global.cpp,Canonical relocation-aware VC7.1 comparison: 97/97 bytes with nine relocations,authored,Exact synchronized public chain unlink wrapper
0x004191D0,458,0x00419399,FUN_004191d0,th095::Chain::CutImpl,Chain,matching,100.00,__thiscall,void Chain::CutImpl(ChainElem *toRemove),false,src/Global.cpp,Canonical relocation-aware VC7.1 comparison: 458/458 bytes with 18 relocations,authored,Exact dual-list lookup unlink deletion and lifetime callback core
0x004193A0,101,0x00419404,FUN_004193a0,th095::Controller::GetJoystickCaps,Controller,matching,100.00,__fastcall,u16 Controller::GetJoystickCaps(),false,src/Controller.cpp,Canonical relocation-aware VC7.1 comparison: 101/101 bytes with seven relocations,authored,Exact WinMM joystick discovery and capability query
0x00419410,1030,0x00419815,FUN_00419410,th095::Controller::GetControllerInput,Controller,matching,100.00,__fastcall,u16 Controller::GetControllerInput(i32 controllerIndex; i32 joystickIndex; u16 buttons),false,src/Controller.cpp,Canonical relocation-aware VC7.1 comparison: 1030/1030 bytes with 37 relocations,authored,Exact per-slot WinMM and DirectInput controller mapping
0x00419820,118,0x00419895,FUN_00419820,th095::Controller::SetButtonFromDirectInputJoystate,Controller,matching,100.00,__fastcall,u32 Controller::SetButtonFromDirectInputJoystate(u16 *outButtons; i16 controllerButtonToTest; u16 touhouButton; u8 *inputButtons),false,src/Controller.cpp,Canonical relocation-aware VC7.1 comparison: 118/118 bytes without relocations,authored,Exact DirectInput button-to-game-bit mapper
0x004198A0,111,0x0041990E,FUN_004198a0,th095::Controller::SetButtonFromControllerInputs,Controller,matching,100.00,__fastcall,u32 Controller::SetButtonFromControllerInputs(u16 *outButtons; i16 controllerButtonToTest; u16 touhouButton; u32 inputButtons),false,src/Controller.cpp,Canonical relocation-aware VC7.1 comparison: 111/111 bytes without relocations,authored,Exact WinMM button-to-game-bit mapper
0x00419910,460,0x00419ADB,FUN_00419910,th095::Controller::GetControllerState,Controller,matching,100.00,__fastcall,u8 *Controller::GetControllerState(i32 deviceIndex),false,src/Controller.cpp,Canonical relocation-aware VC7.1 comparison: 460/460 bytes with 23 relocations,authored,Exact raw 32-button WinMM and 128-button DirectInput state reader
0x00419AE0,2662,0x0041A545,FUN_00419ae0,th095::Controller::GetInput,Controller,reconstructed,0.00,__fastcall,u16 Controller::GetInput(i32 inputIndex),false,src/Controller.cpp,Pinned VC7.1 semantic probe is 2655 bytes versus the 2662-byte target after complete target-local input recovery,authored,Complete keyboard and dual-controller aggregation with repeat pressed and released histories; compiler temporary ordering remains non-exact
0x0041A550,110,0x0041A5BD,FUN_0041a550,th095::Controller::ResetKeyboard,Controller,matching,100.00,__fastcall,void Controller::ResetKeyboard(),false,src/Controller.cpp,Canonical relocation-aware VC7.1 comparison: 110/110 bytes with two relocations,authored,Exact Win32 keyboard toggle-state reset loop
0x0041A5C0,464,0x0041A78F,FUN_0041a5c0,th095::FileSystem::Decrypt,FileSystem,matching,100.00,__fastcall,LPBYTE FileSystem::Decrypt(LPBYTE data; i32 size; u8 xorValue; u8 xorValueIncrement; i32 chunkSize; i32 maxBytes),false,src/FileSystem.cpp,Canonical relocation-aware VC7.1 comparison: 464/464 bytes with two relocations,authored,Exact in-place TH095 chunk permutation and XOR decode
0x0041A790,464,0x0041A95F,FUN_0041a790,th095::FileSystem::Encrypt,FileSystem,matching,100.00,__fastcall,LPBYTE FileSystem::Encrypt(LPBYTE data; i32 size; u8 xorValue; u8 xorValueIncrement; i32 chunkSize; i32 maxBytes),false,src/FileSystem.cpp,Canonical relocation-aware VC7.1 comparison: 464/464 bytes with two relocations,authored,Exact in-place TH095 chunk permutation and XOR encode
0x0041A960,576,0x0041AB9F,FUN_0041a960,th095::FileSystem::OpenFile,FileSystem,matching,100.00,__fastcall,LPBYTE FileSystem::OpenFile(LPCSTR path; i32 *fileSize; BOOL isExternalResource),false,src/FileSystem.cpp,Canonical relocation-aware VC7.1 comparison: 576/576 bytes with 37 relocations,authored,Exact archive-or-disk loader with critical-section accounting
0x0041ABA0,175,0x0041AC4E,FUN_0041aba0,th095::FileSystem::CheckIfFileAlreadyExists,FileSystem,matching,100.00,__fastcall,BOOL FileSystem::CheckIfFileAlreadyExists(LPCSTR path),false,src/FileSystem.cpp,Canonical relocation-aware VC7.1 comparison: 175/175 bytes with 14 relocations,authored,Exact external-file existence probe with critical-section accounting
0x0041AC50,362,0x0041ADB9,FUN_0041ac50,th095::FileSystem::WriteDataToFile,FileSystem,matching,100.00,__fastcall,i32 FileSystem::WriteDataToFile(char *path; void *data; i32 size),false,src/FileWrite.cpp,Canonical relocation-aware VC7.1 comparison: 362/362 authored bytes exact,authored,Exact one-shot write under critical section 2 with active-count accounting FormatMessageA diagnostics and full-length verification
0x0041ADC0,214,0x0041AE95,FUN_0041adc0,th095::FileSystem::OpenWriteFile,FileSystem,matching,100.00,__fastcall,i32 FileSystem::OpenWriteFile(char *path),false,src/FileWrite.cpp,Canonical relocation-aware VC7.1 comparison: 214/214 authored bytes exact,authored,Exact write-handle open that retains critical section 2 until the shared close primitive
0x0041AEA0,214,0x0041AF75,FUN_0041aea0,th095::ReplayFile::Open,ReplayManager,matching,100.00,__fastcall,i32 ReplayFile::Open(char *path),false,src/FileWrite.cpp,Canonical relocation-aware VC7.1 comparison: 214/214 authored bytes exact,authored,Exact replay read-open using shared handle and sequential-scan CreateFileA flags
0x0041AF80,147,0x0041B012,FUN_0041af80,th095::FileSystem::WriteToOpenFile,FileSystem,matching,100.00,__fastcall,i32 FileSystem::WriteToOpenFile(void *data; u32 size),false,src/FileWrite.cpp,Canonical relocation-aware VC7.1 comparison: 147/147 authored bytes exact,authored,Exact shared open-handle write primitive; target is also aliased by ReplayFile::Write and ScoreFileWriter::Write callers
0x0041B020,107,0x0041B08A,FUN_0041b020,th095::ReplayFile::Read,ReplayManager,matching,100.00,__fastcall,void *ReplayFile::Read(u32 size),false,src/FileWrite.cpp,Canonical relocation-aware VC7.1 comparison: 107/107 authored bytes exact,authored,Exact malloc-backed replay read primitive using one live two-field semantic aggregate for data and bytesRead
0x0041B090,81,0x0041B0E0,FUN_0041b090,th095::FileSystem::CloseWriteFile,FileSystem,matching,100.00,__fastcall,i32 FileSystem::CloseWriteFile(),false,src/FileWrite.cpp,Canonical relocation-aware VC7.1 comparison: 81/81 authored bytes exact,authored,Exact shared handle close releasing critical section 2 and decrementing its active-count byte
0x0041B0F0,385,0x0041B270,FUN_0041b0f0,th095::GameErrorContext::Log,Main,matching,100.00,__cdecl,const char *GameErrorContext::Log(const char *fmt; ...),false,src/GameErrorContext.cpp,Canonical relocation-aware VC7.1 comparison: 385/385 authored bytes exact,authored,Exact variadic 8 KiB buffered logger under critical section 3 with VC7 intrinsic strlen/strcpy expansion
0x0041B280,392,0x0041B407,FUN_0041b280,th095::GameErrorContext::Fatal,Main,matching,100.00,__cdecl,const char *GameErrorContext::Fatal(const char *fmt; ...),false,src/GameErrorContext.cpp,Canonical relocation-aware VC7.1 comparison: 392/392 authored bytes exact,authored,Exact 512-byte variadic fatal logger; appends to shared 8 KiB context and sets showMessageBox
0x0041B410,88,0x0041B467,FUN_0041b410,th095::Rng::GetRandomU16,Runtime,matching,100.00,__thiscall,u16 Rng::GetRandomU16(),false,src/RandomMath.cpp,Canonical relocation-aware VC7.1 comparison: 88/88 authored bytes exact,authored,Exact TH095 16-bit RNG state transition and generation counter update
0x0041B470,40,0x0041B497,FUN_0041b470,th095::Rng::GetRandomU32,Runtime,matching,100.00,__thiscall,u32 Rng::GetRandomU32(),false,src/RandomMath.cpp,Canonical relocation-aware VC7.1 comparison: 40/40 authored bytes exact,authored,Exact concatenation of two sequential 16-bit RNG outputs
0x0041B4A0,40,0x0041B4C7,FUN_0041b4a0,th095::Rng::GetRandomF32,Runtime,matching,100.00,__thiscall,f32 Rng::GetRandomF32(),false,src/RandomMath.cpp,Canonical relocation-aware VC7.1 comparison: 40/40 authored bytes exact,authored,Exact unsigned RNG normalization to float
0x0041B4D0,46,0x0041B4FD,FUN_0041b4d0,th095::Rng::GetRandomF32Signed,Runtime,matching,100.00,__thiscall,f32 Rng::GetRandomF32Signed(),false,src/RandomMath.cpp,Canonical relocation-aware VC7.1 comparison: 46/46 authored bytes exact,authored,"Exact signed RNG normalization to [-1,1) source shape"
0x0041B500,127,0x0041B57E,FUN_0041b500,th095::AddNormalizeAngle,ZunMath,matching,100.00,__fastcall,f32 AddNormalizeAngle(f32 a; f32 b),false,src/RandomMath.cpp,Canonical relocation-aware VC7.1 comparison: 127/127 authored bytes exact,authored,Exact angle normalization; TH095 permits 32 wrap iterations per shared guard counter versus TH08 source oracle 16
0x0041B580,118,0x0041B5F5,FUN_0041b580,th095::NormalizeAngle,Global,matching,100.00,,f32 NormalizeAngle(f32 a),false,src/RuntimeMath.cpp,Canonical relocation-aware VC7.1 comparison: 118/118 authored bytes exact,authored,Exact single-angle normalization with 32-iteration guard and shared pi/two-pi constants
0x0041B600,95,0x0041B65E,FUN_0041b600,th095::Rotate,Global,matching,100.00,,void Rotate(Float3 *outVector; Float3 *point; f32 angle),false,src/RuntimeMath.cpp,Canonical relocation-aware VC7.1 comparison: 95/95 authored bytes exact,authored,Exact 2D vector rotation; TH095 evaluates sin/cos once each and reuses two true locals
0x0041B660,113,0x0041B6D0,FUN_0041b660,th095::ResultScreenReplayCursor::Push,UiCursor,matching,100.00,__thiscall,void ResultScreenReplayCursor::Push(),false,src/ResultScreen.cpp,Canonical VC7.1 comparison: 113/113 bytes and no relocations,authored,Exact cursor selection and count history push with bounded depth
0x0041B6E0,113,0x0041B750,FUN_0041b6e0,th095::ResultScreenReplayCursor::Pop,UiCursor,matching,100.00,__thiscall,void ResultScreenReplayCursor::Pop(),false,src/ResultScreen.cpp,Canonical VC7.1 comparison: 113/113 bytes and no relocations,authored,Exact cursor selection and count history restore
0x0041B760,200,0x0041B827,FUN_0041b760,th095::ResultScreenReplayCursor::Move,UiCursor,matching,100.00,__thiscall,i32 ResultScreenReplayCursor::Move(i32 amount),false,src/ResultScreen.cpp,Canonical relocation-aware VC7.1 comparison: 200/200 bytes and no relocations,authored,Exact reusable wrapping clamping and disabled-entry cursor movement
0x0041B830,98,0x0041B891,FUN_0041b830,th095::ZunTimer::Add,Timer,matching,100.00,__thiscall,void ZunTimer::Add(f32 value),false,src/ZunTimer.cpp,Canonical relocation-aware VC7.1 comparison: 98/98 authored bytes exact,authored,Exact game-speed-aware timer accumulation and integer current-frame truncation
0x0041B8A0,117,0x0041B914,FUN_0041b8a0,th095::ResultScreenTimer::Tick,Timer,matching,100.00,__thiscall,i32 ResultScreenTimer::Tick(),false,src/ResultScreen.cpp,Canonical relocation-aware VC7.1 comparison: 117/117 bytes and 5 relocations,authored,Exact game-speed-aware fractional timer tick used by 27 target callers
0x0041B920,264,0x0041BA27,FUN_0041b920,th095::ReadResultHelpLine,ResultScreen,matching,100.00,__fastcall,u8 *ReadResultHelpLine(char *destination; u8 *source; i32 maxLength),false,src/ResultHelpLine.cpp,Canonical relocation-aware VC7.1 comparison: 264/264 authored bytes exact,authored,Exact CR/LF-skipping Shift-JIS line reader with lead-byte ranges 0x81..0x9F and 0xE0..0xFC
0x0041BA30,71,0x0041BA76,FUN_0041ba30,th095::CalculateByteChecksum,Checksum,matching,100.00,__fastcall,u8 CalculateByteChecksum(u8 *data; i32 size),false,src/Checksum.cpp,Canonical relocation-aware VC7.1 comparison: 71/71 authored bytes exact,authored,Exact byte-additive checksum used by PBG filename decrypt-profile selection
0x0041BA80,83,0x0041BAD2,FUN_0041ba80,th095::CalculateAlignedChecksum,Checksum,matching,100.00,__fastcall,i32 CalculateAlignedChecksum(i32 *data; u32 size),false,src/Checksum.cpp,Canonical relocation-free VC7.1 comparison: 83/83 bytes,authored,Exact signed additive checksum across the aligned four-byte prefix
0x0041BAE0,19,0x0041BAF2,FUN_0041bae0,th095::ReplayScanWorker::~ReplayScanWorker,ReplayScanWorker,matching,100.00,__thiscall,ReplayScanWorker::~ReplayScanWorker(),false,src/ReplayScanWorker.cpp,Canonical relocation-aware VC7.1 comparison: 19/19 bytes with one relocation,authored,Exact replay scan worker destructor
0x0041BB00,21,0x0041BB14,FUN_0041bb00,th095::ReplayBrowserExitSignal::Request,ReplayBrowser,matching,100.00,__thiscall,void ReplayBrowserExitSignal::Request(),false,src/ReplayBrowser.cpp,Canonical VC7.1 comparison: 21/21 bytes and no relocations,authored,Exact replay-browser exit signal setter
0x0041BB20,124,0x0041BB9B,FUN_0041bb20,th095::ReplayScanWorker::Stop,ReplayScanWorker,matching,100.00,__thiscall,void ReplayScanWorker::Stop(),false,src/ReplayScanWorker.cpp,Canonical relocation-aware VC7.1 comparison: 124/124 bytes with three relocations,authored,Exact cooperative stop wait and handle teardown
0x0041BBA0,87,0x0041BBF6,FUN_0041bba0,th095::ReplayScanWorker::Start,ReplayScanWorker,matching,100.00,__thiscall,void ReplayScanWorker::Start(void (__fastcall *callback)(void *); void *argument),false,src/ReplayScanWorker.cpp,Canonical relocation-aware VC7.1 comparison: 87/87 bytes with two relocations,authored,Exact replay scan worker launcher
0x0041BC00,278,0x0041BD15,FUN_0041bc00,th095::ControllerInputSlotView::ControllerInputSlotView,Controller,matching,100.00,__thiscall,ControllerInputSlotView::ControllerInputSlotView(),false,src/Controller.cpp,Canonical relocation-free VC7.1 comparison: 278/278 bytes,authored,Exact three-profile controller and keyboard default mapping constructor
0x0041BD20,75,0x0041BD6A,FUN_0041bd20,th095::Chain::~Chain,Chain,matching,100.00,__thiscall,Chain::~Chain(),false,src/Global.cpp,Canonical relocation-aware VC7.1 comparison: 75/75 bytes with six relocations,authored,Exact dual-list Chain destructor and EH cleanup
0x0041BD70,84,0x0041BDC3,FUN_0041bd70,th095::ZunMemory::~ZunMemory,Runtime,matching,100.00,__thiscall,ZunMemory::~ZunMemory(),false,src/Global.cpp,Canonical relocation-aware VC7.1 comparison: 84/84 bytes with one relocation,authored,Exact registered-allocation fallback destructor
0x0041BDD0,105,0x0041BE38,FUN_0041bdd0,th095::TextRenderBufferView::TextRenderBufferView,TextRenderer,matching,100.00,__thiscall,TextRenderBufferView::TextRenderBufferView(),false,src/TextRenderer.cpp,Canonical relocation-free VC7.1 comparison: 105/105 bytes,authored,Exact global text-render-buffer field initialization
0x0041BE40,19,0x0041BE52,FUN_0041be40,th095::TextRenderBufferView::~TextRenderBufferView,TextRenderer,matching,100.00,__thiscall,TextRenderBufferView::~TextRenderBufferView(),false,src/TextRenderer.cpp,Canonical relocation-aware VC7.1 comparison: 19/19 bytes and one relocation,authored,Exact text-render-buffer destructor forwarding to ReleaseBuffer
0x0041BE60,182,0x0041BF15,FUN_0041be60,th095::TextRenderBufferView::ReleaseBuffer,TextRenderer,matching,100.00,__thiscall,bool TextRenderBufferView::ReleaseBuffer(),false,src/TextRenderer.cpp,Canonical relocation-aware VC7.1 comparison: 182/182 bytes and 3 relocations,authored,Exact GDI bitmap/DC teardown and render-buffer state reset
0x0041BF20,104,0x0041BF87,FUN_0041bf20,th095::TextRenderBufferView::AllocateBufferWithFallback,TextRenderer,matching,100.00,__thiscall,bool TextRenderBufferView::AllocateBufferWithFallback(i32 width; i32 height; D3DFORMAT format),false,src/TextRenderer.cpp,Canonical relocation-aware VC7.1 comparison: 104/104 bytes and 3 relocations,authored,Exact 16-bit-to-32-bit DIB allocation fallback policy
0x0041BF90,490,0x0041C179,FUN_0041bf90,th095::TextRenderBufferView::TryAllocateBuffer,TextRenderer,reconstructed,0.00,__thiscall,bool TextRenderBufferView::TryAllocateBuffer(i32 width; i32 height; D3DFORMAT format),false,src/TextRenderer.cpp,Pinned VC7.1 probe reconstructs complete control flow and side effects; residual size/local-slot differences remain,authored,Complete DIB-section allocation and pixel-format mask setup
0x0041C180,88,0x0041C1D7,FUN_0041c180,th095::TextRenderBufferView::GetFormatInfo,TextRenderer,matching,100.00,__thiscall,TextRenderFormatInfo *TextRenderBufferView::GetFormatInfo(D3DFORMAT format),false,src/TextRenderer.cpp,Canonical relocation-aware VC7.1 comparison: 88/88 bytes and 3 relocations,authored,Exact seven-entry D3D format-table lookup including the target input-sentinel behavior
0x0041C1E0,911,0x0041C56E,FUN_0041c1e0,th095::TextRenderBufferView::ApplyAlphaBleed,TextRenderer,matching,100.00,__thiscall,bool TextRenderBufferView::ApplyAlphaBleed(i32 rowCount),false,src/TextRenderer.cpp,Canonical relocation-aware VC7.1 comparison: 911/911 bytes and all eight ARGB8888/ARGB4444 neighbor relocations,authored,Exact text-buffer alpha bleed with semantic case-local aggregate and target scalar allocation
0x0041C570,133,0x0041C5F4,FUN_0041c570,th095::AccumulateArgb4444Neighbor,AnmTexture,matching,100.00,__fastcall,void AccumulateArgb4444Neighbor(u32 *sums; PixelArgb4444 *pixel; u32 *count),false,src/SceneTexture.cpp,Canonical relocation-free VC7.1 comparison: 133/133 bytes,authored,Exact alpha-tested ARGB4444 neighbor color accumulator
0x0041C600,373,0x0041C774,FUN_0041c600,th095::TextRenderBufferView::InvertAlpha,TextRenderer,matching,100.00,__thiscall,bool TextRenderBufferView::InvertAlpha(i32 rowCount; BOOL unused),false,src/TextRenderer.cpp,Canonical relocation-free VC7.1 comparison: 373/373 bytes,authored,Exact alpha inversion and transparent-pixel clearing for three D3D formats
0x0041C780,278,0x0041C895,FUN_0041c780,th095::TextHelperView::CreateTextBuffer,TextRenderer,matching,100.00,__fastcall,void TextHelperView::CreateTextBuffer(),false,src/TextRenderer.cpp,Canonical relocation-aware VC7.1 comparison: 278/278 bytes and 17 relocations,authored,Exact TH095 random-table initialization plus four persistent Japanese GDI fonts
0x0041C8A0,65,0x0041C8E0,FUN_0041c8a0,th095::TextHelperView::ReleaseTextBuffer,TextRenderer,matching,100.00,__fastcall,void TextHelperView::ReleaseTextBuffer(),false,src/TextRenderer.cpp,Canonical relocation-aware VC7.1 comparison: 65/65 bytes and 10 relocations,authored,Exact render-buffer and persistent-font teardown
0x0041C8F0,560,0x0041CB1F,FUN_0041c8f0,th095::TextHelperView::RenderTextToTextureBold,TextRenderer,matching,100.00,__fastcall,void TextHelperView::RenderTextToTextureBold(i32 x; i32 y; i32 width; i32 height; i32 glyphWidth; i32 glyphHeight; COLORREF textColor; COLORREF shadowColor; const char *text; IDirect3DTexture8 *texture),false,src/TextRenderer.cpp,"Canonical relocation-aware VC7.1 comparison: 560/560 bytes and all 25 font, GDI, text-buffer, alpha-bleed, and D3DX relocations",authored,Exact persistent-font memory-to-D3D text renderer with semantic 0x40 local aggregate
0x0041CB20,127,0x0041CB9E,FUN_0041cb20,th095::PhotoItemManagerView::PhotoItemManagerView,PhotoItem,matching,100.00,__thiscall,PhotoItemManagerView::PhotoItemManagerView(),false,src/PhotoItemManager.cpp,Canonical relocation-aware VC7.1 comparison: 127/127 bytes and all ten relocations,authored,Exact ItemInf construction zeroing the 150-slot pool and publishing the global owner
0x0041CBA0,64,0x0041CBDF,FUN_0041cba0,th095::PhotoItemView::PhotoItemView,PhotoItem,matching,100.00,__thiscall,PhotoItemView::PhotoItemView(),false,src/PhotoItemManager.cpp,Canonical relocation-aware VC7.1 comparison: 64/64 bytes and the embedded AnmVm constructor relocation,authored,Exact construction of one 0x2F8-byte photography charge item
0x0041CBE0,43,0x0041CC0A,Concurrency::details::TaskStack::~TaskStack,th095::PhotoItemView::~PhotoItemView,PhotoItem,matching,100.00,__thiscall,PhotoItemView::~PhotoItemView(),false,src/PhotoItemManager.cpp,Canonical relocation-aware VC7.1 comparison: 43/43 bytes and the generated-vertex free relocation,authored,Exact embedded AnmVm ownership teardown
0x0041CC10,13,0x0041CC1C,FUN_0041cc10,th095::PhotoItemManagerView::Initialize,PhotoItem,matching,100.00,__thiscall,i32 PhotoItemManagerView::Initialize(),false,src/PhotoItemManager.cpp,Canonical relocation-free VC7.1 comparison: 13/13 bytes,authored,Exact successful ItemInf initialization stub
0x0041CC20,146,0x0041CCB1,FUN_0041cc20,th095::PhotoItemManagerView::~PhotoItemManagerView,PhotoItem,matching,100.00,__thiscall,PhotoItemManagerView::~PhotoItemManagerView(),false,src/PhotoItemManager.cpp,Canonical relocation-aware VC7.1 comparison: 146/146 bytes and all thirteen relocations,authored,Exact chain unlink global reset and 150-item vector teardown
0x0041CCC0,316,0x0041CDFB,FUN_0041ccc0,th095::PhotoItemManagerView::Create,PhotoItem,matching,100.00,__fastcall,PhotoItemManagerView *PhotoItemManagerView::Create(),false,src/PhotoItemManager.cpp,Canonical relocation-aware VC7.1 comparison: 316/316 bytes and all nineteen relocations,authored,Exact heap construction failure cleanup and calc/draw chain registration
0x0041CE00,95,0x0041CE5E,FUN_0041ce00,th095::PhotoItemManagerView::Destroy,PhotoItem,matching,100.00,__thiscall,void PhotoItemManagerView::Destroy(),false,src/PhotoItemManager.cpp,Canonical relocation-aware VC7.1 comparison: 95/95 bytes and both relocations,authored,Exact self-destruction entry forwarding full ItemInf teardown
0x0041CE60,1235,0x0041D332,FUN_0041ce60,th095::PhotoItemManagerView::Update,PhotoItem,matching,100.00,__thiscall,i32 PhotoItemManagerView::Update(),false,src/PhotoItemManager.cpp,Canonical relocation-aware VC7.1 comparison: 1235/1235 authored bytes exact with all 29 relocations,authored,"Exact 150-slot PhotoItem update with semantic bounds/vector state, shared tick path, and source-local vector/charge helpers"
0x0041D340,134,0x0041D3C5,FUN_0041d340,th095::PhotoItemManagerView::Draw,PhotoItem,matching,100.00,__thiscall,i32 PhotoItemManagerView::Draw(),false,src/PhotoItemManager.cpp,Canonical relocation-aware VC7.1 comparison: 134/134 bytes and both relocations,authored,Exact delayed active-item world-to-screen ANM draw loop
0x0041D3D0,89,0x0041D428,FUN_0041d3d0,th095::PhotoItemManagerView::OnUpdate,PhotoItem,matching,100.00,__fastcall,i32 PhotoItemManagerView::OnUpdate(PhotoItemManagerView *manager),false,src/PhotoItemManager.cpp,Canonical relocation-aware VC7.1 comparison: 89/89 bytes and all four relocations,authored,Exact global-state-gated ItemInf update callback
0x0041D430,45,0x0041D45C,FUN_0041d430,th095::PhotoItemManagerView::OnDraw,PhotoItem,matching,100.00,__fastcall,i32 PhotoItemManagerView::OnDraw(PhotoItemManagerView *manager),false,src/PhotoItemManager.cpp,Canonical relocation-aware VC7.1 comparison: 45/45 bytes and both relocations,authored,Exact global-state-gated ItemInf draw callback
0x0041D460,278,0x0041D575,FUN_0041d460,th095::PhotoItemManagerView::Spawn,PhotoItem,reconstructed,0.00,__thiscall,i32 PhotoItemManagerView::Spawn(i32 type; Float3 *position; u32 color),false,src/PhotoItemManager.cpp,Pinned VC7.1 semantic probe emits 279 bytes versus the 278-byte target with complete target-local behavior,authored,Complete free-slot spawn with randomized launch velocity script 0x120 and caller-provided color; one-byte source-shape residual remains non-exact
0x0041D580,59,0x0041D5BA,FUN_0041d580,th095::PhotoEffectManagerView::PhotoEffectManagerView,PhotoEffect,matching,100.00,__thiscall,PhotoEffectManagerView::PhotoEffectManagerView(),false,src/PhotoEffect.cpp,Canonical relocation-aware VC7.1 comparison: 59/59 bytes and all four relocations,authored,Exact LaserInf construction of the inline list sentinel followed by manager reset and global publication
0x0041D5C0,77,0x0041D60C,FUN_0041d5c0,th095::PhotoEffectBaseView::PhotoEffectBaseView,PhotoEffect,matching,100.00,__thiscall,PhotoEffectBaseView::PhotoEffectBaseView(),false,src/PhotoEffect.cpp,Canonical relocation-aware VC7.1 comparison: 77/77 bytes and the base vtable relocation,authored,Exact 0x50-byte intrusive effect-node and timer construction
0x0041D610,15,0x0041D61E,FUN_0041d610,th095::PhotoEffectBaseView::Initialize,PhotoEffect,matching,100.00,__thiscall,i32 PhotoEffectBaseView::Initialize(void *args),false,src/PhotoEffect.cpp,Canonical relocation-free VC7.1 comparison: 15/15 bytes,authored,Exact default initialize handler returning zero
0x0041D620,52,0x0041D653,FUN_0041d620,th095::PhotoEffectBaseView::Cleanup,PhotoEffect,matching,100.00,__thiscall,i32 PhotoEffectBaseView::Cleanup(),false,src/PhotoEffect.cpp,Canonical relocation-free VC7.1 comparison: 52/52 bytes,authored,Exact default intrusive-list unlink handler
0x0041D660,15,0x0041D66E,FUN_0041d660,th095::PhotoEffectBaseView::CountPhotoTargets,PhotoEffect,matching,100.00,__thiscall,i32 PhotoEffectBaseView::CountPhotoTargets(Float3 *position; Float3 *size; i32 capture),false,src/PhotoEffect.cpp,Canonical relocation-free VC7.1 comparison: 15/15 bytes,authored,Exact default zero target counter; base CheckCollision is an identical-linker-folded alias
0x0041D670,15,0x0041D67E,FUN_0041d670,th095::PhotoEffectBaseView::CountNearbyTargets,PhotoEffect,matching,100.00,__thiscall,i32 PhotoEffectBaseView::CountNearbyTargets(Float3 *position; f32 radius),false,src/PhotoEffect.cpp,Canonical relocation-free VC7.1 comparison: 15/15 bytes,authored,Exact default zero nearby-target handler
0x0041D680,78,0x0041D6CD,FUN_0041d680,th095::PhotoEffectManagerView::Initialize,PhotoEffect,matching,100.00,__thiscall,i32 PhotoEffectManagerView::Initialize(),false,src/PhotoEffect.cpp,Canonical relocation-aware VC7.1 comparison: 78/78 bytes and all six relocations,authored,Exact bullet.anm slot-6 load error reporting and list-sentinel tail initialization
0x0041D6D0,177,0x0041D780,FUN_0041d6d0,th095::PhotoEffectManagerView::~PhotoEffectManagerView,PhotoEffect,matching,100.00,__thiscall,PhotoEffectManagerView::~PhotoEffectManagerView(),false,src/PhotoEffect.cpp,Canonical relocation-aware VC7.1 comparison: 177/177 bytes and all eight relocations,authored,Exact chain unlink effect cleanup intrusive unlink allocation release and global reset
0x0041D790,310,0x0041D8C5,FUN_0041d790,th095::PhotoEffectManagerView::Create,PhotoEffect,matching,100.00,__fastcall,PhotoEffectManagerView *PhotoEffectManagerView::Create(),false,src/PhotoEffect.cpp,Canonical relocation-aware VC7.1 comparison: 310/310 bytes and all nineteen relocations,authored,Exact LaserInf heap construction failure cleanup and priority-13 calc/draw registration
0x0041D8D0,95,0x0041D92E,FUN_0041d8d0,th095::PhotoEffectManagerView::Destroy,PhotoEffect,matching,100.00,__thiscall,void PhotoEffectManagerView::Destroy(),false,src/PhotoEffect.cpp,Canonical relocation-aware VC7.1 comparison: 95/95 bytes and both relocations,authored,Exact self-destruction entry forwarding full LaserInf teardown
0x0041D930,283,0x0041DA4A,FUN_0041d930,th095::PhotoEffectManagerView::Update,PhotoEffect,matching,100.00,__fastcall,i32 PhotoEffectManagerView::Update(PhotoEffectManagerView *manager),false,src/PhotoEffect.cpp,Canonical relocation-aware VC7.1 comparison: 283/283 bytes and all seven relocations,authored,Exact list traversal deferred deletion lifecycle dispatch cleanup unlink delete and timer advance
0x0041DA50,90,0x0041DAA9,FUN_0041da50,th095::PhotoEffectManagerView::Remove,PhotoEffect,matching,100.00,__thiscall,void PhotoEffectManagerView::Remove(PhotoEffectBaseView *effect),false,src/PhotoEffect.cpp,Canonical relocation-aware VC7.1 comparison: 90/90 bytes with no relocations,authored,Exact intrusive-list unlink count decrement and tail repair
0x0041DAB0,70,0x0041DAF5,FUN_0041dab0,th095::PhotoEffectManagerView::Draw,PhotoEffect,matching,100.00,__fastcall,i32 PhotoEffectManagerView::Draw(PhotoEffectManagerView *manager),false,src/PhotoEffect.cpp,Canonical relocation-aware VC7.1 comparison: 70/70 bytes with no relocations,authored,Exact primary-draw traversal skips retiring effects and preserves next across virtual dispatch
0x0041DB00,152,0x0041DB97,FUN_0041db00,th095::PhotoEffectManagerView::OnUpdate,PhotoEffect,matching,100.00,__fastcall,i32 PhotoEffectManagerView::OnUpdate(PhotoEffectManagerView *manager),false,src/PhotoEffect.cpp,Canonical relocation-aware VC7.1 comparison: 152/152 bytes and all nine relocations,authored,Exact callback gating and zero-speed freeze update wrapper
0x0041DBA0,45,0x0041DBCC,FUN_0041dba0,th095::PhotoEffectManagerView::OnDraw,PhotoEffect,matching,100.00,__fastcall,i32 PhotoEffectManagerView::OnDraw(PhotoEffectManagerView *manager),false,src/PhotoEffect.cpp,Canonical relocation-aware VC7.1 comparison: 45/45 bytes and both relocations,authored,Exact suppression-gated primary draw callback
0x0041DBD0,432,0x0041DD7F,FUN_0041dbd0,th095::PhotoEffectManagerView::Spawn,PhotoEffect,matching,100.00,__thiscall,i32 PhotoEffectManagerView::Spawn(i32 type; void *args),false,src/PhotoEffect.cpp,Canonical relocation-aware VC7.1 comparison: 432/432 authored bytes exact with all eight EH/allocation/laser-constructor relocations,authored,Exact two-type LaserInf factory; straight/rotating intrusive Append phases preserve the independently target-proven 8/12-byte compiler-storage chronology
0x0041DD80,199,0x0041DE46,FUN_0041dd80,th095::PhotoStraightLaserView::PhotoStraightLaserView,PhotoEffect,matching,100.00,__thiscall,PhotoStraightLaserView::PhotoStraightLaserView(),false,src/PhotoEffect.cpp,Canonical relocation-aware VC7.1 comparison: 199/199 bytes and all eight relocations,authored,Exact base and packet zero initialization derived vptr publication and two AnmVm constructions
0x0041DE50,190,0x0041DF0D,FUN_0041de50,th095::PhotoRotatingLaserView::PhotoRotatingLaserView,PhotoEffect,matching,100.00,__thiscall,PhotoRotatingLaserView::PhotoRotatingLaserView(),false,src/PhotoEffect.cpp,Canonical relocation-aware VC7.1 comparison: 190/190 bytes and all eight relocations,authored,Exact base and packet zero initialization 8.0 speed default derived vptr publication and two AnmVm constructions
0x0041DF10,143,0x0041DF9E,FUN_0041df10,th095::PhotoEffectManagerView::CountPhotoTargets,PhotoEffect,matching,100.00,__thiscall,i32 PhotoEffectManagerView::CountPhotoTargets(Float3 *position; Float3 *size),false,src/PhotoEffect.cpp,Canonical relocation-aware VC7.1 comparison: 143/143 bytes with no relocations,authored,Exact bounds cache and virtual photo-target count fanout
0x0041DFA0,97,0x0041E000,FUN_0041dfa0,th095::PhotoEffectManagerView::CheckCollisionStored,PhotoEffect,matching,100.00,__fastcall,i32 PhotoEffectManagerView::CheckCollisionStored(PhotoEffectManagerView *manager),false,src/PhotoEffect.cpp,Canonical relocation-aware VC7.1 comparison: 97/97 bytes with no relocations,authored,Exact stored-bounds second virtual collision fanout
0x0041E010,70,0x0041E055,FUN_0041e010,th095::PhotoEffectManagerView::DrawSecondary,PhotoEffect,matching,100.00,__fastcall,i32 PhotoEffectManagerView::DrawSecondary(PhotoEffectManagerView *manager),false,src/PhotoEffect.cpp,Canonical relocation-aware VC7.1 comparison: 70/70 bytes with no relocations,authored,Exact secondary-draw traversal skips retiring effects and preserves next across virtual dispatch
0x0041E060,91,0x0041E0BA,FUN_0041e060,th095::PhotoEffectManagerView::CountNearbyTargets,PhotoEffect,matching,100.00,__thiscall,i32 PhotoEffectManagerView::CountNearbyTargets(Float3 *position; f32 radius),false,src/PhotoEffect.cpp,Canonical relocation-aware VC7.1 comparison: 91/91 bytes with no relocations,authored,Exact virtual nearby-target count fanout and result accumulation
0x0041E0C0,500,0x0041E2B3,FUN_0041e0c0,th095::PhotoStraightLaserView::Initialize,PhotoEffect,matching,100.00,__thiscall,i32 PhotoStraightLaserView::Initialize(void *args),false,src/PhotoEffect.cpp,"Canonical relocation-aware VC7.1 comparison: 500/500 authored bytes exact with all nine ANM, Float3, and global relocations",authored,Exact straight-laser initializer; a source-local additive-blend phase preserves the target two 0x2C compiler-storage reservations and the hidden body/tail VM homes at EBP-0x30/-0x60 without changing emitted semantics
0x0041E2C0,1029,0x0041E6C4,FUN_0041e2c0,th095::PhotoStraightLaserView::Update,PhotoEffect,matching,100.00,__thiscall,i32 PhotoStraightLaserView::Update(),false,src/PhotoEffect.cpp,Canonical relocation-aware VC7.1 comparison: 1029/1029 bytes and all 27 relocations,authored,Exact straight photo-laser growth travel culling player collision and ANM update
0x0041E6D0,125,0x0041E74C,FUN_0041e6d0,th095::PhotoStraightLaserView::Draw,PhotoEffect,matching,100.00,__thiscall,i32 PhotoStraightLaserView::Draw(),false,src/PhotoEffect.cpp,Canonical relocation-aware VC7.1 comparison: 125/125 bytes and all six relocations,authored,Exact world-to-screen body and conditional tail draw callback
0x0041E750,614,0x0041E9B5,FUN_0041e750,th095::PhotoStraightLaserView::CountPhotoTargets,PhotoEffect,matching,100.00,__thiscall,i32 PhotoStraightLaserView::CountPhotoTargets(Float3 *position; Float3 *size; i32 capture),false,src/PhotoEffect.cpp,Canonical relocation-aware VC7.1 comparison: 614/614 authored bytes exact with all five vector and constant relocations,authored,Exact half-sized capture bounds and 12-unit laser-axis sampling using the same target local rank as straight CheckCollision
0x0041E9C0,1910,0x0041F135,FUN_0041e9c0,th095::PhotoStraightLaserView::CheckCollision,PhotoEffect,matching,100.00,__thiscall,i32 PhotoStraightLaserView::CheckCollision(Float3 *position; Float3 *size; i32 capture),false,src/PhotoEffect.cpp,Canonical relocation-aware VC7.1 comparison: 1910/1910 authored bytes exact with all nineteen relocation destinations,authored,"Exact 12-unit straight-laser collision sampling, capture particles, head/tail trimming and surviving-gap fragment spawning"
0x0041F140,309,0x0041F274,FUN_0041f140,th095::PhotoStraightLaserView::DrawSecondary,PhotoEffect,matching,100.00,__thiscall,i32 PhotoStraightLaserView::DrawSecondary(),false,src/PhotoEffect.cpp,Canonical relocation-aware VC7.1 comparison: 309/309 bytes and all eight relocations,authored,Complete 12-unit particle sampling script 0x126 color propagation and effect retirement
0x0041F280,249,0x0041F378,FUN_0041f280,th095::PhotoStraightLaserView::CountNearbyTargets,PhotoEffect,matching,100.00,__thiscall,i32 PhotoStraightLaserView::CountNearbyTargets(Float3 *position; f32 radius),false,src/PhotoEffect.cpp,Canonical relocation-aware VC7.1 comparison: 249/249 bytes and all four relocations,authored,Complete laser-local oriented rectangle proximity test returning weight two; the rotating override is identical-linker-folded to this target
0x0041F380,450,0x0041F541,FUN_0041f380,th095::PhotoRotatingLaserView::Initialize,PhotoEffect,matching,100.00,__thiscall,i32 PhotoRotatingLaserView::Initialize(void *args),false,src/PhotoEffect.cpp,Canonical relocation-aware VC7.1 comparison: 450/450 authored bytes exact with all seven ANM and global relocations,authored,Exact rotating-laser initializer; the same additive-blend phase reproduces the independently attested 0x64 target frame and body/tail hidden VM homes without inline assembly
0x0041F550,1062,0x0041F975,FUN_0041f550,th095::PhotoRotatingLaserView::Update,PhotoEffect,matching,100.00,__thiscall,i32 PhotoRotatingLaserView::Update(),false,src/PhotoEffect.cpp,Canonical relocation-aware VC7.1 comparison: 1062/1062 authored bytes plus exact 16-byte switch table and all 23 relocations,authored,Exact rotating photo-laser anchor movement lifecycle player collision and ANM update
0x0041F990,128,0x0041FA0F,FUN_0041f990,th095::PhotoRotatingLaserView::Draw,PhotoEffect,matching,100.00,__thiscall,i32 PhotoRotatingLaserView::Draw(),false,src/PhotoEffect.cpp,Canonical relocation-aware VC7.1 comparison: 128/128 bytes and all six relocations,authored,Exact world-to-screen body and conditional tail draw callback
0x0041FA10,1767,0x004200F6,FUN_0041fa10,th095::PhotoRotatingLaserView::CheckCollision,PhotoEffect,reconstructed,0.00,__thiscall,i32 PhotoRotatingLaserView::CheckCollision(Float3 *position; Float3 *size; i32 capture),false,src/PhotoEffect.cpp,Pinned VC7.1 semantic probe is 1801 bytes versus the 1767-byte target with the complete call and constant dependency set,authored,Complete 12-unit capture sampling rotating-laser shortening and surviving-gap conversion into straight laser fragments
0x00420100,312,0x00420237,FUN_00420100,th095::PhotoRotatingLaserView::DrawSecondary,PhotoEffect,matching,100.00,__thiscall,i32 PhotoRotatingLaserView::DrawSecondary(),false,src/PhotoEffect.cpp,Canonical relocation-aware VC7.1 comparison: 312/312 bytes and all eight relocations,authored,Complete 12-unit particle sampling script 0x126 color propagation and effect retirement
0x00420240,1326,0x0042076D,FUN_00420240,WinMain,Main,reconstructed,0.00,__stdcall,int WINAPI WinMain(HINSTANCE HINSTANCE LPTSTR int),false,src/Main.cpp,1326-byte VC7.1 probe matches all 134 relocations and 782/790 comparable bytes,authored,Source-present; eight stack-allocation/displacement bytes remain before exact promotion
0x00420770,420,0x00420913,FUN_00420770,th095::GameWindow::Render,Main,matching,100.00,__thiscall,RenderResult GameWindow::Render(),false,src/Main.cpp,main-render canonical VC7.1 relocation replay,authored,Boundary reviewed through RET at 0x00420913; next function starts 0x00420920
0x00420920,231,0x00420A06,FUN_00420920,th095::GameWindow::Present,Main,matching,100.00,__fastcall,void GameWindow::Present(),false,src/Main.cpp,main-present canonical VC7.1 relocation replay,authored,Exact target control flow includes device reset and screenshot dispatch
0x00420A10,313,0x00420B48,FUN_00420a10,th095::GameWindow::GetTimestamp,Main,matching,100.00,__thiscall,double GameWindow::GetTimestamp(),false,src/Main.cpp,main-get-timestamp canonical VC7.1 relocation replay,authored,Exact QPC/timeGetTime branches and critical-section state
0x00420B50,56,0x00420B87,FUN_00420b50,th095::GameWindow::InitD3DInterface,Main,matching,100.00,__fastcall,ZunBool GameWindow::InitD3DInterface(),false,src/Main.cpp,main-init-d3d-interface canonical VC7.1 relocation replay,authored,Exact Direct3DCreate8 initialization and fatal path
0x00420B90,342,0x00420CE5,FUN_00420b90,th095::GameWindow::CreateGameWindow,Main,matching,100.00,__fastcall,ZunBool GameWindow::CreateGameWindow(HINSTANCE),false,src/Main.cpp,main-create-game-window canonical VC7.1 relocation replay,authored,Exact WNDCLASS and windowed/fullscreen CreateWindowEx branches
0x00420CF0,303,0x00420E1E,FUN_00420cf0,th095::GameWindow::WindowProc,Main,matching,100.00,__stdcall,LRESULT GameWindow::WindowProc(HWND UINT WPARAM LPARAM),false,src/Main.cpp,main-window-proc canonical VC7.1 relocation replay,authored,Exact window-message and cursor control flow
0x00420E20,1375,0x0042137E,FUN_00420e20,th095::GameWindow::InitD3DRendering,Main,matching,100.00,__fastcall,ZunBool GameWindow::InitD3DRendering(),false,src/Main.cpp,main-init-d3d-rendering canonical VC7.1 relocation replay,authored,Exact D3D8 device creation capabilities transforms and viewport setup
0x00421380,1045,0x00421794,FUN_00421380,th095::GameWindow::ResetRenderState,Main,matching,100.00,__fastcall,void GameWindow::ResetRenderState(),false,src/Main.cpp,main-reset-render-state canonical VC7.1 relocation replay,authored,Exact D3D8 fixed-function render-state sequence
0x004217A0,625,0x00421A10,FUN_004217a0,th095::GameWindow::CheckForRunningGameInstance,Main,matching,100.00,__fastcall,ZunResult GameWindow::CheckForRunningGameInstance(HINSTANCE),false,src/Main.cpp,main-check-running-instance canonical VC7.1 relocation replay,authored,Exact mutex shortcut and startup-info flow; target retains Touhou 08 App literal
0x00421A20,143,0x00421AAE,FUN_00421a20,th095::GameWindow::ActivateWindow,Main,matching,100.00,__fastcall,void GameWindow::ActivateWindow(HWND),false,src/Main.cpp,main-activate-window canonical VC7.1 relocation replay,authored,Exact foreground-thread and lock-timeout flow
0x00421AB0,322,0x00421BF1,FUN_00421ab0,th095::GameWindow::ResolveShortcut,Main,matching,100.00,__fastcall,ZunBool GameWindow::ResolveShortcut(char * char * int),false,src/Main.cpp,main-resolve-shortcut canonical VC7.1 relocation replay,authored,Exact COM IShellLink and IPersistFile flow
0x00421C00,133,0x00421C84,FUN_00421c00,th095::GameErrorContext::Flush,GameErrorContext,matching,100.00,,void GameErrorContext::Flush(),false,src/GameErrorContext.cpp,Canonical relocation-aware VC7.1 comparison: 133/133 authored bytes exact,authored,Exact buffered error flush with separator logging optional message box and log.txt write
0x00421C90,104,0x00421CF7,FUN_00421c90,th095::AnmManager::ReleaseSurfaces,AnmManager,matching,100.00,__thiscall,void AnmManager::ReleaseSurfaces(),false,src/Main.cpp,Canonical relocation-aware VC7.1 comparison: 104/104 bytes,authored,main-release-surfaces
0x00421D00,249,0x00421DF8,FUN_00421d00,th095::AnmManager::TakeScreenshots,AnmManager,matching,100.00,__thiscall,void AnmManager::TakeScreenshots(),false,src/AnmSurface.cpp,Canonical relocation-aware VC7.1 comparison: 249/249 bytes and both capture-helper relocations,authored,Exact per-frame texture and surface capture request dispatcher
0x00421E00,19,0x00421E12,FUN_00421e00,th095::MidiDevice::~MidiDevice,Midi,matching,100.00,__thiscall,MidiDevice::~MidiDevice(),false,src/Midi.cpp,Canonical relocation-aware VC7.1 comparison: 19/19 authored bytes exact,authored,Exact MIDI output-device teardown forwarding Close
0x00421E20,89,0x00421E78,FUN_00421e20,th095::MidiDevice::OpenDevice,Midi,matching,100.00,__thiscall,BOOL MidiDevice::OpenDevice(UINT uDeviceId),false,src/Midi.cpp,Canonical relocation-aware VC7.1 comparison: 89/89 authored bytes exact,authored,Exact MIDI mapper/device open path with CALLBACK_WINDOW ownership
0x00421E80,59,0x00421EBA,FUN_00421e80,th095::MidiDevice::Close,Midi,matching,100.00,__thiscall,ZunResult MidiDevice::Close(),false,src/Midi.cpp,Canonical relocation-aware VC7.1 comparison: 59/59 authored bytes exact,authored,Exact midiOutReset/midiOutClose device release
0x00421EC0,78,0x00421F0D,FUN_00421ec0,th095::MidiDevice::SendLongMsg,Midi,matching,100.00,__thiscall,BOOL MidiDevice::SendLongMsg(LPMIDIHDR pmh),false,src/Midi.cpp,Canonical relocation-aware VC7.1 comparison: 78/78 authored bytes exact,authored,Exact SysEx header prepare and long-message submit helper
0x00421F10,67,0x00421F52,FUN_00421f10,th095::MidiDevice::SendShortMsg,Midi,matching,100.00,__thiscall,BOOL MidiDevice::SendShortMsg(u8 midiStatus; u8 firstByte; u8 secondByte),false,src/Midi.cpp,Canonical relocation-aware VC7.1 comparison: 67/67 authored bytes exact,authored,Exact packed three-byte MIDI short-message submit helper
0x00421F60,48,0x00421F8F,FUN_00421f60,th095::MidiTimer::MidiTimer,Midi,matching,100.00,__thiscall,MidiTimer::MidiTimer(),false,src/Midi.cpp,Canonical relocation-aware VC7.1 comparison: 48/48 authored bytes exact,authored,Exact multimedia timer capability initialization
0x00421F90,41,0x00421FB8,FUN_00421f90,th095::MidiTimer::~MidiTimer,Midi,matching,100.00,__thiscall,MidiTimer::~MidiTimer(),false,src/Midi.cpp,Canonical relocation-aware VC7.1 comparison: 41/41 authored bytes exact,authored,Exact timer stop and timeEndPeriod teardown
0x00421FC0,115,0x00422032,FUN_00421fc0,th095::MidiTimer::StartTimerImpl,Midi,matching,100.00,__thiscall,UINT MidiTimer::StartTimerImpl(u32 delay; LPTIMECALLBACK cb; DWORD_PTR data),false,src/Midi.cpp,Canonical relocation-aware VC7.1 comparison: 115/115 authored bytes exact,authored,Exact periodic multimedia timer setup with default callback fallback
0x00422040,61,0x0042207C,FUN_00422040,th095::MidiTimer::StopTimerImpl,Midi,matching,100.00,__thiscall,BOOL MidiTimer::StopTimerImpl(),false,src/Midi.cpp,Canonical relocation-aware VC7.1 comparison: 61/61 authored bytes exact,authored,Exact timer cancellation and period release
0x00422080,26,0x00422099,FUN_00422080,th095::MidiTimer::DefaultTimerCallback,Midi,matching,100.00,__stdcall,void MidiTimer::DefaultTimerCallback(u32 uTimerID; u32 uMsg; DWORD_PTR dwUser; DWORD_PTR dw1; DWORD_PTR dw2),false,src/Midi.cpp,Canonical relocation-aware VC7.1 comparison: 26/26 authored bytes exact,authored,Exact WinMM callback forwarding virtual OnTimerElapsed
0x004220A0,30,0x004220BD,FUN_004220a0,th095::MidiOutput::Ntohs,Midi,matching,100.00,__fastcall,u16 MidiOutput::Ntohs(u16 val),false,src/Midi.cpp,Canonical relocation-aware VC7.1 comparison: 30/30 authored bytes exact,authored,Exact MIDI big-endian 16-bit byte swap
0x004220C0,76,0x0042210B,FUN_004220c0,th095::MidiOutput::SkipVariableLength,Midi,matching,100.00,__fastcall,u32 MidiOutput::SkipVariableLength(LPBYTE *cursor),false,src/Midi.cpp,Canonical relocation-aware VC7.1 comparison: 76/76 authored bytes exact,authored,Exact SMF variable-length integer decoder
0x00422110,147,0x004221A2,FUN_00422110,th095::MidiOutput::~MidiOutput,Midi,matching,100.00,__thiscall,MidiOutput::~MidiOutput(),false,src/Midi.cpp,Canonical relocation-aware VC7.1 comparison: 147/147 authored bytes exact,authored,Exact MIDI playback/tracks/file-data ownership teardown
0x004221B0,114,0x00422221,FUN_004221b0,th095::MidiOutput::ReadFileData,Midi,matching,100.00,__thiscall,ZunResult MidiOutput::ReadFileData(i32 idx; LPCSTR path),false,src/Midi.cpp,Canonical relocation-aware VC7.1 comparison: 114/114 authored bytes exact,authored,Exact MIDI slot load with stop/release/error logging path
0x00422230,60,0x0042226B,FUN_00422230,th095::MidiOutput::ReleaseFileData,Midi,matching,100.00,__thiscall,void MidiOutput::ReleaseFileData(i32 idx),false,src/Midi.cpp,Canonical relocation-aware VC7.1 comparison: 60/60 authored bytes exact,authored,Exact MIDI file-slot free and nulling helper
0x00422270,131,0x004222F2,FUN_00422270,th095::MidiOutput::ClearTracks,Midi,matching,100.00,__thiscall,void MidiOutput::ClearTracks(),false,src/Midi.cpp,Canonical relocation-aware VC7.1 comparison: 131/131 authored bytes exact,authored,Exact per-track data release plus track-array reset
0x00422300,547,0x00422522,FUN_00422300,th095::MidiOutput::ParseFile,Midi,matching,100.00,__thiscall,ZunResult MidiOutput::ParseFile(i32 fileIdx),false,src/Midi.cpp,Canonical relocation-aware VC7.1 comparison: 547/547 authored bytes exact,authored,Exact MIDI SMF header/track parser; inline-only 32-bit endian swap plus TH08-proven source-order record reproduces target 0x38 frame
0x00422530,203,0x004225FA,FUN_00422530,th095::MidiOutput::LoadTracks,Midi,matching,100.00,__thiscall,void MidiOutput::LoadTracks(),false,src/Midi.cpp,Canonical relocation-aware VC7.1 comparison: 203/203 authored bytes exact,authored,Exact playback cursor/loop/timing reset for every MIDI track
0x00422600,81,0x00422650,FUN_00422600,th095::MidiOutput::Play,Midi,matching,100.00,__thiscall,ZunResult MidiOutput::Play(),false,src/Midi.cpp,Canonical relocation-aware VC7.1 comparison: 81/81 authored bytes exact,authored,Exact MIDI track load device open timer start and debug path
0x00422660,122,0x004226D9,FUN_00422660,th095::MidiOutput::StopPlayback,Midi,matching,100.00,__thiscall,ZunResult MidiOutput::StopPlayback(),false,src/Midi.cpp,Canonical relocation-aware VC7.1 comparison: 122/122 authored bytes exact,authored,Exact pending-header cleanup timer stop device close and active-slot reset
0x004226E0,199,0x004227A6,FUN_004226e0,th095::MidiOutput::UnprepareHeader,Midi,matching,100.00,__thiscall,ZunResult MidiOutput::UnprepareHeader(LPMIDIHDR pmh),false,src/Midi.cpp,Canonical relocation-aware VC7.1 comparison: 199/199 authored bytes exact,authored,Exact pending SysEx header lookup WinMM unprepare and owned-buffer release
0x004227B0,79,0x004227FE,FUN_004227b0,th095::MidiOutput::SetFadeOut,Midi,matching,100.00,__thiscall,ZunResult MidiOutput::SetFadeOut(u32 ms),false,src/Midi.cpp,Canonical relocation-aware VC7.1 comparison: 79/79 authored bytes exact,authored,Exact MIDI fade-state initialization
0x00422800,615,0x00422A66,FUN_00422800,th095::MidiOutput::OnTimerElapsed,Midi,matching,100.00,__thiscall,void MidiOutput::OnTimerElapsed(),false,src/Midi.cpp,Canonical relocation-aware VC7.1 comparison: 615/615 authored bytes exact,authored,Exact multimedia timer playback/fade loop; target-proven live BOOL bucket restores 64-bit event comparison homes
0x00422A70,1866,0x004231B9,FUN_00422a70,,,unclassified,0.00,,,false,,Ghidra 12.1.3 auto-analysis candidate; boundary unreviewed,,
0x00423310,183,0x004233C6,FUN_00423310,th095::MidiOutput::FadeOutSetVolume,Midi,matching,100.00,__thiscall,void MidiOutput::FadeOutSetVolume(i32 volumeOffset),false,src/Midi.cpp,Canonical relocation-aware VC7.1 comparison: 183/183 authored bytes exact,authored,Exact 16-channel fade volume publisher; fully live five-field local aggregate restores TH08 var-order
0x004233D0,22,0x004233E5,FUN_004233d0,th095::DummyMidiTimer::OnTimerElapsed,Midi,matching,100.00,__thiscall,void DummyMidiTimer::OnTimerElapsed(),false,src/Midi.cpp,Canonical relocation-aware VC7.1 comparison: 22/22 authored bytes exact,authored,Exact dummy MIDI timer performance-counter sample
0x004233F0,25,0x00423408,FUN_004233f0,th095::MidiTimer::StartTimer,Midi,matching,100.00,__thiscall,void MidiTimer::StartTimer(),false,src/Midi.cpp,Canonical relocation-aware VC7.1 comparison: 25/25 authored bytes exact,authored,Exact 16ms dummy-timer start wrapper
0x00423410,19,0x00423422,FUN_00423410,th095::MidiTimer::StopTimer,Midi,matching,100.00,__thiscall,void MidiTimer::StopTimer(),false,src/Midi.cpp,Canonical relocation-aware VC7.1 comparison: 19/19 authored bytes exact,authored,Exact timer-stop wrapper
0x00423430,11,0x0042343A,FUN_00423430,th095::AsciiManager::InitializeVms,AsciiManager,matching,100.00,__thiscall,void AsciiManager::InitializeVms(),false,src/AsciiManager.cpp,Canonical relocation-free VC7.1 comparison: 11/11 bytes,authored,Exact target-empty post-reset VM initialization hook
0x00423440,400,0x004235CF,FUN_00423440,th095::Supervisor::OnUpdate,Supervisor,matching,100.00,__fastcall,i32 Supervisor::OnUpdate(void *arg),false,src/Main.cpp,Canonical relocation-aware VC7.1 comparison: 400/400 bytes and all 17 SoundPlayer Controller ANM and scene-state relocations,authored,Exact frame reset input polling ANM preload and scene-routing calc callback
0x004235D0,442,0x00423789,FUN_004235d0,th095::Supervisor::OnDraw2,Supervisor,matching,100.00,__fastcall,i32 Supervisor::OnDraw2(Supervisor *s),false,src/Main.cpp,Canonical relocation-aware VC7.1 comparison: 442/442 bytes and all 23 relocations,authored,Exact viewport/prompt/ASCII/surface callback; surface slot 8 uses the target out-parameter inline load shape
0x00423790,170,0x00423839,FUN_00423790,th095::Supervisor::DrawFpsCounter,Supervisor,matching,100.00,__fastcall,i32 Supervisor::DrawFpsCounter(Supervisor *s),false,src/Main.cpp,Canonical relocation-aware VC7.1 comparison: 170/170 bytes and all ten timing threshold ASCII relocations,authored,Exact FPS update threshold coloring and formatted ASCII queue callback
0x00423840,147,0x004238D2,FUN_00423840,th095::Supervisor::FinalizeFrame,Supervisor,matching,100.00,__fastcall,i32 Supervisor::FinalizeFrame(Supervisor *s),false,src/Main.cpp,Canonical relocation-aware VC7.1 comparison: 147/147 bytes and all five ANM lock frameskip and frame-count relocations,authored,Exact priority-30 vertex flush and synchronized FPS frame producer
0x004238E0,127,0x0042395E,FUN_004238e0,th095::Supervisor::InitializeInput,Supervisor,matching,100.00,__fastcall,void Supervisor::InitializeInput(Supervisor *s),false,src/Main.cpp,Canonical relocation-aware VC7.1 comparison: 127/127 bytes and all twelve Supervisor and DirectInput setup relocations; worker registration independently proves the fastcall callback ABI,authored,Exact DirectInput availability-bit reset setup and publication callback
0x00423960,689,0x00423C10,FUN_00423960,th095::Supervisor::SetupDInput,Supervisor,matching,100.00,__thiscall,i32 Supervisor::SetupDInput(),false,src/Main.cpp,Canonical relocation-aware VC7.1 comparison: 689/689 bytes and all 28 API device data-format callback and diagnostic relocations,authored,Exact keyboard and attached-game-controller DirectInput initialization owner
0x00423C20,68,0x00423C63,FUN_00423c20,th095::Supervisor::EnumGameControllersCb,Supervisor,matching,100.00,__stdcall,BOOL Supervisor::EnumGameControllersCb(LPCDIDEVICEINSTANCEA instance; LPVOID context),false,src/Main.cpp,Canonical relocation-aware VC7.1 comparison: 68/68 bytes and all four Supervisor device relocations,authored,Exact first-attached-game-controller creation callback
0x00423C70,109,0x00423CDC,FUN_00423c70,th095::Supervisor::ControllerCallback,Supervisor,matching,100.00,__stdcall,BOOL Supervisor::ControllerCallback(LPCDIDEVICEOBJECTINSTANCEA object; LPVOID context),false,src/Main.cpp,Canonical relocation-aware VC7.1 comparison: 109/109 bytes and both controller relocations,authored,Exact joystick-axis minus-1000 to 1000 range callback
0x00423CE0,25,0x00423CF8,FUN_00423ce0,th095::Supervisor::StartInputWorker,Supervisor,matching,100.00,__fastcall,void Supervisor::StartInputWorker(),false,src/Main.cpp,Canonical relocation-aware VC7.1 comparison: 25/25 bytes and all four Supervisor callback worker and launcher relocations,authored,Exact asynchronous DirectInput worker registration wrapper
0x00423D00,89,0x00423D58,FUN_00423d00,th095::Supervisor::ReleaseGameManagers,Supervisor,matching,100.00,__thiscall,void Supervisor::ReleaseGameManagers(),false,src/Main.cpp,Canonical relocation-aware VC7.1 comparison: 89/89 bytes and both front-end and photo-game destroy relocations,authored,Exact active front-end and photo-game owner teardown helper
0x00423D60,267,0x00423E6A,FUN_00423d60,th095::Supervisor::RegisterChain,Supervisor,matching,100.00,__fastcall,ZunResult Supervisor::RegisterChain(),false,src/Main.cpp,Canonical relocation-aware VC7.1 comparison: 267/267 bytes and 23 relocations,authored,main-register-chain
0x00423E70,320,0x00423FAF,FUN_00423e70,th095::Supervisor::AddedCallback,Supervisor,matching,100.00,__fastcall,i32 Supervisor::AddedCallback(Supervisor *s),false,src/Main.cpp,Canonical relocation-aware VC7.1 comparison: 320/320 bytes and all 36 viewport RNG data archive surface FPS ANM text and worker relocations,authored,Exact Supervisor startup chain callback and asynchronous loader coordinator
0x00423FB0,151,0x00424046,FUN_00423fb0,th095::Supervisor::LoadDat,Supervisor,matching,100.00,__fastcall,i32 Supervisor::LoadDat(),false,src/Main.cpp,Canonical relocation-aware VC7.1 comparison: 151/151 bytes and all 15 archive version-file FileSystem Supervisor and fatal-error relocations,authored,Exact th095.dat archive and v1.02a version-file gate; the real fileSize local uses the target-proven shallow VC7 identifier bucket with no inert storage
0x00424050,600,0x004242A7,FUN_00424050,th095::Supervisor::CheckFps,Supervisor,matching,100.00,__fastcall,i32 Supervisor::CheckFps(),false,src/Main.cpp,Canonical relocation-aware VC7.1 comparison: 600/600 bytes and all 28 timer D3D sample-threshold diagnostic and Supervisor relocations,authored,Exact TH095-specific 600-frame GetTimestamp refresh-rate sampler and forced-60-frame fallback
0x004242B0,532,0x004244C3,FUN_004242b0,th095::Supervisor::StartupThread,Supervisor,matching,100.00,__fastcall,void Supervisor::StartupThread(Supervisor *s),false,src/Main.cpp,Canonical relocation-aware VC7.1 comparison: 532/532 authored bytes exact with all 57 startup/EH/sound/ANM relocations,authored,Exact startup thread; a tagged DummyMidiTimer constructor binds the target eight-byte construction phase without changing other new-expression temporaries
0x004244D0,550,0x004246F5,FUN_004244d0,th095::Supervisor::DeletedCallback,Supervisor,matching,100.00,__fastcall,i32 Supervisor::DeletedCallback(void *arg),false,src/Main.cpp,Canonical relocation-aware VC7.1 comparison: 550/550 authored bytes exact with all 43 shutdown/resource relocations replayed,authored,Exact startup ownership teardown; bounded inline version-data and ANM-vertex-buffer ownership helpers preserve the two real early locals so the late dummy-MIDI delete temporaries naturally occupy the target shallow homes without padding
0x00424700,19,0x00424712,FUN_00424700,th095::DummyMidiTimer::~DummyMidiTimer,MidiTimer,excluded,0.00,__thiscall,DummyMidiTimer::~DummyMidiTimer(),false,,Pinned VC7.1 with no user-declared derived destructor emits an aux-less implicit 19-byte destructor whose non-relocation bytes exactly match the target and whose sole REL32 resolves to MidiTimer::~MidiTimer at 0x00421F90,compiler-generated,Implicit compiler-generated derived destructor; excluded from the authored denominator
0x00424720,603,0x0042497A,FUN_00424720,th095::Supervisor::CalculateFps,Supervisor,matching,100.00,__thiscall,void Supervisor::CalculateFps(),false,src/Main.cpp,Canonical relocation-aware VC7.1 comparison: 603/603 bytes and all 43 timer gameplay-state and slow-rate relocations,authored,Exact half-second FPS sampling QPC anomaly fallback and replay/photo slow-rate accumulation
0x00424980,126,0x004249FD,FUN_00424980,th095::Supervisor::ScreenshotThread,Supervisor,matching,100.00,__fastcall,void Supervisor::ScreenshotThread(void *unused),false,src/Main.cpp,Canonical relocation-aware VC7.1 comparison: 126/126 bytes and all fourteen file-write memory-release and Supervisor relocations,authored,Exact asynchronous BMP writer and capture-buffer ownership release
0x00424A00,814,0x00424D2D,FUN_00424a00,th095::Supervisor::TakeScreenshot,Supervisor,matching,100.00,__thiscall,i32 Supervisor::TakeScreenshot(char *path),false,src/Main.cpp,Canonical relocation-aware VC7.1 comparison: 814/814 bytes and all twenty-three D3D format allocation conversion logging CRT-thread and Supervisor relocations,authored,Exact TH095-specific asynchronous 640x480 X8R8G8B8 to 24-bit BMP capture path
0x00424D30,1047,0x00425146,FUN_00424d30,th095::Supervisor::LoadConfig,Supervisor,matching,100.00,__thiscall,ZunResult Supervisor::LoadConfig(char *),false,src/Main.cpp,main-load-config canonical VC7.1 relocation replay,authored,Exact 200-byte validation thbgm.dat fallback option logging and controller mapping
0x00425150,155,0x004251EA,FUN_00425150,th095::Supervisor::ThreadClose,Supervisor,matching,100.00,__thiscall,void Supervisor::ThreadClose(),false,src/Main.cpp,Canonical relocation-aware VC7.1 comparison: 155/155 bytes and all three critical-section and handle relocations,authored,Exact replay-scan worker handle close under critical-section lane 6
0x004251F0,253,0x004252EC,FUN_004251f0,th095::Supervisor::LoadMusic,Supervisor,matching,100.00,__thiscall,i32 Supervisor::LoadMusic(i32 preloadSlot; char *path),false,src/Main.cpp,Canonical relocation-aware VC7.1 comparison: 253/253 bytes and all eight MIDI WAV path-conversion queue and Supervisor relocations,authored,Exact MIDI preload or extension-rewritten WAV preload router
0x004252F0,145,0x00425380,FUN_004252f0,th095::Supervisor::PlayMusic,Supervisor,matching,100.00,__thiscall,i32 Supervisor::PlayMusic(i32 musicIndex; i32 unused),false,src/Main.cpp,Canonical relocation-aware VC7.1 comparison: 145/145 bytes and all fourteen MIDI preload release and BGM queue relocations,authored,Exact MIDI parse/play and WAV BGM load router; second stack argument is target-retained but unused
0x00425390,120,0x00425407,FUN_00425390,th095::Supervisor::StopAudio,Supervisor,matching,100.00,__thiscall,i32 Supervisor::StopAudio(),false,src/Main.cpp,Canonical relocation-aware VC7.1 comparison: 120/120 bytes and all twelve MIDI and preload-sensitive WAV stop relocations,authored,Exact BGM stop/release router
0x00425410,179,0x004254C2,FUN_00425410,th095::Supervisor::FadeOutMusic,Supervisor,matching,100.00,__thiscall,i32 Supervisor::FadeOutMusic(f32 durationSeconds),false,src/Main.cpp,Canonical relocation-aware VC7.1 comparison: 179/179 bytes and all sixteen MIDI millisecond game-speed WAV fade and conversion relocations,authored,Exact BGM fade router with TH095 game-speed compensation
0x004254D0,76,0x0042551B,FUN_004254d0,th095::Supervisor::EnableFog,Supervisor,matching,100.00,__thiscall,i32 Supervisor::EnableFog(),false,src/Main.cpp,Canonical relocation-aware VC7.1 comparison: 76/76 bytes and both ANM flush relocations,authored,Exact buffered-render flush and D3DRS_FOGENABLE enable path
0x00425520,76,0x0042556B,FUN_00425520,th095::Supervisor::DisableFog,Supervisor,matching,100.00,__thiscall,i32 Supervisor::DisableFog(),false,src/Main.cpp,Canonical relocation-aware VC7.1 comparison: 76/76 bytes and both ANM flush relocations,authored,Exact buffered-render flush and D3DRS_FOGENABLE disable path
0x00425570,53,0x004255A4,FUN_00425570,th095::Supervisor::SetRenderState,Supervisor,matching,100.00,__thiscall,void Supervisor::SetRenderState(D3DRENDERSTATETYPE state; i32 value),false,src/Main.cpp,Canonical relocation-aware VC7.1 comparison: 53/53 bytes and both ANM flush relocations,authored,Exact generic buffered-render flush and D3D render-state wrapper
0x004255B0,141,0x0042563C,FUN_004255b0,th095::SceneSupervisorView::StartReplayScan,Supervisor,matching,100.00,__thiscall,ZunResult SceneSupervisorView::StartReplayScan(void (__fastcall *callback)(void *); void *argument),false,src/ReplayScanWorker.cpp,Canonical relocation-aware VC7.1 comparison: 141/141 bytes with five relocations,authored,Exact critical-section protected replay scan launcher
0x00425640,25,0x00425658,FUN_00425640,th095::SceneSupervisorView::StopReplayScan,Supervisor,matching,100.00,__thiscall,void SceneSupervisorView::StopReplayScan(),false,src/ReplayScanWorker.cpp,Canonical relocation-aware VC7.1 comparison: 25/25 bytes with one relocation,authored,Exact Supervisor replay scan stop wrapper
0x00425660,196,0x00425723,FUN_00425660,th095::Supervisor::SetupLoadingVms,Supervisor,matching,100.00,__thiscall,void Supervisor::SetupLoadingVms(Float3 *position),false,src/Main.cpp,Canonical relocation-aware VC7.1 comparison: 196/196 bytes and all fifteen VM creation handle publication position and manager relocations,authored,Exact TH095 handle-based three-script loading animation setup
0x00425730,163,0x004257D2,FUN_00425730,th095::Supervisor::HideLoadingVms,Supervisor,matching,100.00,__thiscall,void Supervisor::HideLoadingVms(),false,src/Main.cpp,Canonical relocation-aware VC7.1 comparison: 163/163 bytes and all fourteen handle interrupt reset manager and screen-effect relocations,authored,Exact loading VM interrupt-1 hide and handle ownership release
0x004257E0,163,0x00425882,FUN_004257e0,th095::Supervisor::BeginLoadingCompletion,Supervisor,matching,100.00,__thiscall,void Supervisor::BeginLoadingCompletion(),false,src/Main.cpp,Canonical relocation-aware VC7.1 comparison: 163/163 bytes and all fourteen handle interrupt reset manager and screen-effect relocations,authored,Exact loading VM interrupt-2 completion and handle ownership release
0x00425890,62,0x004258CD,FUN_00425890,th095::Supervisor::InitializeCriticalSections,Supervisor,matching,100.00,__thiscall,void Supervisor::InitializeCriticalSections(),false,src/Main.cpp,Canonical relocation-aware VC7.1 comparison: 62/62 bytes,authored,main-initialize-critical-sections
0x004258D0,62,0x0042590D,FUN_004258d0,th095::Supervisor::DeleteCriticalSections,Supervisor,matching,100.00,__thiscall,void Supervisor::DeleteCriticalSections(),false,src/Main.cpp,Canonical relocation-aware VC7.1 comparison: 62/62 bytes,authored,main-delete-critical-sections
0x00425910,396,0x00425A9B,FUN_00425910,th095::SupervisorViewportView::ApplyGameplayViewport,Supervisor,matching,100.00,__thiscall,void SupervisorViewportView::ApplyGameplayViewport(GameplayViewportConfiguration *configuration),false,src/SupervisorViewport.cpp,Canonical relocation-aware VC7.1 comparison: 396/396 bytes and all sixteen ANM D3DX D3D Supervisor constant and viewport-publication relocations,authored,Exact gameplay/2D viewport view-projection apply hub
0x00425AA0,539,0x00425CBA,FUN_00425aa0,th095::BackgroundSupervisorView::ApplyBackgroundViewport,Background,matching,100.00,__thiscall,void BackgroundSupervisorView::ApplyBackgroundViewport(BackgroundViewportConfigurationView *configuration),false,src/Background.cpp,Canonical relocation-aware VC7.1 comparison: 539/539 bytes and all thirteen ANM D3DX D3D Supervisor and viewport-publication relocations,authored,Exact 3D background camera view-projection basis and ANM viewport apply hub
0x00425CC0,549,0x00425EE4,FUN_00425cc0,th095::Supervisor::InitializeViewports,Supervisor,matching,100.00,__thiscall,void Supervisor::InitializeViewports(),false,src/SupervisorViewport.cpp,Canonical relocation-aware VC7.1 comparison: 549/549 bytes and all forty Supervisor layout relocations,authored,Exact two-configuration 2D/gameplay and 3D/background viewport initialization
0x00425EF0,938,0x00426299,FUN_00425ef0,th095::Supervisor::UpdateSceneState,Supervisor,matching,100.00,__thiscall,i32 Supervisor::UpdateSceneState(),false,src/Main.cpp,Canonical relocation-aware VC7.1 comparison: 938/938 authored bytes plus all 88 compiler switch-table bytes and 46 relocations,authored,Exact TH095 front-end photo-game replay result and failure state router
0x00426300,79,0x0042634E,FUN_00426300,th095::SoundPlayer::UpdateFades,SoundPlayer,matching,100.00,__thiscall,void SoundPlayer::UpdateFades(),false,src/SoundPlayer.cpp,Canonical relocation-aware VC7.1 comparison: 79/79 bytes and all four streaming fade relocations,authored,Exact per-frame full and partial BGM fade updater
0x00426350,255,0x0042644E,FUN_00426350,th095::Supervisor::Supervisor,Supervisor,matching,100.00,__thiscall,Supervisor::Supervisor(),false,src/SupervisorLifecycle.cpp,Canonical relocation-aware VC7.1 comparison: 255/255 authored bytes exact with all seven EH configuration and worker-construction relocations,authored,Exact global Supervisor lifecycle constructor for target 0x7BC prefix; initializes configuration viewport/timer members two workers then clears state and sets flags 0x40/0x100
0x00426450,84,0x004264A3,FUN_00426450,th095::Supervisor::~Supervisor,Supervisor,matching,100.00,__thiscall,Supervisor::~Supervisor(),false,src/SupervisorLifecycle.cpp,Canonical relocation-aware VC7.1 comparison: 84/84 authored bytes exact with all six EH and worker-destructor relocations,authored,Exact global Supervisor teardown destroys secondary worker +0x7A0 then replay worker +0x648
0x004264B0,373,0x00426624,FUN_004264b0,th095::ResultScreen::ResultScreen,ResultScreen,matching,100.00,__thiscall,ResultScreen::ResultScreen(),false,src/ResultScreen.cpp,"Canonical relocation-aware VC7.1 comparison: 373/373 authored bytes exact with all fifteen EH, vector-construction, body, and singleton relocations",authored,Exact PauseInf constructor: timer fields initialize current/previous/subFrame in target order; replayCursor alone selects the target 0x18 first-cursor construction phase before photoCursor and outer this
0x00426630,489,0x00426818,FUN_00426630,th095::ResultScreen::Initialize,ResultScreen,matching,100.00,__thiscall,ZunResult ResultScreen::Initialize(),false,src/ResultScreen.cpp,Canonical relocation-aware VC7.1 comparison: 489/489 bytes and all nineteen ANM filesystem parser CRT scene-table and group-map relocations,authored,Exact PauseInf help-text scene-table initialization
0x00426820,52,0x00426853,FUN_00426820,th095::ResultScreen::LoadAnm,ResultScreen,matching,100.00,__fastcall,ZunResult ResultScreen::LoadAnm(),false,src/ResultScreen.cpp,Canonical relocation-aware VC7.1 comparison: 52/52 bytes and all six ANM path and diagnostic relocations,authored,Exact pause ANM load callback
0x00426860,20,0x00426873,FUN_00426860,th095::ResultScreen::ReleaseAnm,ResultScreen,matching,100.00,__fastcall,ZunResult ResultScreen::ReleaseAnm(),false,src/ResultScreen.cpp,Canonical relocation-aware VC7.1 comparison: 20/20 bytes and both manager relocations,authored,Exact pause ANM release callback
0x00426880,452,0x00426A43,FUN_00426880,th095::ResultScreen::~ResultScreen,ResultScreen,matching,100.00,__thiscall,ResultScreen::~ResultScreen(),false,src/ResultScreen.cpp,Canonical relocation-aware VC7.1 comparison: 452/452 bytes and all twenty-two Chain replay ownership ANM-marking free and vector-destruction relocations,authored,Exact PauseInf/result UI destructor; marks VMs for deletion by AnmLoaded pointer before embedded VM teardown
0x00426A50,316,0x00426B8B,FUN_00426a50,th095::ResultScreen::Create,ResultScreen,matching,100.00,__fastcall,ResultScreen *ResultScreen::Create(),false,src/ResultScreen.cpp,Canonical relocation-aware VC7.1 comparison: 316/316 bytes and all nineteen allocation initialization callback Chain and cleanup relocations,authored,Exact PauseInf/result UI factory and callback ownership
0x00426B90,95,0x00426BEE,FUN_00426b90,th095::ResultScreen::Destroy,ResultScreen,matching,100.00,__thiscall,void ResultScreen::Destroy(),false,src/ResultScreen.cpp,Canonical relocation-aware VC7.1 comparison: 95/95 bytes and both destructor and operator-delete relocations,authored,Exact ResultScreen self-destruction entry
0x00426BF0,6471,0x00428536,FUN_00426bf0,th095::ResultScreen::Update,ResultScreen,matching,100.00,__thiscall,ChainCallbackResult ResultScreen::Update(),false,src/ResultScreen.cpp,Canonical relocation-aware VC7.1 comparison: 6471/6471 authored bytes exact plus both adjacent switch tables; all 186 body/table relocations replay,authored,Exact 16-state result dispatcher: 0xB0 photo-result SetState phase plus 0xDC replay Disable phase restore the deep lane; only the first four 21-VM interrupt loops belong to a call-site inline helper so seven real loop indices interleave with compiler temps exactly
0x00428590,788,0x004288A3,FUN_00428590,th095::InitializeGameResultScreen,ResultScreen,matching,100.00,__fastcall,void InitializeGameResultScreen(ResultScreen *resultScreen),false,src/ResultScreen.cpp,"Canonical relocation-aware VC7.1 comparison: 788/788 authored bytes exact with all eighteen sound, ANM, capture, and result-state relocations",authored,Exact game-result initializer: capture setup is a source-local semantic phase preserving target shallow timer/manager homes; replayCursor.Set(0) owns the distinct 0x90 target-attested allocation phase
0x004288B0,1489,0x00428E80,FUN_004288b0,th095::InitializeReplayResultScreen,ResultScreen,matching,100.00,__fastcall,void InitializeReplayResultScreen(ResultScreen *resultScreen),false,src/ResultScreen.cpp,"Canonical relocation-aware VC7.1 comparison: 1489/1489 authored bytes exact with all 43 result, cursor, ANM, score, replay, text, and time relocations",authored,"Exact replay-result initializer: primary VM 1/7/9/10/8/19/20 calls retain indexed GetResultVm lowering, aux VMs 21/22 use direct member addresses, group/scene values are rematerialized, the normal replay timestamp/score tail owns a 0xA0 target-attested phase, and the extra cursor/aux-text tail owns a 0x58 phase; wrapping Set directly is the negative control because it misplaces both cursor homes"
0x00428E90,1073,0x004292C0,FUN_00428e90,th095::InitializePhotoResultScreen,ResultScreen,matching,100.00,__fastcall,void InitializePhotoResultScreen(ResultScreen *resultScreen),false,src/ResultScreen.cpp,"Canonical relocation-aware VC7.1 comparison: 1073/1073 authored bytes exact with all thirty-three result, cursor, ANM, score, replay, and time relocations",authored,"Exact photo-result initializer: shared capture setup, a normal-branch disabled-cursor phase, an extra-mode replayCursor.Set(1) phase with 0x48 target-attested storage, direct VM13 color access, and an f32 cast on the lag ratio reproduce the target frame and x87 sequence"
0x004292D0,380,0x0042944B,FUN_004292d0,th095::ResultScreen::PrepareBestShot,ResultScreen,matching,100.00,__thiscall,void ResultScreen::PrepareBestShot(),false,src/ResultScreen.cpp,Canonical relocation-aware VC7.1 comparison: 380/380 authored bytes exact; the target 0x38 cursor-allocation phase is bound only to the real photoCursor.Set(bestShot) operation,authored,Exact best-photo preview preparation; a source-local cursor Set phase preserves the target 0x60 frame without moving the surrounding VM and loop temporaries
0x00429450,108,0x004294BB,FUN_00429450,th095::ResultPhotoDataView::FindBestShot,ResultScreen,matching,100.00,__thiscall,i32 ResultPhotoDataView::FindBestShot(),false,src/ResultScreen.cpp,Canonical VC7.1 comparison: 108/108 bytes and no relocations,authored,Exact eleven-slot best-shot score maximum scan
0x004294C0,1323,0x004299EA,FUN_004294c0,th095::UpdatePhotoResultScreen,ResultScreen,matching,100.00,__fastcall,void UpdatePhotoResultScreen(ResultScreen *resultScreen),false,src/ResultScreen.cpp,"Canonical relocation-aware VC7.1 comparison: 1323/1323 authored bytes exact with all 65 cursor, ANM, score-data, sound, and persistence relocations",authored,Exact photo-result browser/save path: target 0x2C temp delta splits into 0x24 previous-photo interrupt phase plus 0x08 current-photo interrupt phase; corrected 0x60 best-shot image union view starts its live fields at +0x10
0x004299F0,187,0x00429AAA,FUN_004299f0,th095::ResultSaveDataView::UpdateBestShotRecord,ResultScreen,matching,100.00,__thiscall,void ResultSaveDataView::UpdateBestShotRecord(i32 index),false,src/ResultScreen.cpp,Canonical VC7.1 comparison: 187/187 authored bytes plus 2 compiler-owned tail bytes and both free relocations,authored,Exact best-shot component cleanup and record validity reset
0x00429AB0,455,0x00429C76,FUN_00429ab0,th095::ResultScreen::UpdateCursor,ResultScreen,matching,100.00,__thiscall,i32 ResultScreen::UpdateCursor(i32 firstVm),false,src/ResultScreen.cpp,Canonical relocation-aware VC7.1 comparison: 455/455 bytes and 8 relocations,authored,Exact timer-gated result menu selection VM interrupts repeated input and movement sound
0x00429C80,2573,0x0042A68C,FUN_00429c80,th095::ResultScreen::Draw,ResultScreen,matching,100.00,__thiscall,ChainCallbackResult ResultScreen::Draw(),false,src/ResultScreen.cpp,Canonical relocation-aware stock VC7.1 comparison: 2573/2573 authored bytes exact with 2605-byte body-plus-switch-table extent and all 118 relocations replayed,authored,"Exact result renderer: TH08 patched var_order supplies only the local-order oracle; stock VC7.1 identifier buckets reproduce all 28 real Draw locals, while the target-attested 12-byte best-shot frontend phase restores the FindBestShot allocation lane"
0x0042A6B0,45,0x0042A6DC,FUN_0042a6b0,th095::ResultScreen::OnUpdate,ResultScreen,matching,100.00,__fastcall,static ChainCallbackResult ResultScreen::OnUpdate(ResultScreen *resultScreen),false,src/ResultScreen.cpp,Canonical relocation-aware VC7.1 comparison: 45/45 bytes and 2 relocations,authored,Exact result-screen update-chain wrapper and global suppression gate
0x0042A6E0,45,0x0042A70C,FUN_0042a6e0,th095::ResultScreen::OnDraw,ResultScreen,matching,100.00,__fastcall,static ChainCallbackResult ResultScreen::OnDraw(ResultScreen *resultScreen),false,src/ResultScreen.cpp,Canonical relocation-aware VC7.1 comparison: 45/45 bytes and 2 relocations,authored,Exact result-screen draw-chain wrapper and global suppression gate
0x0042A710,390,0x0042A895,FUN_0042a710,th095::ResultScreen::LoadReplays,ResultScreen,matching,100.00,__thiscall,ZunResult ResultScreen::LoadReplays(),false,src/ResultScreen.cpp,Canonical relocation-aware VC7.1 comparison: 390/390 bytes and 5 relocations,authored,Exact TH095 twenty-slot replay reload and result-screen cursor reset
0x0042A8A0,160,0x0042A93F,FUN_0042a8a0,th095::PhotoOverlayManagerView::PhotoOverlayManagerView,PhotoOverlay,matching,100.00,__thiscall,PhotoOverlayManagerView::PhotoOverlayManagerView(),false,src/PhotoOverlay.cpp,Canonical relocation-aware VC7.1 comparison: 160/160 authored bytes exact,authored,Exact PhotoInf construction: eleven slot lifetime views and eighty display VMs precede the 0x25730 clear and stage singleton publication
0x0042A940,117,0x0042A9B4,FUN_0042a940,th095::PhotoStageSlotLifetimeView::PhotoStageSlotLifetimeView,PhotoOverlay,matching,100.00,__thiscall,PhotoStageSlotLifetimeView::PhotoStageSlotLifetimeView(),false,src/PhotoOverlay.cpp,Canonical relocation-aware VC7.1 comparison: 117/117 authored bytes exact,authored,Exact compiler vector construction of the two six-AnmVm groups at slot offsets +0x0000/+0x10C8
0x0042A9C0,103,0x0042AA26,FUN_0042a9c0,th095::PhotoStageSlotLifetimeView::~PhotoStageSlotLifetimeView,PhotoOverlay,matching,100.00,__thiscall,PhotoStageSlotLifetimeView::~PhotoStageSlotLifetimeView(),false,src/PhotoOverlay.cpp,Canonical relocation-aware VC7.1 comparison: 103/103 authored bytes exact,authored,Exact reverse compiler vector destruction of the two six-AnmVm groups in one 0x2214 slot lifetime view
0x0042AA30,88,0x0042AA87,FUN_0042aa30,th095::PhotoOverlayManagerView::Initialize,PhotoOverlay,matching,100.00,__thiscall,i32 PhotoOverlayManagerView::Initialize(),false,src/PhotoOverlay.cpp,Canonical relocation-aware VC7.1 comparison: 88/88 authored bytes exact,authored,Exact photo.anm preload into +0x2571C with Japanese corruption diagnostic and scoreMultiplier=1.0
0x0042AA90,52,0x0042AAC3,FUN_0042aa90,th095::LoadPhotoAnm,PhotoOverlay,matching,100.00,__fastcall,i32 LoadPhotoAnm(),false,src/PhotoOverlay.cpp,Canonical relocation-aware VC7.1 comparison: 52/52 authored bytes exact,authored,Exact slot-9 photo.anm preload helper with target Japanese corruption diagnostic
0x0042AAD0,20,0x0042AAE3,FUN_0042aad0,th095::ReleaseResultAnm,PhotoOverlay,matching,100.00,__fastcall,i32 ReleaseResultAnm(),false,src/PhotoOverlay.cpp,Canonical relocation-aware VC7.1 comparison: 20/20 authored bytes exact with both ANM manager relocations,authored,Exact slot-nine photo/result ANM release helper; unique Supervisor teardown caller
0x0042AAF0,194,0x0042ABB1,FUN_0042aaf0,th095::PhotoOverlayManagerView::~PhotoOverlayManagerView,PhotoOverlay,matching,100.00,__thiscall,PhotoOverlayManagerView::~PhotoOverlayManagerView(),false,src/PhotoOverlay.cpp,Canonical relocation-aware VC7.1 comparison: 194/194 authored bytes exact,authored,"Exact PhotoInf teardown: cut calc/draw Chains, mark owned ANM VMs, clear singleton, destroy eighty VMs and eleven slot views"
0x0042ABC0,316,0x0042ACFB,FUN_0042abc0,th095::PhotoOverlayManagerView::Create,PhotoOverlay,matching,100.00,__fastcall,PhotoOverlayManagerView *PhotoOverlayManagerView::Create(),false,src/PhotoOverlay.cpp,Canonical relocation-aware VC7.1 comparison: 316/316 authored bytes exact,authored,"Exact 0x25730 factory with calc priority 8, draw priority 0x1A, live manager/chain aggregate, and explicit failure cleanup"
0x0042AD00,95,0x0042AD5E,FUN_0042ad00,th095::PhotoOverlayManagerView::Destroy,PhotoOverlay,matching,100.00,__thiscall,void PhotoOverlayManagerView::Destroy(),false,src/PhotoOverlay.cpp,Canonical relocation-aware VC7.1 comparison: 95/95 authored bytes exact,authored,Exact safe-delete wrapper using the target-visible manager pointer home and nulling source shape
0x0042AD60,5309,0x0042C21C,FUN_0042ad60,th095::PhotoStageStateView::Update,PhotoStage,reconstructed,0.00,__thiscall,i32 PhotoStageStateView::Update(),false,src/PhotoStage.cpp,Pinned VC7.1 semantic reconstruction emits 5284 bytes and 1166 instructions versus the 5309-byte 1172-instruction target with 130 relocations resolved,authored,Complete TH095 capture crop texture border best-shot save entry animation and eighty-VM boundary transition state machine; only opening VM address formation two target coordinate copies and 0x11C versus 0x12C frame remain non-exact
0x0042C220,434,0x0042C3D1,FUN_0042c220,th095::PhotoOverlayManagerView::Draw,PhotoOverlay,matching,100.00,__thiscall,i32 PhotoOverlayManagerView::Draw(),false,src/PhotoOverlay.cpp,Canonical relocation-aware VC7.1 comparison: 434/434 authored bytes exact with all four ANM draw and score-state relocations,authored,Exact 80 display-VM plus 11x6 score-colored overlay draw; target repeats indexed VM expressions instead of hoisting a pointer
0x0042C3E0,45,0x0042C40C,FUN_0042c3e0,th095::UpdatePhotoStage,PhotoStage,matching,100.00,__fastcall,i32 UpdatePhotoStage(PhotoStageStateView *stage),false,src/PhotoStage.cpp,Canonical relocation-aware VC7.1 comparison: 45/45 bytes and both relocations,authored,Exact photo-stage update-chain wrapper and global suppression gate
0x0042C410,57,0x0042C448,FUN_0042c410,th095::DrawPhotoStage,PhotoOverlay,matching,100.00,__fastcall,i32 DrawPhotoStage(PhotoOverlayManagerView *manager),false,src/PhotoOverlay.cpp,Canonical relocation-aware VC7.1 comparison: 57/57 authored bytes exact,authored,"Exact draw-chain shell: gameplay viewport 1, photography suppression bit 2 gate, then PhotoInf Draw"
0x0042C450,356,0x0042C5B3,FUN_0042c450,th095::PhotoStageStateView::SavePhoto,PhotoStage,matching,100.00,__thiscall,"i32 PhotoStageStateView::SavePhoto(i32 slot, const Float3 *position, i32 width, i32 height, i32 score, const i32 *scoreData)",false,src/PhotoStage.cpp,Canonical relocation-aware VC7.1 comparison: 356/356 bytes and all 8 relocations,authored,Exact capture-state initializer with player-side placement and slot display dispatch
0x0042C5C0,8560,0x0042E72F,FUN_0042c5c0,th095::PhotoStageDisplayView::Build,PhotoStage,reconstructed,0.00,__thiscall,"void PhotoStageDisplayView::Build(i32 score, Float3 *photoPosition, Float3 *entryPosition, const i32 *scoreData)",false,src/PhotoStage.cpp,Pinned VC7.1 semantic reconstruction emits 8530 bytes versus the 8560-byte target after complete flag-driven score-row recovery,authored,Complete TH095 photo HUD builder with six entry-score digits and twenty flag-driven bonus or multiplier rows; compiler temporary ordering remains non-exact
0x0042E730,118,0x0042E7A5,FUN_0042e730,th095::InitializePhotoStageDisplayVm,PhotoStage,matching,100.00,__fastcall,"void InitializePhotoStageDisplayVm(AnmVm *vm, const Float3 *position, i32 spriteIndex, i32 renderMode)",false,src/PhotoStage.cpp,Canonical relocation-aware VC7.1 comparison: 118/118 bytes and all 4 relocations,authored,Exact photo-HUD VM initializer for script 0x23 sprite position render mode and active marker
0x0042E7B0,689,0x0042EA60,FUN_0042e7b0,th095::PhotoStageStateView::CapturePhotoPixels,PhotoStage,matching,100.00,__thiscall,i32 PhotoStageStateView::CapturePhotoPixels(i32 photoIndex),false,src/PhotoStage.cpp,Canonical relocation-aware VC7.1 comparison: 689/689 bytes and all 21 relocations,authored,Exact captured-texture copy into persistent three-byte or alpha-forced two-byte best-shot storage
0x0042EA70,331,0x0042EBBA,FUN_0042ea70,th095::PhotoGameUpdateView::PhotoGameUpdateView,PhotoGame,matching,100.00,__thiscall,PhotoGameUpdateView::PhotoGameUpdateView(),false,src/PhotoGame.cpp,Canonical relocation-aware VC7.1 comparison: 331/331 authored bytes exact with all nine EH/member-construction/body relocations,authored,Exact PlayerInf constructor; a source-local 12-byte constructor-body phase preserves all member-construction homes and moves only the body/outer receiver to the target slot
0x0042EBC0,167,0x0042EC66,FUN_0042ebc0,th095::PhotoCameraState::PhotoCameraState,PhotoGame,matching,100.00,__thiscall,PhotoCameraState::PhotoCameraState(),false,src/PhotoGame.cpp,Canonical relocation-aware VC7.1 comparison: 167/167 bytes and all 3 relocations,authored,Exact four-viewfinder-VM and three-timer constructor
0x0042EC70,35,0x0042EC92,FUN_0042ec70,th095::PhotoCameraState::~PhotoCameraState,PhotoGame,matching,100.00,__thiscall,PhotoCameraState::~PhotoCameraState(),false,src/PhotoGame.cpp,Canonical relocation-aware VC7.1 comparison: 35/35 bytes and both relocations,authored,Exact four-viewfinder-VM vector destructor
0x0042ECA0,392,0x0042EE27,FUN_0042eca0,th095::PhotoGameUpdateView::Initialize,PhotoGame,matching,100.00,__thiscall,i32 PhotoGameUpdateView::Initialize(),false,src/PhotoGame.cpp,Canonical relocation-aware VC7.1 comparison: 392/392 authored bytes exact with all sixteen load/log/camera/ANM/constant relocations,authored,Exact player initialization; a source-local state-timer assignment phase preserves the target 0x2C compiler reservation and hidden timer this home before deriving three half-size bounds
0x0042EE30,52,0x0042EE63,FUN_0042ee30,th095::LoadPhotoPlayerAnm,PhotoGame,matching,100.00,__fastcall,i32 LoadPhotoPlayerAnm(),false,src/PhotoGame.cpp,Canonical relocation-aware VC7.1 comparison: 52/52 bytes and all 6 relocations,authored,Exact player.anm preload and localized corrupt-data error path
0x0042EE70,20,0x0042EE83,FUN_0042ee70,th095::ReleasePhotoPlayerAnm,PhotoGame,matching,100.00,__fastcall,i32 ReleasePhotoPlayerAnm(),false,src/PhotoGame.cpp,Canonical relocation-aware VC7.1 comparison: 20/20 bytes and both relocations,authored,Exact player.anm slot-7 release wrapper
0x0042EE90,273,0x0042EFA0,FUN_0042ee90,th095::PhotoGameUpdateView::~PhotoGameUpdateView,PhotoGame,matching,100.00,__thiscall,PhotoGameUpdateView::~PhotoGameUpdateView(),false,src/PhotoGame.cpp,Canonical relocation-aware VC7.1 comparison: 273/273 bytes and all nineteen EH ownership Chain ANM vector-destruction and free relocations,authored,Exact PlayerInf teardown; class-inline PhotoCameraState destructor expands four viewfinder AnmVm destructions while a phase-local movementConfig pointer restores the target free home
0x0042EFB0,374,0x0042F125,FUN_0042efb0,th095::PhotoGameUpdateView::Create,PhotoGame,matching,100.00,__fastcall,PhotoGameUpdateView *PhotoGameUpdateView::Create(),false,src/PhotoGame.cpp,Canonical relocation-aware VC7.1 comparison: 374/374 bytes and all 24 relocations,authored,Exact PlayerInf heap construction initialization failure cleanup and calc/player-draw/camera-draw chain registration spine
0x0042F130,95,0x0042F18E,FUN_0042f130,th095::PhotoGameUpdateView::Destroy,PhotoGame,matching,100.00,__thiscall,void PhotoGameUpdateView::Destroy(),false,src/PhotoGame.cpp,Canonical relocation-aware VC7.1 comparison: 95/95 bytes and both relocations,authored,Exact PlayerInf self-destruction entry point
0x0042F190,3463,0x0042FF16,FUN_0042f190,th095::PhotoGameUpdateView::UpdateMainState,PhotoGame,matching,100.00,__thiscall,i32 PhotoGameUpdateView::UpdateMainState(),false,src/PhotoGame.cpp,Canonical relocation-aware VC7.1 comparison: 3463/3463 authored bytes and 3527/3527 compared bytes including both 8-entry compiler switch tables; all 63 relocations replayed,authored,Exact TH095 live-play movement/focus/bounds/history hub; source-local focus helpers restore target temporary-allocation chronology without padding
0x0042FF60,405,0x004300F4,FUN_0042ff60,th095::PhotoGameUpdateView::Update,PhotoGame,matching,100.00,__thiscall,i32 PhotoGameUpdateView::Update(),false,src/PhotoGame.cpp,Canonical VC7.1 comparison covers the 405-byte authored body plus its 16-byte switch table and all 23 relocations,authored,Exact TH095 photo-game state coordinator completion transitions ANM execution and timer advance
0x00430110,72,0x00430157,FUN_00430110,th095::PhotoGameUpdateView::DrawPlayer,PhotoGame,matching,100.00,__thiscall,i32 PhotoGameUpdateView::DrawPlayer(),false,src/PhotoGame.cpp,Canonical relocation-aware VC7.1 comparison: 72/72 bytes and all 3 relocations,authored,Exact player effect-VM screen transform and draw path
0x00430160,30,0x0043017D,FUN_00430160,th095::PhotoGameUpdateView::DrawCamera,PhotoGame,matching,100.00,__thiscall,i32 PhotoGameUpdateView::DrawCamera(),false,src/PhotoGame.cpp,Canonical relocation-aware VC7.1 comparison: 30/30 bytes and its camera-draw relocation,authored,Exact embedded photo-camera draw wrapper
0x00430180,141,0x0043020C,FUN_00430180,th095::PhotoGameUpdateView::OnUpdate,PhotoGame,matching,100.00,__fastcall,i32 PhotoGameUpdateView::OnUpdate(PhotoGameUpdateView *player),false,src/PhotoGame.cpp,Canonical relocation-aware VC7.1 comparison: 141/141 authored bytes exact with all six relocation destinations,authored,"Exact player calc-chain gate for photo-global pause/draw flags, direct capture input and live player update"
0x00430210,45,0x0043023C,FUN_00430210,th095::PhotoGameUpdateView::OnDrawPlayer,PhotoGame,matching,100.00,__fastcall,i32 PhotoGameUpdateView::OnDrawPlayer(PhotoGameUpdateView *player),false,src/PhotoGame.cpp,Canonical relocation-aware VC7.1 comparison: 45/45 bytes and both relocations,authored,Exact player draw-chain global-flag gate
0x00430240,19,0x00430252,FUN_00430240,th095::PhotoGameUpdateView::OnDrawCamera,PhotoGame,matching,100.00,__fastcall,i32 PhotoGameUpdateView::OnDrawCamera(PhotoGameUpdateView *player),false,src/PhotoGame.cpp,Canonical relocation-aware VC7.1 comparison: 19/19 bytes and its wrapper relocation,authored,Exact camera draw-chain callback
0x00430260,265,0x00430368,FUN_00430260,th095::PhotoGameUpdateView::LoadSht,PhotoGame,matching,100.00,__thiscall,i32 PhotoGameUpdateView::LoadSht(char *path),false,src/PhotoGame.cpp,Canonical relocation-aware VC7.1 comparison: 265/265 bytes and all 5 relocations,authored,Exact player.sht loader diagonal-speed cosine derivation power-level pointer rebasing and descriptor sentinel scan
0x00430370,108,0x004303DB,FUN_00430370,th095::PhotoGameStateView::AngleToPoint,PhotoCamera,matching,100.00,__thiscall,f32 PhotoGameStateView::AngleToPoint(const Float3 *point),false,src/PhotoCamera.cpp,Canonical relocation-aware VC7.1 comparison: 108/108 bytes and four relocations,authored,Exact TH095 player-origin angle helper used by camera tracking
0x004303E0,108,0x0043044B,FUN_004303e0,th095::PhotoGameUpdateView::AngleFromPoint,PhotoGame,matching,100.00,__thiscall,f32 PhotoGameUpdateView::AngleFromPoint(Float3 *position),false,src/PhotoGame.cpp,Canonical relocation-aware VC7.1 comparison: 108/108 bytes and all 4 relocations,authored,Exact point-to-player reverse aiming angle used by ECL and bullet logic
0x00430450,212,0x00430523,FUN_00430450,th095::PhotoGameUpdateView::CheckBulletCollision,PhotoGame,matching,100.00,__thiscall,i32 PhotoGameUpdateView::CheckBulletCollision(Float3 *position; Float3 *size),false,src/PhotoGame.cpp,Canonical relocation-aware VC7.1 comparison: 212/212 bytes and all 5 relocations,authored,Exact axis-aligned bullet collision against the PlayerInf hurtbox with captured/recovering state gates
0x00430530,401,0x004306C0,FUN_00430530,th095::PhotoGameUpdateView::CalcLaserHitbox,PhotoGame,matching,100.00,__thiscall,u32 PhotoGameUpdateView::CalcLaserHitbox(Float3 *origin; f32 angle; f32 width; f32 length),false,src/PhotoGame.cpp,Canonical relocation-aware VC7.1 comparison: 401/401 bytes and all 5 relocations,authored,Exact rotated laser-space collision against the PlayerInf hurtbox and shared death transition
0x004306D0,241,0x004307C0,FUN_004306d0,th095::PhotoGameUpdateView::Die,PhotoGame,matching,100.00,__thiscall,void PhotoGameUpdateView::Die(),false,src/PhotoGame.cpp,Canonical relocation-aware VC7.1 comparison: 241/241 bytes and all 13 relocations,authored,Exact TH095 photographer death transition spawning one script-0x121 VM and thirty-two script-0x122 particles resetting the timer and applying half speed
0x004307D0,733,0x00430AAC,FUN_004307d0,th095::PhotoCameraState::Initialize,PhotoGame,reconstructed,0.00,__thiscall,void PhotoCameraState::Initialize(),false,src/PhotoGame.cpp,Pinned VC7.1 semantic reconstruction covers the full 733-byte body and all target calls; its natural 652-byte body differs only because the target reserves an additional 0xB0 local-frame gap forcing long this displacements,authored,TH095 camera initialization creates two frame VMs initializes four inline viewfinder VMs and installs their sprites positions charge and capture state
0x00430AB0,7271,0x00432716,FUN_00430ab0,th095::UpdatePhotoCamera,PhotoCamera,reconstructed,0.00,__fastcall,void UpdatePhotoCamera(PhotoCameraState *camera),false,src/PhotoCamera.cpp,Pinned VC7.1 probe reproduces the complete 7271-byte body length all 1565 instruction mnemonics and all 219 body/switch-table relocation destinations; only the natural 0x2A0 versus target 0x2D4 compiler-frame allocation and derived stack displacements remain non-exact,authored,Complete five-state tracking/charging/capture/recovery/disabled camera loop; exact credit withheld pending natural compiler-local allocation proof
0x00432730,393,0x004328B8,FUN_00432730,th095::PhotoCameraState::BeginCapture,PhotoCamera,matching,100.00,__thiscall,void PhotoCameraState::BeginCapture(),false,src/PhotoCamera.cpp,Canonical relocation-aware VC7.1 comparison: 393/393 bytes and 17 relocations,authored,Exact TH095 transition into active viewfinder capture mode
0x004328C0,1059,0x00432CE2,FUN_004328c0,th095::PhotoCameraState::UpdateViewfinder,PhotoCamera,matching,100.00,__thiscall,void PhotoCameraState::UpdateViewfinder(),false,src/PhotoCamera.cpp,Canonical VC7.1 comparison covers the 1059-byte body plus the adjacent 32-byte switch table,authored,Exact TH095 input-driven viewfinder movement bounds geometry and ANM placement with 48 replayed relocations
0x00432D10,738,0x00432FF1,FUN_00432d10,th095::PhotoCameraState::TakePhoto,PhotoCamera,matching,100.00,__thiscall,u32 PhotoCameraState::TakePhoto(),false,src/PhotoCamera.cpp,Canonical relocation-aware VC7.1 comparison: 738/738 bytes and 41 relocations,authored,Exact TH095 capture finalization target collection score metadata save state transition and audio flow
0x00433000,318,0x0043313D,FUN_00433000,th095::PhotoCameraState::CancelCapture,PhotoCamera,matching,100.00,__thiscall,void PhotoCameraState::CancelCapture(),false,src/PhotoCamera.cpp,Canonical relocation-aware VC7.1 comparison: 318/318 bytes and 16 relocations,authored,Exact TH095 capture cancellation metadata reset recovery transition and audio cleanup
0x00433140,2219,0x004339EA,FUN_00433140,th095::PhotoCameraState::CalculatePhotoScore,PhotoCamera,matching,100.00,__thiscall,"i32 PhotoCameraState::CalculatePhotoScore(PhotoCapturedBulletView *bulletTargets, i32 *scoreData, i32 runtimeTargets, i32 stageTargets)",false,src/PhotoCamera.cpp,Canonical relocation-aware VC7.1 comparison: 2219/2219 bytes and 36 relocations,authored,Exact TH095 scoring pipeline including bullet size and scale base points target/self flags seven color bonuses multipliers and final ten-point rounding
0x004339F0,793,0x00433D08,FUN_004339f0,th095::PhotoCameraState::CountPhotoTargets,PhotoCamera,matching,100.00,__thiscall,"i32 PhotoCameraState::CountPhotoTargets(f32 *closestDistance, f32 *bossRate)",false,src/PhotoCamera.cpp,Canonical relocation-aware VC7.1 comparison: 793/793 bytes and 23 relocations,authored,Exact TH095 enemy eligibility full-frame containment nearest-distance and boss-rate scan
0x00433D10,982,0x004340E5,FUN_00433d10,th095::PhotoCameraState::UpdateCharge,PhotoCamera,matching,100.00,__thiscall,void PhotoCameraState::UpdateCharge(),false,src/PhotoCamera.cpp,Canonical relocation-aware VC7.1 comparison: 982/982 bytes and 37 relocations,authored,Exact TH095 focus activation charge acceleration effect spawning input release and audio cleanup
0x004340F0,296,0x00434217,FUN_004340f0,th095::PhotoCameraState::Draw,PhotoCamera,matching,100.00,__thiscall,void PhotoCameraState::Draw(),false,src/PhotoCamera.cpp,Canonical relocation-aware VC7.1 comparison: 296/296 bytes and 12 relocations,authored,Exact TH095 inline viewfinder drawing and dynamic camera VM visibility gate
0x00434220,77,0x0043426C,FUN_00434220,th095::PhotoDistance2D,PhotoCamera,matching,100.00,__fastcall,"f32 PhotoDistance2D(const Float3 *left, const Float3 *right)",false,src/PhotoCamera.cpp,Canonical relocation-aware VC7.1 comparison: 77/77 bytes and one relocation,authored,Exact TH095 two-dimensional camera distance helper
0x00434270,41,0x00434298,FUN_00434270,th095::ReplayManager::ReplayManager,ReplayManager,matching,100.00,__thiscall,ReplayManager::ReplayManager(),false,src/ReplayManager.cpp,Canonical relocation-aware VC7.1 comparison: 41/41 bytes and 2 relocations,authored,Exact TH095 replay manager zero-initialization and diagnostic lifetime anchor
0x004342A0,582,0x004344E5,FUN_004342a0,th095::ReplayManager::Initialize,ReplayManager,matching,100.00,__thiscall,"ZunResult ReplayManager::Initialize(i32 mode, char *path)",false,src/ReplayManager.cpp,Canonical relocation-aware VC7.1 comparison: 582/582 bytes and 16 relocations,authored,Exact TH095 record playback and load-only buffer/header/configuration initialization
0x004344F0,185,0x004345A8,FUN_004344f0,th095::ReplayManager::~ReplayManager,ReplayManager,matching,100.00,__thiscall,ReplayManager::~ReplayManager(),false,src/ReplayManager.cpp,Canonical relocation-aware VC7.1 comparison: 185/185 bytes and 11 relocations,authored,Exact TH095 replay buffer cleanup chain removal and global singleton release
0x004345B0,330,0x004346F9,FUN_004345b0,th095::ReplayManager::Create,ReplayManager,matching,100.00,__fastcall,"static ReplayManager *ReplayManager::Create(i32 mode, char *path)",false,src/ReplayManager.cpp,Canonical relocation-aware VC7.1 comparison: 330/330 bytes and 19 relocations,authored,Exact TH095 replay allocation initialization and calc/draw chain registration hub
0x00434700,207,0x004347CE,FUN_00434700,th095::ReplayManager::Load,ReplayManager,matching,100.00,__fastcall,static ReplayManager *ReplayManager::Load(char *path),false,src/ReplayManager.cpp,Canonical relocation-aware VC7.1 comparison: 207/207 bytes and 9 relocations,authored,Exact TH095 load-only replay allocation and error cleanup
0x004347D0,95,0x0043482E,FUN_004347d0,th095::ReplayManager::Destroy,ReplayManager,matching,100.00,__fastcall,static void ReplayManager::Destroy(ReplayManager *replayManager),false,src/ReplayManager.cpp,Canonical relocation-aware VC7.1 comparison: 95/95 bytes and 2 relocations,authored,Exact replay manager delete helper
0x00434830,408,0x004349C7,FUN_00434830,th095::ReplayManager::ProcessFrame,ReplayManager,matching,100.00,__thiscall,ChainCallbackResult ReplayManager::ProcessFrame(),false,src/ReplayManager.cpp,Canonical relocation-aware VC7.1 comparison: 408/408 bytes and 24 relocations,authored,Exact TH095 record/playback input stream and quantized FPS sampling core
0x004349D0,182,0x00434A85,FUN_004349d0,th095::ReplayManager::DrawFps,ReplayManager,matching,100.00,__thiscall,ChainCallbackResult ReplayManager::DrawFps(),false,src/ReplayManager.cpp,Canonical relocation-aware VC7.1 comparison: 182/182 bytes and 7 relocations,authored,Exact playback FPS color threshold and ASCII display
0x00434A90,1691,0x0043512A,FUN_00434a90,th095::ReplayManager::WriteReplay,ReplayManager,matching,100.00,__thiscall,ZunResult ReplayManager::WriteReplay(char *path; char *replayName),false,src/ReplayManager.cpp,Canonical relocation-aware VC7.1 comparison: 1691/1691 bytes and 44 relocations,authored,Exact TH095 replay stream compression encryption output and USER metadata writer
0x00435130,540,0x0043534B,FUN_00435130,th095::ReplayManager::LoadReplay,ReplayManager,matching,100.00,__thiscall,ZunResult ReplayManager::LoadReplay(char *path),false,src/ReplayManager.cpp,Canonical relocation-aware VC7.1 comparison: 540/540 bytes and 15 relocations,authored,Exact TH095 disk/archive replay load decrypt decompress and stream split path
0x00435350,45,0x0043537C,FUN_00435350,th095::ReplayManager::OnUpdate,ReplayManager,matching,100.00,__fastcall,static ChainCallbackResult ReplayManager::OnUpdate(ReplayManager *replayManager),false,src/ReplayManager.cpp,Canonical relocation-aware VC7.1 comparison: 45/45 bytes and 2 relocations,authored,Exact replay update chain wrapper and global suppression gate
0x00435380,45,0x004353AC,FUN_00435380,th095::ReplayManager::OnDraw,ReplayManager,matching,100.00,__fastcall,static ChainCallbackResult ReplayManager::OnDraw(ReplayManager *replayManager),false,src/ReplayManager.cpp,Canonical relocation-aware VC7.1 comparison: 45/45 bytes and 2 relocations,authored,Exact replay draw chain wrapper and global suppression gate
0x004353B0,247,0x004354A6,FUN_004353b0,th095::ReplayInputSource::Update,ReplayManager,matching,100.00,__thiscall,void ReplayInputSource::Update(),false,src/ReplayInputUpdate.cpp,Canonical relocation-aware VC7.1 comparison: 247/247 authored bytes exact,authored,"Exact replay-input history update at +0x2C..+0x58; held threshold 26, subtract-8 repeat cadence, pressed/released masks"
0x004354B0,69,0x004354F4,FUN_004354b0,,,unclassified,0.00,,,false,,Ghidra 12.1.3 auto-analysis candidate; boundary unreviewed,,
0x00435500,122,0x00435579,FUN_00435500,th095::ScoreProfileView::Initialize,ScoreData,matching,100.00,__thiscall,void ScoreProfileView::Initialize(),false,src/ScoreLifecycle.cpp,Canonical relocation-aware VC7.1 comparison: 122/122 authored bytes exact,authored,"Exact 0x458 profile initializer: ST magic/version/size, eight-space name, and 512 RNG words"
0x00435580,109,0x004355EC,FUN_00435580,,,unclassified,0.00,,,false,,Ghidra 12.1.3 auto-analysis candidate; boundary unreviewed,,
0x004355F0,112,0x0043565F,FUN_004355f0,th095::InitializeScoreData,ScoreData,matching,100.00,__fastcall,void InitializeScoreData(),false,src/ScoreLifecycle.cpp,Canonical relocation-aware VC7.1 comparison: 112/112 authored bytes exact,authored,Exact 0x69A0 save-data allocation/construction and publication to the shared score/photo-stage save-data global
0x00435660,104,0x004356C7,FUN_00435660,th095::ReleaseScoreData,ScoreData,matching,100.00,__fastcall,void ReleaseScoreData(),false,src/ScoreLifecycle.cpp,Canonical relocation-aware VC7.1 comparison: 104/104 authored bytes exact,authored,Exact guarded save-data destruction/operator-delete and global clear path
0x004356D0,568,0x00435907,FUN_004356d0,th095::ResultSaveDataView::ParseScoreFile,ScoreData,matching,100.00,,i32 ResultSaveDataView::ParseScoreFile(),false,src/ScoreLoad.cpp,Canonical relocation-aware VC7.1 comparison: 568/568 authored bytes exact,authored,Exact TH95 score-file version/decrypt/decompress/record parser with reset fallback and dual raw/decompressed ownership
0x00435910,1407,0x00435E8E,FUN_00435910,th095::ResultSaveDataView::WriteBestShotData,ScoreData,matching,100.00,__thiscall,ZunResult ResultSaveDataView::WriteBestShotData(),false,src/ScoreData.cpp,Canonical relocation-aware VC7.1 comparison: 1407/1407 bytes and 37 relocations,authored,Exact TH095 pending-best-shot writer and scoreth095.dat rebuild compression encryption hub
0x00435E90,1034,0x00436299,FUN_00435e90,th095::SceneSaveDataView::LoadBestShotForScene,BestShot,reconstructed,0.00,__thiscall,i32 SceneSaveDataView::LoadBestShotForScene(i32 group; i32 scene),false,src/SceneBestShot.cpp,Pinned VC7.1 semantic probe is exact-sized at 1034 bytes with all 16 relocation destinations and target control-flow topology; residuals are target-only deep compiler homes,authored,Complete best-shot record reset path selection decode decompression and three-part checksum validation; target success flag is componentsLoaded at record +0x69 not valid at +0x68
0x004362A0,578,0x004364E1,FUN_004362a0,th095::SceneSaveDataView::LoadScenePreviewTexture,SceneSelect,matching,100.00,__thiscall,ZunResult SceneSaveDataView::LoadScenePreviewTexture(SceneAnmLoadedView *anm i32 textureIndex i32 sceneIndex),false,src/ScenePreview.cpp,Canonical relocation-aware VC7.1 comparison: 578/578 bytes and 2 relocations,authored,Exact TH095 selected best-shot upload alpha normalization and empty-preview clear path
0x004364F0,189,0x004365AC,FUN_004364f0,th095::SceneSaveDataView::IsSceneGroupUnlocked,SceneSelect,matching,100.00,__thiscall,i32 SceneSaveDataView::IsSceneGroupUnlocked(i32 group),false,src/SceneSelect.cpp,Canonical relocation-aware VC7.1 comparison: 189/189 bytes and 6 relocations,authored,Exact TH095 scene-group unlock predicate
0x004365B0,63,0x004365EE,FUN_004365b0,th095::SceneSaveDataView::FindHighestUnlockedSceneGroup,SceneSelect,matching,100.00,__thiscall,i32 SceneSaveDataView::FindHighestUnlockedSceneGroup(),false,src/SceneSelect.cpp,Canonical relocation-aware VC7.1 comparison: 63/63 bytes and 1 relocation,authored,Exact highest contiguous unlocked scene group scan
0x004365F0,130,0x00436671,FUN_004365f0,th095::SceneSaveDataView::CountCapturedScenes,SceneSelect,matching,100.00,__thiscall,i32 SceneSaveDataView::CountCapturedScenes(),false,src/SceneSelect.cpp,Canonical relocation-aware VC7.1 comparison: 130/130 bytes and 2 relocations,authored,Exact captured-scene count across all twelve groups
0x00436680,106,0x004366E9,FUN_00436680,th095::SceneSaveDataView::CountCapturedScenesInGroup,SceneSelect,matching,100.00,__thiscall,i32 SceneSaveDataView::CountCapturedScenesInGroup(i32 group),false,src/SceneSelect.cpp,Canonical relocation-aware VC7.1 comparison: 106/106 bytes and 2 relocations,authored,Exact per-group captured-scene count
0x004366F0,98,0x00436751,FUN_004366f0,th095::SceneSaveDataView::GetSceneGroupUnlockScore,SceneSelect,matching,100.00,__thiscall,i32 SceneSaveDataView::GetSceneGroupUnlockScore(i32 group),false,src/SceneSelect.cpp,Canonical relocation-aware VC7.1 comparison: 98/98 bytes and 2 relocations,authored,Exact per-group unlock-score accumulator
0x00436760,190,0x0043681D,FUN_00436760,th095::ScreenEffect::Clear,ScreenEffect,matching,100.00,__fastcall,void ScreenEffect::Clear(u32 color),false,src/ScreenEffect.cpp,Canonical relocation-aware VC7.1 comparison: 190/190 authored bytes exact,authored,Exact double clear/present/reset helper for the shared D3D8 target and depth buffer
0x00436820,124,0x0043689B,FUN_00436820,th095::ScreenEffect::SetViewport,ScreenEffect,matching,100.00,__fastcall,void ScreenEffect::SetViewport(u32 clearColor),false,src/ScreenEffect.cpp,Canonical relocation-aware VC7.1 comparison: 124/124 authored bytes exact,authored,"Exact full-window 640x480 viewport setup, ANM flush, and clear path; independently anchored by exact Main caller"
0x004368A0,123,0x0043691A,FUN_004368a0,th095::ScreenEffect::CalcFadeIn,ScreenEffect,matching,100.00,__fastcall,i32 ScreenEffect::CalcFadeIn(ScreenEffect *screenEffect),false,src/ScreenEffect.cpp,Canonical relocation-aware VC7.1 comparison: 123/123 authored bytes exact,authored,Exact 255-to-0 fade update using timer subFrame/current and target-visible timer-times-255 x87 operand order
0x00436920,887,0x00436C96,FUN_00436920,th095::ScreenEffect::DrawSquare,ScreenEffect,matching,100.00,__fastcall,void ScreenEffect::DrawSquare(ScreenEffectRect *rect; u32 color),false,src/ScreenEffectDraw.cpp,Canonical relocation-aware VC7.1 comparison: 887/887 authored bytes exact with 30 relocations,authored,Exact screen-space diffuse quad draw; isolated TU preserves six inline ANM cache-clear this homes and TH095 omits TH08 conditional Z-write device call
0x00436CA0,119,0x00436D16,FUN_00436ca0,th095::ScreenEffect::CalcFadeOut,ScreenEffect,matching,100.00,__fastcall,i32 ScreenEffect::CalcFadeOut(ScreenEffect *screenEffect),false,src/ScreenEffect.cpp,Canonical relocation-aware VC7.1 comparison: 119/119 authored bytes exact with 3 relocations,authored,"Exact TH095 fade-out alpha calculator; global cancel gate, no TH08 menu/retry gate or timer increment"
0x00436D20,169,0x00436DC8,FUN_00436d20,th095::ScreenEffect::CalcFadeHold,ScreenEffect,matching,100.00,__fastcall,i32 ScreenEffect::CalcFadeHold(ScreenEffect *screenEffect),false,src/ScreenEffect.cpp,Canonical relocation-aware VC7.1 comparison: 169/169 authored bytes exact,authored,Exact 0-to-128 hold fade and eight-frame release branch with shared timer Tick
0x00436DD0,598,0x00437025,FUN_00436dd0,th095::ScreenEffect::RegisterChain,ScreenEffect,matching,100.00,__fastcall,ScreenEffect *ScreenEffect::RegisterChain(ScreenEffectType effect; i32 durationFrames; i32 primaryParameter; i32 secondaryParameter; i32 tertiaryParameter; i32 drawPriority),false,src/ScreenEffectRegister.cpp,Canonical relocation-aware VC7.1 comparison: 598 authored bytes exact; 630-byte body+switch-table extent and 58 relocations replayed,authored,Exact eight-case ScreenEffect factory/Chain registration; 598-byte authored body plus 32-byte compiler switch table; TH095 swaps enum values 3/4 relative to TH08
0x00437050,145,0x004370E0,FUN_00437050,th095::ScreenEffect::DrawFullFade,ScreenEffect,matching,100.00,__fastcall,i32 ScreenEffect::DrawFullFade(ScreenEffect *screenEffect),false,src/ScreenEffect.cpp,Canonical relocation-aware VC7.1 comparison: 145/145 authored bytes exact,authored,Exact 640x480 fade draw with ANM flush and explicit full-window D3D viewport
0x004370F0,69,0x00437134,FUN_004370f0,th095::ScreenEffect::DrawPartialFade,ScreenEffect,matching,100.00,__fastcall,i32 ScreenEffect::DrawPartialFade(ScreenEffect *screenEffect),false,src/ScreenEffect.cpp,Canonical relocation-aware VC7.1 comparison: 69/69 authored bytes exact,authored,Exact 640x480 DrawSquare fade leaf using overlay alpha and raw RGB parameter
0x00437140,69,0x00437184,FUN_00437140,th095::ScreenEffect::DrawArcadeFade,ScreenEffect,matching,100.00,__fastcall,i32 ScreenEffect::DrawArcadeFade(ScreenEffect *screenEffect),false,src/ScreenEffect.cpp,Canonical relocation-aware VC7.1 comparison: 69/69 authored bytes exact,authored,"Exact inset fade rectangle at 32,16 through 416,464"
0x00437190,231,0x00437276,FUN_00437190,th095::ScreenEffect::CalcArcadePulse,ScreenEffect,matching,100.00,__fastcall,i32 ScreenEffect::CalcArcadePulse(ScreenEffect *screenEffect),false,src/ScreenEffect.cpp,Canonical relocation-aware VC7.1 comparison: 231/231 authored bytes exact with 3 relocations,authored,Exact pulsed-fade calculator with repeat count and canonical timer=0 assignment source shape
0x00437280,76,0x004372CB,FUN_00437280,th095::ScreenEffect::DrawArcadePulse,ScreenEffect,matching,100.00,__fastcall,i32 ScreenEffect::DrawArcadePulse(ScreenEffect *screenEffect),false,src/ScreenEffect.cpp,Canonical relocation-aware VC7.1 comparison: 76/76 authored bytes exact,authored,"Exact TH095 pulse rectangle at 128,16 through 512,464; differs from the inherited TH08 inset rectangle"
0x004372D0,473,0x004374A8,FUN_004372d0,th095::ScreenEffect::CalcShake,ScreenEffect,matching,100.00,__fastcall,i32 ScreenEffect::CalcShake(ScreenEffect *screenEffect),false,src/ScreenEffect.cpp,Canonical relocation-aware VC7.1 comparison: 473/473 authored bytes exact with 19 relocations,authored,Exact photography-gated linear shake with dual RNG direction switches and shared shake X/Y outputs
0x004374B0,592,0x004376FF,FUN_004374b0,th095::ScreenEffect::CalcShakeEnvelope,ScreenEffect,matching,100.00,__fastcall,i32 ScreenEffect::CalcShakeEnvelope(ScreenEffect *screenEffect),false,src/ScreenEffect.cpp,Canonical relocation-aware VC7.1 comparison: 592/592 authored bytes exact with 19 relocations,authored,Exact ramp-up/hold/ramp-down photography-gated shake envelope with dual RNG direction switches
0x00437700,53,0x00437734,FUN_00437700,th095::ScreenEffect::InitializeTimer,ScreenEffect,matching,100.00,__fastcall,i32 ScreenEffect::InitializeTimer(ScreenEffect *screenEffect),false,src/ScreenEffect.cpp,Canonical relocation-aware VC7.1 comparison: 53/53 authored bytes exact,authored,"Exact full 12-byte screen-effect timer initialization to current 0, subFrame 0, previous -999999"
0x00437740,80,0x0043778F,FUN_00437740,th095::ScreenEffect::DeleteScreenEffect,ScreenEffect,matching,100.00,__fastcall,i32 ScreenEffect::DeleteScreenEffect(ScreenEffect *screenEffect),false,src/ScreenEffect.cpp,Canonical relocation-aware VC7.1 comparison: 80/80 authored bytes exact with 3 relocations,authored,Exact Chain unlink and heap teardown; delete-expression source clears the fastcall argument home after delete
0x00437790,81,0x004377E0,FUN_00437790,th095::SoundPlayer::Initialize,SoundPlayer,matching,100.00,__thiscall,ZunResult SoundPlayer::Initialize(HWND),false,src/SoundPlayer.cpp,Complete VC7.1 extent and both relocations replay exactly,authored,TH095 zeroes the target-proven 0x52d0-byte object and creates its sound worker
0x004377F0,26,0x00437809,FUN_004377f0,th095::SoundPlayer::RequestThreadStop,SoundPlayer,matching,100.00,__thiscall,ZunResult SoundPlayer::RequestThreadStop(),false,src/SoundPlayer.cpp,Complete VC7.1 extent replays exactly with no relocations,authored,Sets worker stop state 2 and returns success
0x00437810,182,0x004378C5,FUN_00437810,th095::SoundPlayer::JoinThread,SoundPlayer,matching,100.00,__thiscall,ZunResult SoundPlayer::JoinThread(),false,src/SoundPlayer.cpp,Complete VC7.1 extent and all six Win32 relocations replay exactly,authored,Waits on and closes both worker handles
0x004378D0,69,0x00437914,FUN_004378d0,th095::SoundPlayerWorkerThread,SoundPlayer,matching,100.00,__fastcall,void SoundPlayerWorkerThread(SoundPlayer *),false,src/SoundPlayer.cpp,Canonical VC7.1 relocation-aware exact unit sound-player-worker-thread,authored,Primary sound worker initialization and stop handshake
0x00437920,881,0x00437C90,FUN_00437920,th095::SoundPlayer::InitializeDSound,SoundPlayer,matching,100.00,__thiscall,ZunResult SoundPlayer::InitializeDSound(HWND),false,src/SoundPlayer.cpp,Canonical VC7.1 relocation-aware exact unit sound-player-initialize-dsound,authored,DirectSound setup and synchronous consumer half of the dual-worker SFX pipeline
0x00437CA0,44,0x00437CCB,FUN_00437ca0,th095::StartSoundLoadThread,SoundPlayer,matching,100.00,__fastcall,HANDLE StartSoundLoadThread(),false,src/SoundPlayer.cpp,Canonical VC7.1 relocation-aware exact unit sound-player-start-load-thread,authored,Starts the asynchronous SFX file-data producer
0x00437CD0,129,0x00437D50,FUN_00437cd0,th095::SoundDataLoaderThread,SoundPlayer,matching,100.00,__fastcall,void SoundDataLoaderThread(SoundPlayer *),false,src/SoundPlayer.cpp,Canonical VC7.1 relocation-aware exact unit sound-player-data-loader-thread,authored,Loads all 37 SFX files into owned producer slots
0x00437D60,669,0x00437FFC,FUN_00437d60,th095::SoundPlayer::Release,SoundPlayer,matching,100.00,__thiscall,ZunResult SoundPlayer::Release(),false,src/SoundPlayer.cpp,TH095 releases DirectSound buffers BGM state and heap paths; canonical relocation-aware exact unit sound-player-release,authored,Main shutdown root
0x00438000,523,0x0043820A,FUN_00438000,th095::SoundPlayer::GetFmtIndexByName,SoundPlayer,matching,100.00,__thiscall,int SoundPlayer::GetFmtIndexByName(char *),false,src/SoundPlayer.cpp,Canonical VC7.1 relocation-aware exact unit sound-player-get-fmt-index-by-name,authored,BGM format lookup by basename
0x00438210,849,0x00438560,FUN_00438210,th095::SoundPlayer::LoadSound,SoundPlayer,matching,100.00,__thiscall,ZunResult SoundPlayer::LoadSound(int; char *),false,src/SoundPlayer.cpp,Canonical VC7.1 relocation-aware exact unit sound-player-load-sound,authored,Waits for producer data then parses WAV and creates the DirectSound buffer
0x00438570,100,0x004385D3,FUN_00438570,th095::SoundPlayer::GetWavFormatData,SoundPlayer,matching,100.00,__fastcall,static WAVEFORMATEX * SoundPlayer::GetWavFormatData(unsigned char *; char *; int *; unsigned int),false,src/SoundPlayer.cpp,Canonical VC7.1 relocation-aware exact unit sound-player-get-wav-format-data,authored,RIFF chunk scanner shared by SFX loading
0x004385E0,61,0x0043861C,FUN_004385e0,th095::SoundPlayer::LoadSoundData,SoundPlayer,matching,100.00,__thiscall,ZunResult SoundPlayer::LoadSoundData(int; char *),false,src/SoundPlayer.cpp,Canonical VC7.1 relocation-aware exact unit sound-player-load-sound-data,authored,Producer-side SFX file load into ownedMusicMetadata
0x00438620,50,0x00438651,FUN_00438620,th095::SoundPlayer::LoadFmt,SoundPlayer,matching,100.00,__thiscall,ZunResult SoundPlayer::LoadFmt(char *),false,src/SoundPlayer.cpp,Canonical VC7.1 relocation-aware exact unit sound-player-load-fmt,authored,Loads the BGM format table
0x00438660,386,0x004387E1,FUN_00438660,th095::SoundPlayer::StartBGM,SoundPlayer,matching,100.00,__thiscall,ZunResult SoundPlayer::StartBGM(char *),false,src/SoundPlayer.cpp,Canonical VC7.1 relocation-aware exact unit sound-player-start-bgm,authored,Creates file-backed streaming BGM and notification thread
0x004387F0,105,0x00438858,FUN_004387f0,th095::SoundPlayer::ReopenBGM,SoundPlayer,matching,100.00,__thiscall,ZunResult SoundPlayer::ReopenBGM(char *),false,src/SoundPlayer.cpp,Canonical VC7.1 relocation-aware exact unit sound-player-reopen-bgm,authored,Reopens the active wave view at a named format entry
0x00438860,675,0x00438B02,FUN_00438860,th095::SoundPlayer::PreloadBGM,SoundPlayer,matching,100.00,__thiscall,ZunResult SoundPlayer::PreloadBGM(int; char *),false,src/SoundPlayer.cpp,Canonical VC7.1 relocation-aware exact unit sound-player-preload-bgm,authored,Preloads a BGM slice into a slot when the target option is enabled
0x00438B10,470,0x00438CE5,FUN_00438b10,th095::SoundPlayer::LoadBGM,SoundPlayer,matching,100.00,__thiscall,ZunResult SoundPlayer::LoadBGM(int),false,src/SoundPlayer.cpp,Canonical VC7.1 relocation-aware exact unit sound-player-load-bgm,authored,Creates streaming BGM from a preloaded slot or reopens file-backed audio
0x00438CF0,287,0x00438E0E,FUN_00438cf0,th095::SoundPlayer::StopBGM,SoundPlayer,matching,100.00,__thiscall,void SoundPlayer::StopBGM(),false,src/SoundPlayer.cpp,Canonical VC7.1 relocation-aware exact unit sound-player-stop-bgm,authored,Stops streaming audio and joins its notification thread
0x00438E10,262,0x00438F15,FUN_00438e10,th095::SoundPlayer::InitSoundBuffers,SoundPlayer,matching,100.00,__thiscall,ZunResult SoundPlayer::InitSoundBuffers(),false,src/SoundPlayer.cpp,Canonical VC7.1 relocation-aware exact unit sound-player-init-sound-buffers,authored,Joins both workers and duplicates 47 target SFX mappings
0x00438F20,267,0x0043902A,FUN_00438f20,th095::SoundPlayer::PlaySoundByIdx,SoundPlayer,matching,100.00,__thiscall,void SoundPlayer::PlaySoundByIdx(SoundIdx; int),false,src/SoundPlayer.cpp,Canonical VC7.1 relocation-aware exact unit sound-player-play-sound-by-idx,authored,Queues an indexed sound request with integer pan
0x00439030,290,0x00439151,FUN_00439030,th095::SoundPlayer::PlaySoundPositionedByIdx,SoundPlayer,matching,100.00,__thiscall,void SoundPlayer::PlaySoundPositionedByIdx(SoundIdx; float),false,src/SoundPlayer.cpp,Canonical VC7.1 relocation-aware exact unit sound-player-play-sound-positioned-by-idx,authored,TH095-specific spatial pan conversion and queue merge
0x00439160,151,0x004391F6,FUN_00439160,th095::SoundPlayer::StopSoundByIdx,SoundPlayer,matching,100.00,__thiscall,void SoundPlayer::StopSoundByIdx(SoundIdx),false,src/SoundPlayer.cpp,Canonical VC7.1 relocation-aware exact unit sound-player-stop-sound-by-idx,authored,Queues an indexed stop request
0x00439200,2525,0x00439BDC,FUN_00439200,th095::SoundPlayer::ProcessQueues,SoundPlayer,matching,100.00,__thiscall,int SoundPlayer::ProcessQueues(),false,src/SoundPlayer.cpp,Canonical comparison covers the 0x9DD authored body and eight-entry compiler switch table through 0x9FD,authored,Exact command and SFX queue hub with 87 replayed relocations
0x00439C00,226,0x00439CE1,FUN_00439c00,th095::SoundPlayer::BGMPlayerThread,SoundPlayer,matching,100.00,__stdcall,static DWORD SoundPlayer::BGMPlayerThread(void *),false,src/SoundPlayer.cpp,Canonical VC7.1 relocation-aware exact unit sound-player-bgm-player-thread,authored,Streaming BGM notification and message worker
0x00439CF0,225,0x00439DD0,FUN_00439cf0,th095::SoundPlayer::QueueCommand,SoundPlayer,matching,100.00,__thiscall,void SoundPlayer::QueueCommand(int; int; char *),false,src/SoundPlayer.cpp,Canonical VC7.1 relocation-aware exact unit sound-player-queue-command,authored,Appends a command to the 32-entry BGM queue
0x00439DE0,76,0x00439E2B,FUN_00439de0,th095::SoundPlayer::SoundPlayer,SoundPlayer,matching,100.00,__thiscall,SoundPlayer::SoundPlayer(),false,src/SoundPlayer.cpp,Canonical VC7.1 exact unit sound-player-constructor with no relocations,authored,Zeroes the target-proven 0x52d0-byte object and initializes sound metadata sentinels
0x00439E30,649,0x0043A0B8,FUN_00439e30,th095::AnmLoaded::SetSprite,AnmLoaded,matching,100.00,__thiscall,ZunResult AnmLoaded::SetSprite(AnmVm *; int),false,src/AnmManager.cpp,Canonical VC7.1 comparison with three replayed float relocations,authored,Exact sprite and matrix setup; proves ANM /Ob1 profile
0x0043A0C0,234,0x0043A1A9,FUN_0043a0c0,th095::AnmLoaded::SetAndExecuteScript,AnmLoaded,matching,100.00,__thiscall,void AnmLoaded::SetAndExecuteScript(AnmVm *; AnmRawInstr *),false,src/AnmManager.cpp,Canonical VC7.1 relocation-aware exact unit anm-set-and-execute-script,authored,Exact VM reset setup initial execution and per-frame script-start accounting
0x0043A1B0,462,0x0043A37D,FUN_0043a1b0,th095::AnmVm::GetFloatVar,AnmVm,matching,100.00,__thiscall,float AnmVm::GetFloatVar(float),false,src/AnmManager.cpp,Canonical full-symbol comparison including 64-byte switch table,authored,Exact ANM operand resolver with 32 relocations
0x0043A380,226,0x0043A461,FUN_0043a380,th095::AnmVm::GetIntVar,AnmVm,matching,100.00,__thiscall,int AnmVm::GetIntVar(int),false,src/AnmManager.cpp,Canonical full-symbol comparison including 40-byte switch table,authored,Exact ANM operand resolver with 15 relocations
0x0043A470,200,0x0043A537,FUN_0043a470,th095::AnmVm::GetFloatVarPtr,AnmVm,matching,100.00,__thiscall,float *AnmVm::GetFloatVarPtr(float *; unsigned short; unsigned int),false,src/AnmManager.cpp,Canonical full-symbol comparison including 48-byte switch table,authored,Exact ANM float lvalue resolver with 14 relocations
0x0043A540,177,0x0043A5F0,FUN_0043a540,th095::AnmVm::GetIntVarPtr,AnmVm,matching,100.00,__thiscall,int *AnmVm::GetIntVarPtr(int *; unsigned short; unsigned int),false,src/AnmManager.cpp,Canonical full-symbol comparison including 40-byte switch table,authored,Exact ANM integer lvalue resolver with 11 relocations
0x0043A600,17018,0x0043E879,FUN_0043a600,th095::AnmManager::ExecuteScript,AnmManager,matching,100.00,__fastcall,static ZunBool AnmManager::ExecuteScript(AnmVm *),false,src/AnmManager.cpp,Canonical VC7.1 comparison covers the 0x427A authored body plus three compiler-owned switch tables through 0x4412,authored,Exact 89-opcode ANM VM dispatcher and update tail with 333 replayed relocations
0x0043EA20,498,0x0043EC11,FUN_0043ea20,th095::AnmManager::SetRenderStateForVm3D,AnmManager,matching,100.00,__thiscall,void AnmManager::SetRenderStateForVm3D(AnmVm *vm),false,src/AnmDrawCore.cpp,Canonical relocation-aware VC7.1 comparison: 498/498 bytes and all ten flush/device relocations,authored,Exact blend mode color mixing and texture-factor state cache
0x0043EC20,167,0x0043ECC6,FUN_0043ec20,th095::AnmManager::SetRenderStateForVm,AnmManager,matching,100.00,__thiscall,void AnmManager::SetRenderStateForVm(AnmVm *vm),false,src/AnmDrawCore.cpp,Canonical relocation-aware VC7.1 comparison: 167/167 bytes and all five flush/device relocations,authored,Exact two-dimensional blend-state cache helper
0x0043ECD0,1497,0x0043F2A8,FUN_0043ecd0,th095::AnmManager::DrawInner,AnmManager,reconstructed,0.00,__thiscall,ZunResult AnmManager::DrawInner(AnmVm *vm; i32 flags),false,src/AnmDrawCore.cpp,Hash-attested complete semantic reconstruction compiles to 1532 bytes versus the 1497-byte target; the only irreducible source-shape class is target inline x87 FRNDINT,authored,Complete screen-shake half-pixel UV viewport-culling texture color and batching hub for seven draw modes
0x0043F2B0,60,0x0043F2EB,FUN_0043f2b0,th095::AnmManager::ClearVertexBuffer,AnmManager,matching,100.00,__thiscall,void AnmManager::ClearVertexBuffer(),false,src/AnmManager.cpp,Canonical relocation-aware VC7.1 comparison: 60/60 bytes,authored,anm-clear-vertex-buffer
0x0043F2F0,198,0x0043F3B5,FUN_0043f2f0,th095::AnmManager::FlushVertexBuffer,AnmManager,matching,100.00,__thiscall,void AnmManager::FlushVertexBuffer(),false,src/AnmManager.cpp,Canonical relocation-aware VC7.1 comparison: 198/198 bytes and 8 relocations,authored,anm-flush-vertex-buffer
0x0043F3C0,211,0x0043F492,FUN_0043f3c0,th095::AnmManager::AddSpriteToDrawBuffer,AnmManager,matching,100.00,__thiscall,ZunResult AnmManager::AddSpriteToDrawBuffer(VertexTex1DiffuseXyzrhw *vertices),false,src/AnmDrawCore.cpp,Canonical relocation-free VC7.1 comparison: 211/211 bytes,authored,Exact four-vertex quad to six-vertex triangle-list batch expansion
0x0043F4A0,697,0x0043F758,FUN_0043f4a0,th095::AnmManager::DrawNoRotation,AnmManager,matching,100.00,__thiscall,ZunResult AnmManager::DrawNoRotation(AnmVm *vm),false,src/AnmDrawCore.cpp,Canonical relocation-aware VC7.1 comparison: 697/697 bytes and all 50 constant floor vertex and DrawInner relocations,authored,Exact target-specific rounded axis-aligned sprite placement for all three horizontal and vertical alignment modes
0x0043F760,657,0x0043F9F0,FUN_0043f760,th095::AnmManager::DrawNoRotationNoRound,AnmManager,matching,100.00,__thiscall,ZunResult AnmManager::DrawNoRotationNoRound(AnmVm *vm),false,src/AnmDrawCore.cpp,Canonical relocation-aware VC7.1 comparison: 657/657 bytes and all 48 constant vertex and DrawInner relocations,authored,Exact subpixel-preserving axis-aligned sprite placement for all three horizontal and vertical alignment modes
0x0043FA00,58,0x0043FA39,FUN_0043fa00,th095::AnmManager::TranslateRotation,AnmManager,matching,100.00,__thiscall,void AnmManager::TranslateRotation(VertexTex1DiffuseXyzrhw *vertex; f32 x; f32 y; f32 sine; f32 cosine; f32 xOffset; f32 yOffset),false,src/AnmDrawCore.cpp,Canonical relocation-free VC7.1 comparison: 58/58 bytes,authored,Exact two-dimensional rotation and translation helper
0x0043FA40,542,0x0043FC5D,FUN_0043fa40,th095::AnmManager::Draw2D,AnmManager,reconstructed,0.00,__thiscall,ZunResult AnmManager::Draw2D(AnmVm *vm),false,src/AnmDrawCore.cpp,Hash-attested complete semantic reconstruction compiles to 572 bytes versus the 542-byte target; residual is target inline x87 FSINCOS versus two portable CRT intrinsic calls,authored,Complete rotated quad path with target-specific three-way alignment position offsets shared-vertex rotation and DrawInner submission
0x0043FC60,1163,0x004400EA,FUN_0043fc60,th095::AnmManager::ProjectCameraFacingQuad,AnmManager,reconstructed,0.00,__thiscall,ZunResult AnmManager::ProjectCameraFacingQuad(AnmVm *vm),false,src/AnmDrawCore.cpp,Hash-attested complete semantic reconstruction compiles to 1140 bytes versus the 1163-byte target; target uses two inline x87 FSINCOS sites and additional compiler-local copies,authored,Complete target-local camera-facing projection alignment and shared-vertex geometry core
0x004400F0,48,0x0044011F,FUN_004400f0,th095::AnmManager::DrawCameraFacingQuad,AnmManager,matching,100.00,__thiscall,ZunResult AnmManager::DrawCameraFacingQuad(AnmVm *vm),false,src/AnmDrawCore.cpp,Canonical relocation-aware VC7.1 comparison: 48/48 bytes and both projection and DrawInner relocations,authored,Exact camera-facing projection failure gate and draw submission wrapper
0x00440120,798,0x0044043D,FUN_00440120,th095::AnmManager::DrawMode6,AnmManager,matching,100.00,__thiscall,ZunResult AnmManager::DrawMode6(AnmVm *vm),false,src/AnmDrawCore.cpp,Canonical relocation-aware VC7.1 comparison: 798/798 bytes and all 30 projection background camera conversion vertex and DrawInner relocations,authored,Exact render-mode-6 camera-facing photo-blend distance attenuation and submission
0x00440440,1198,0x004408ED,FUN_00440440,th095::AnmManager::Project3DQuad,AnmManager,matching,100.00,__thiscall,ZunResult AnmManager::Project3DQuad(AnmVm *vm),false,src/AnmDrawCore.cpp,Canonical relocation-aware VC7.1 comparison: 1198/1198 bytes and all 29 matrix projection viewport and vertex relocations,authored,Exact TH095 projected-3D matrix update alignment geometry projection and cached-world transform core
0x004408F0,91,0x0044094A,FUN_004408f0,th095::AnmManager::DrawProjected3DQuad,AnmManager,matching,100.00,__thiscall,ZunResult AnmManager::DrawProjected3DQuad(AnmVm *vm),false,src/AnmDrawCore.cpp,Canonical relocation-aware VC7.1 comparison: 91/91 bytes and all nine projection DrawInner vertex-RHW relocations,authored,Exact projected-3D submission wrapper and shared-vertex RHW restoration
0x00440950,691,0x00440C02,FUN_00440950,th095::AnmManager::DrawMode7,AnmManager,matching,100.00,__thiscall,ZunResult AnmManager::DrawMode7(AnmVm *vm),false,src/AnmDrawCore.cpp,Canonical relocation-aware VC7.1 comparison: 691/691 bytes and all 33 projection photo-blend transform color and shared-vertex relocations,authored,Exact projected-3D per-vertex camera-distance photo blend and RHW-restoring submission path
0x00440C10,1458,0x004411C1,FUN_00440c10,th095::AnmManager::Draw3D,AnmManager,matching,100.00,__thiscall,ZunResult AnmManager::Draw3D(AnmVm *vm),false,src/AnmDrawCore.cpp,Canonical relocation-aware VC7.1 comparison: 1458/1458 bytes and all 33 direct-3D matrix render-state texture and D3D relocations,authored,Exact TH095 direct-3D world transform alignment texture-transform cache and triangle-strip draw path
0x004411D0,352,0x0044132F,FUN_004411d0,th095::AnmManager::InitializeHorizontalTextureStrip,AnmManager,matching,100.00,__thiscall,"ZunResult AnmManager::InitializeHorizontalTextureStrip(AnmVm *vm, AnmVertex *vertices, i32 vertexCount)",false,src/AnmDrawCore.cpp,Canonical relocation-aware VC7.1 comparison: relocation-free 352/352-byte horizontal generated-vertex UV initializer,authored,Exact alternating horizontal strip UV diffuse and RHW initialization
0x00441330,330,0x00441479,FUN_00441330,th095::AnmManager::DrawVertices,AnmManager,matching,100.00,__thiscall,"ZunResult AnmManager::DrawVertices(AnmVm *vm, AnmVertex *vertices, i32 vertexCount)",false,src/AnmDrawCore.cpp,Canonical relocation-aware VC7.1 comparison: 330/330 bytes and all 12 texture shader render-state and D3D relocations,authored,Exact generated-vertex triangle-strip submission path
0x00441480,275,0x00441592,FUN_00441480,th095::AnmManager::DrawTriangleFan,AnmManager,matching,100.00,__thiscall,"ZunResult AnmManager::DrawTriangleFan(AnmVm *vm, AnmVertex *vertices, i32 vertexCount)",false,src/AnmDrawCore.cpp,Canonical relocation-aware VC7.1 comparison: 275/275 bytes and all 14 texture shader Z-write render-state and D3D relocations,authored,Exact triangle-fan submission path used by the pulsing radial trail
0x004415A0,317,0x004416DC,FUN_004415a0,th095::AnmManager::Draw,AnmManager,matching,100.00,__thiscall,ZunResult AnmManager::Draw(AnmVm *),false,src/AnmManager.cpp,Canonical VC7.1 comparison covers the 317-byte body plus 40-byte switch table and all 21 relocations,authored,Exact general ANM draw-mode dispatcher
0x00441710,754,0x00441A01,FUN_00441710,th095::AnmVm::InitializePulsingRadialTrail,AnmVm,matching,100.00,__thiscall,ZunResult AnmVm::InitializePulsingRadialTrail(),false,src/AnmManagerTrail.cpp,Canonical relocation-aware VC7.1 comparison: 754/754 bytes and 29 relocations,authored,Exact TH095 render-mode-10 radial trail allocation and vertex initialization
0x00441A10,850,0x00441D61,FUN_00441a10,th095::UpdatePulsingRadialTrail,AnmVm,matching,100.00,__fastcall,ZunResult UpdatePulsingRadialTrail(AnmVm *),false,src/AnmManagerTrail.cpp,Canonical relocation-aware VC7.1 comparison: 850/850 bytes and 9 relocations,authored,Exact TH095 radial-trail UV scroll; radial expansion; vertex update; and loop closure
0x00441D70,45,0x00441D9C,FUN_00441d70,th095::DrawPulsingRadialTrail,AnmVm,matching,100.00,__fastcall,ZunResult DrawPulsingRadialTrail(AnmVm *),false,src/AnmManagerTrail.cpp,Canonical relocation-aware VC7.1 comparison: 45/45 bytes and 2 relocations,authored,Exact TH095 radial-trail draw callback
0x00441DA0,32,0x00441DBF,FUN_00441da0,th095::Float3::FromAngleMagnitude,ZunMath,matching,100.00,__thiscall,void Float3::FromAngleMagnitude(float; float),false,src/AnmManager.cpp,Canonical relocation-free VC7.1 comparison: 32/32 bytes,authored,Exact shared fsincos vector helper with 26 callers
0x00441DC0,1005,0x004421AC,FUN_00441dc0,th095::AnmManager::AnmManager,AnmManager,matching,100.00,__thiscall,AnmManager *AnmManager::AnmManager(),false,src/AnmManager.cpp,Canonical relocation-aware VC7.1 comparison: 1005/1005 bytes and 88 relocations,authored,anm-manager-constructor
0x004421B0,176,0x0044225F,FUN_004421b0,th095::AnmManager::~AnmManager,AnmManager,matching,100.00,__thiscall,void AnmManager::~AnmManager(),false,src/AnmManager.cpp,Canonical relocation-aware VC7.1 comparison: 176/176 bytes and 8 relocations,authored,anm-manager-destructor
0x00442260,682,0x00442509,FUN_00442260,th095::AnmManager::SetupVertexBuffer,AnmManager,matching,100.00,__thiscall,void AnmManager::SetupVertexBuffer(),false,src/AnmVertexBuffer.cpp,Canonical relocation-aware VC7.1 comparison: 682/682 bytes and all 25 background-quad Supervisor manager and D3D vertex-buffer relocations,authored,Exact TH095 managed quad vertex-buffer setup and software fallback vertex publication
0x00442510,1292,0x00442A1B,FUN_00442510,th095::SceneAnmManagerView::ApplyTextureAlphaBleed,AnmTexture,matching,100.00,__thiscall,void SceneAnmManagerView::ApplyTextureAlphaBleed(SceneTextureEntryView *entry),false,src/SceneTexture.cpp,Canonical relocation-aware VC7.1 comparison: 1292/1292 authored bytes plus the 43-byte compiler switch-table tail and all 18 code/table relocations,authored,Exact transparent-pixel RGB neighbor bleed for ARGB8888 ARGB1555 and ARGB4444
0x00442A50,96,0x00442AAF,FUN_00442a50,th095::AccumulateArgb8888Neighbor,AnmTexture,matching,100.00,__fastcall,void AccumulateArgb8888Neighbor(u32 *sums; u8 *pixel; u32 *count),false,src/SceneTexture.cpp,Canonical relocation-free VC7.1 comparison: 96/96 bytes,authored,Exact alpha-tested ARGB8888 neighbor color accumulator
0x00442AB0,133,0x00442B34,FUN_00442ab0,th095::AccumulateArgb1555Neighbor,AnmTexture,matching,100.00,__fastcall,void AccumulateArgb1555Neighbor(u32 *sums; PixelArgb1555 *pixel; u32 *count),false,src/SceneTexture.cpp,Canonical relocation-free VC7.1 comparison: 133/133 bytes,authored,Exact alpha-tested ARGB1555 neighbor color accumulator
0x00442B40,79,0x00442B8E,FUN_00442b40,th095::GetAnmFormat,AnmTexture,matching,100.00,__fastcall,i32 GetAnmFormat(i32 format),false,src/SceneTexture.cpp,Canonical relocation-aware VC7.1 comparison: 79/79 bytes with four explicit relocations,authored,Exact forced-16-bit texture format downgrade shared with the TH08 lineage
0x00442B90,270,0x00442C9D,FUN_00442b90,th095::SceneAnmManagerView::LoadTexture,AnmTexture,matching,100.00,__thiscall,i32 SceneAnmManagerView::LoadTexture(SceneTextureEntryView *entry; u8 *data; i32 size; i32 format; i32 unknown; i32 hasData),false,src/SceneTexture.cpp,Canonical relocation-aware VC7.1 comparison: 270/270 bytes with seven explicit relocations,authored,Exact file-or-embedded ANM texture upload and alpha-bleed dispatch
0x00442CA0,354,0x00442E01,FUN_00442ca0,th095::SceneAnmManagerView::LoadTextureRegion,AnmTexture,matching,100.00,__thiscall,i32 SceneAnmManagerView::LoadTextureRegion(SceneTextureEntryView *entry; u8 *data; i32 size; i32 format; i32 unknown; i32 hasData; i32 top),false,src/SceneTexture.cpp,Canonical relocation-aware VC7.1 comparison: 354/354 bytes and all seven format D3DX alpha-bleed and bytes-per-pixel relocations,authored,Exact file-or-embedded texture region upload with destination top offset
0x00442E10,126,0x00442E8D,FUN_00442e10,th095::AnmManagerPreloadView::CreateTextureFromFile,AnmManager,matching,100.00,__thiscall,i32 AnmManagerPreloadView::CreateTextureFromFile(AnmTextureEntryView *entry; i32 format; i32 colorKey),false,src/AnmPreload.cpp,Canonical relocation-aware VC7.1 comparison: 126/126 bytes and all six format; D3DX; alpha-bleed; and bytes-per-pixel relocations,authored,Exact external texture creation and alpha-bleed path
0x00442E90,293,0x00442FB4,FUN_00442e90,th095::AnmManagerPreloadView::CreateTextureFromAnm,AnmManager,matching,100.00,__thiscall,i32 AnmManagerPreloadView::CreateTextureFromAnm(IDirect3DTexture8 **outTexture; void *textureData; i32 format),false,src/AnmPreload.cpp,Canonical relocation-aware VC7.1 comparison: 293/293 bytes and all eight format; D3DX; device; and upload relocations,authored,Exact TH095 THTX direct surface upload and cleanup path
0x00442FC0,72,0x00443007,FUN_00442fc0,th095::AnmManagerPreloadView::CreateEmptyTexture,AnmManager,matching,100.00,__thiscall,i32 AnmManagerPreloadView::CreateEmptyTexture(IDirect3DTexture8 **outTexture; i32 width; i32 height; i32 format),false,src/AnmPreload.cpp,Canonical relocation-aware VC7.1 comparison: 72/72 bytes and all four format; device; and D3DX relocations,authored,Exact empty managed texture creation path
0x00443010,96,0x0044306F,FUN_00443010,th095::AnmManagerPreloadView::LoadAnm,AnmManager,matching,100.00,__thiscall,AnmLoaded *AnmManagerPreloadView::LoadAnm(i32 anmIdx; const char *filename),false,src/AnmPreload.cpp,Canonical relocation-aware VC7.1 comparison: 96/96 bytes and all four debug; read; and postload relocations,authored,Exact synchronous ANM load and postload drain
0x00443070,612,0x004432D3,FUN_00443070,th095::AnmManagerPreloadView::ReadAnmEntries,AnmManager,matching,100.00,__thiscall,AnmLoaded *AnmManagerPreloadView::ReadAnmEntries(i32 anmIdx; const char *filename),false,src/AnmPreload.cpp,Canonical relocation-aware VC7.1 comparison: 612/612 bytes and all fourteen diagnostics; release-wait; file; allocation; and external-data relocations,authored,Exact thirteen-slot raw ANM reader and allocation hub
0x004432E0,180,0x00443393,FUN_004432e0,th095::AnmManagerPreloadView::PreloadAnm,AnmManager,matching,100.00,__thiscall,AnmLoaded *AnmManagerPreloadView::PreloadAnm(i32 anmIdx; const char *filename),false,src/AnmPreload.cpp,Canonical relocation-aware VC7.1 comparison: 180/180 bytes and all eight cache; read; wait; and diagnostic relocations,authored,Exact asynchronous ANM preload request and cancellation gate
0x004433A0,219,0x0044347A,FUN_004433a0,th095::AnmManagerPreloadView::LoadExternalTextureData,AnmManager,matching,100.00,__thiscall,i32 AnmManagerPreloadView::LoadExternalTextureData(AnmLoaded *anm; i32 entryNumber; i32 *sprites; i32 *scripts; AnmRawEntryView *rawEntry),false,src/AnmPreload.cpp,Canonical relocation-aware VC7.1 comparison: 219/219 bytes and all ten version; filesystem; diagnostic; and texture-slot relocations,authored,Exact version-4 external texture file staging
0x00443480,284,0x0044359B,FUN_00443480,th095::AnmManagerPreloadView::PostloadAnmEntry,AnmManager,matching,100.00,__thiscall,AnmLoaded *AnmManagerPreloadView::PostloadAnmEntry(AnmLoaded *anm),false,src/AnmPreload.cpp,Canonical relocation-aware VC7.1 comparison: 284/284 bytes and all three debug and texture-load relocations,authored,Exact incremental raw-entry texture postload walker
0x004435A0,829,0x004438DC,FUN_004435a0,th095::AnmManagerPreloadView::LoadTextureData,AnmManager,matching,100.00,__thiscall,i32 AnmManagerPreloadView::LoadTextureData(AnmLoaded *anm; i32 entryNumber; i32 currentSpriteNumber; i32 currentScriptNumber; AnmRawEntryView *rawEntry),false,src/AnmPreload.cpp,Canonical relocation-aware VC7.1 comparison: 829/829 bytes and all sixteen error; texture creation; and sprite binding relocations,authored,Exact TH095 v4 ANM texture upload and sprite/script binding hub
0x004438E0,147,0x00443972,FUN_004438e0,th095::AnmManagerPreloadView::ServicePreloadedAnims,AnmManager,matching,100.00,__thiscall,ZunResult AnmManagerPreloadView::ServicePreloadedAnims(),false,src/AnmPreload.cpp,Canonical relocation-aware VC7.1 comparison: 147/147 bytes and both release and postload relocations,authored,Exact thirteen-slot pending ANM release and postload service
0x00443980,305,0x00443AB0,FUN_00443980,th095::AnmManagerPreloadView::ReleaseAnm,AnmManager,matching,100.00,__thiscall,void AnmManagerPreloadView::ReleaseAnm(i32 anmIdx),false,src/AnmPreload.cpp,Canonical relocation-aware VC7.1 comparison: 305/305 bytes and all six VM entry and allocation relocations,authored,Exact thirteen-slot ANM teardown and ownership reset hub
0x00443AC0,78,0x00443B0D,FUN_00443ac0,th095::AnmManagerPreloadView::ReleaseAnmEntry,AnmManager,matching,100.00,__thiscall,void AnmManagerPreloadView::ReleaseAnmEntry(AnmTextureEntryView *entry),false,src/AnmPreload.cpp,Canonical relocation-aware VC7.1 comparison: 78/78 bytes and the allocator relocation,authored,Exact texture COM and raw allocation teardown leaf
0x00443B10,341,0x00443C64,FUN_00443b10,th095::AnmLoaded::LoadSprite,AnmManager,matching,100.00,__thiscall,void AnmLoaded::LoadSprite(i32 spriteIdx; AnmLoadedSprite *loadedSprite),false,src/AnmPreload.cpp,Canonical relocation-free VC7.1 comparison: 341/341 bytes,authored,Exact loaded-sprite copy and UV/pixel geometry derivation
0x00443C70,104,0x00443CD7,FUN_00443c70,th095::AnmTextManagerView::DrawTextInner,AnmText,matching,100.00,__thiscall,void AnmTextManagerView::DrawTextInner(IDirect3DTexture8 *texture; i32 x; i32 y; i32 width; i32 height; i32 glyphWidth; i32 glyphHeight; COLORREF textColor; COLORREF shadowColor; const char *text; f32 scaleX; f32 scaleY),false,src/AnmText.cpp,Canonical relocation-aware VC7.1 comparison: 104/104 bytes with three explicit relocations,authored,Exact TH095 large-glyph dispatcher with target-local no-small-font behavior
0x00443CE0,238,0x00443DCD,FUN_00443ce0,th095::AnmTextManagerView::DrawTextLeft,AnmText,matching,100.00,__cdecl,void AnmTextManagerView::DrawTextLeft(AnmTextVmView *vm; COLORREF textColor; COLORREF shadowColor; const char *format; ...),false,src/AnmText.cpp,"Canonical relocation-aware VC7.1 comparison: 238/238 bytes and all six vsprintf, float-conversion, and DrawTextInner relocations",authored,Exact left-aligned variadic ANM text renderer with TH08 var_order frame restored
0x00443DD0,432,0x00443F7F,FUN_00443dd0,th095::AnmTextManagerView::DrawTextRight,AnmText,matching,100.00,__cdecl,void AnmTextManagerView::DrawTextRight(AnmTextVmView *vm; COLORREF textColor; COLORREF shadowColor; const char *format; ...),false,src/AnmText.cpp,"Canonical relocation-aware VC7.1 comparison: 432/432 bytes and all seven format, float-conversion, and DrawTextInner relocations",authored,Exact right-aligned variadic ANM text renderer with loaded-sprite width placement
0x00443F80,366,0x004440ED,FUN_00443f80,th095::AnmTextManagerView::DrawTextCentered,AnmText,matching,100.00,__cdecl,void AnmTextManagerView::DrawTextCentered(AnmTextVmView *vm; COLORREF textColor; COLORREF shadowColor; const char *format; ...),false,src/AnmText.cpp,"Canonical relocation-aware VC7.1 comparison: 366/366 bytes and all eight format, constant, float-conversion, and DrawTextInner relocations",authored,Exact centered variadic ANM text renderer
0x004440F0,666,0x00444389,FUN_004440f0,th095::AnmManager::LoadSurface,AnmManager,matching,100.00,__thiscall,i32 AnmManager::LoadSurface(i32 surfaceIndex const char * path),false,src/AnmSurface.cpp,Canonical relocation-aware VC7.1 comparison: 666/666 bytes and all 22 relocations,authored,Exact surface-file load and primary/secondary D3D surface creation path
0x00444390,206,0x0044445D,FUN_00444390,th095::AnmManager::ReleaseSurface,AnmManager,matching,100.00,__thiscall,void AnmManager::ReleaseSurface(i32 surfaceIndex),false,src/AnmSurface.cpp,Canonical relocation-aware VC7.1 comparison: 206/206 bytes and the free relocation,authored,Exact primary secondary and deferred-data surface release path
0x00444460,445,0x0044461C,FUN_00444460,th095::AnmManager::CopySurfaceToBackbuffer,AnmManager,matching,100.00,__thiscall,void AnmManager::CopySurfaceToBackbuffer(i32 surfaceIndex i32 left i32 top i32 x i32 y),false,src/AnmSurface.cpp,Canonical relocation-aware VC7.1 comparison: 445/445 bytes and all 11 relocations,authored,Exact lazy render-target rebuild and D3D8 CopyRects backbuffer path
0x00444620,319,0x0044475E,FUN_00444620,th095::AnmManagerCaptureView::CaptureToTexture,AnmManager,matching,100.00,__thiscall,void AnmManagerCaptureView::CaptureToTexture(i32 anmIndex i32 entryIndex i32 srcX i32 srcY i32 srcW i32 srcH i32 dstX i32 dstY i32 dstW i32 dstH),false,src/AnmSurface.cpp,Canonical relocation-aware VC7.1 comparison: 319/319 bytes and all four relocations,authored,Exact TH095 indexed ANM texture-entry capture path
0x00444760,537,0x00444978,FUN_00444760,th095::AnmManagerCaptureView::CaptureToSurface,AnmManager,matching,100.00,__thiscall,void AnmManagerCaptureView::CaptureToSurface(i32 surfaceIndex i32 srcX i32 srcY i32 srcW i32 srcH i32 dstX i32 dstY i32 dstW i32 dstH),false,src/AnmSurface.cpp,Canonical relocation-aware VC7.1 comparison: 537/537 bytes and all 15 relocations,authored,Exact backbuffer-to-primary-and-secondary-surface capture path
0x00444980,19,0x00444992,FUN_00444980,th095::AnmManager::OnUpdate,AnmManager,matching,100.00,__fastcall,void AnmManager::OnUpdate(void *arg),false,src/AnmVmLifecycle.cpp,Canonical relocation-aware VC7.1 comparison: 19/19 bytes and the update-spine relocation,authored,Exact Chain update callback forwarding into UpdateVms
0x004449A0,21,0x004449B4,FUN_004449a0,th095::AnmManager::DrawLayer0,AnmManager,matching,100.00,__fastcall,void AnmManager::DrawLayer0(void *arg),false,src/AnmVmLifecycle.cpp,Canonical relocation-aware VC7.1 comparison: 21/21 bytes and the DrawLayer relocation,authored,Exact render-layer zero callback
0x004449C0,21,0x004449D4,FUN_004449c0,th095::AnmManager::DrawLayer1,AnmManager,matching,100.00,__fastcall,void AnmManager::DrawLayer1(void *arg),false,src/AnmVmLifecycle.cpp,Canonical relocation-aware VC7.1 comparison: 21/21 bytes and the DrawLayer relocation,authored,Exact render-layer one callback
0x004449E0,21,0x004449F4,FUN_004449e0,th095::AnmManager::DrawLayer2,AnmManager,matching,100.00,__fastcall,void AnmManager::DrawLayer2(void *arg),false,src/AnmVmLifecycle.cpp,Canonical relocation-aware VC7.1 comparison: 21/21 bytes and the DrawLayer relocation,authored,Exact render-layer two callback
0x00444A00,21,0x00444A14,FUN_00444a00,th095::AnmManager::DrawLayer3,AnmManager,matching,100.00,__fastcall,void AnmManager::DrawLayer3(void *arg),false,src/AnmVmLifecycle.cpp,Canonical relocation-aware VC7.1 comparison: 21/21 bytes and the DrawLayer relocation,authored,Exact render-layer three callback
0x00444A20,21,0x00444A34,FUN_00444a20,th095::AnmManager::DrawLayer4,AnmManager,matching,100.00,__fastcall,void AnmManager::DrawLayer4(void *arg),false,src/AnmVmLifecycle.cpp,Canonical relocation-aware VC7.1 comparison: 21/21 bytes and the DrawLayer relocation,authored,Exact render-layer four callback
0x00444A40,21,0x00444A54,FUN_00444a40,th095::AnmManager::DrawLayer5,AnmManager,matching,100.00,__fastcall,void AnmManager::DrawLayer5(void *arg),false,src/AnmVmLifecycle.cpp,Canonical relocation-aware VC7.1 comparison: 21/21 bytes and the DrawLayer relocation,authored,Exact render-layer five callback
0x00444A60,66,0x00444AA1,FUN_00444a60,th095::AnmManager::DrawLayer6,AnmManager,matching,100.00,__fastcall,void AnmManager::DrawLayer6(void *arg),false,src/AnmVmLifecycle.cpp,Canonical relocation-aware VC7.1 comparison: 66/66 bytes and all five counter manager and DrawLayer relocations,authored,Exact layer-six callback resetting four render counters before drawing
0x00444AB0,33,0x00444AD0,FUN_00444ab0,th095::AnmManager::DrawLayer7,AnmManager,matching,100.00,__fastcall,void AnmManager::DrawLayer7(void *arg),false,src/AnmVmLifecycle.cpp,Canonical relocation-aware VC7.1 comparison: 33/33 bytes and all three viewport and DrawLayer relocations,authored,Exact layer-seven gameplay-viewport callback
0x00444AE0,33,0x00444B00,FUN_00444ae0,th095::AnmManager::DrawLayer8,AnmManager,matching,100.00,__fastcall,void AnmManager::DrawLayer8(void *arg),false,src/AnmVmLifecycle.cpp,Canonical relocation-aware VC7.1 comparison: 33/33 bytes and all three viewport and DrawLayer relocations,authored,Exact layer-eight gameplay-viewport callback
0x00444B10,358,0x00444C75,FUN_00444b10,th095::AnmManagerUpdateView::UpdateVms,AnmManager,matching,100.00,__thiscall,i32 AnmManagerUpdateView::UpdateVms(),false,src/AnmVmLifecycle.cpp,Canonical relocation-aware VC7.1 comparison: 358/358 authored bytes exact with all eight relocations,authored,"Exact nine-list VM execution/deletion/rebuild core; positive PhotoGameTask gate plus force-inlined flag0/drawVms OR preserves target bit2-first loads and or edx,eax accumulator"
0x00444C80,136,0x00444D07,FUN_00444c80,th095::AnmManagerDrawLayerView::DrawLayer,AnmManager,matching,100.00,__thiscall,i32 AnmManagerDrawLayerView::DrawLayer(i32 layer),false,src/AnmVmLifecycle.cpp,Canonical relocation-aware VC7.1 comparison: 136/136 bytes and all three PhotoGameTask and Draw relocations,authored,Exact nine-layer ANM draw traversal with target nested PhotoGameTask gate
0x00444D10,236,0x00444DFB,FUN_00444d10,th095::AnmManagerVmLifecycleView::AddVm,AnmManager,reconstructed,0.00,__thiscall,AnmVmId AnmManagerVmLifecycleView::AddVm(AnmVmLifecycleView *vm),false,src/AnmVmLifecycle.cpp,Pinned VC7.1 probe is exact-sized with 212/236 comparable bytes; all residuals are compiler-local homes for this and the two inline id increments,authored,Complete intrusive tail insertion and nonzero monotonically increasing VM id allocation
0x00444E00,226,0x00444EE1,FUN_00444e00,th095::AnmManagerVmLifecycleView::RemoveVm,AnmManager,matching,100.00,__thiscall,i32 AnmManagerVmLifecycleView::RemoveVm(AnmVmDeleteView *vm),false,src/AnmVmLifecycle.cpp,Canonical relocation-aware VC7.1 comparison: 226/226 bytes with free and operator delete relocations,authored,Exact intrusive unlink plus inline generated-vertex destruction and VM deletion
0x00444EF0,161,0x00444F90,FUN_00444ef0,th095::AnmLoaded::CreateVm,AnmManager,reconstructed,0.00,__thiscall,"AnmVmId AnmLoaded::CreateVm(i32 scriptIndex, i32 renderMode)",false,src/AnmVmLifecycle.cpp,Pinned VC7.1 exact-sized probe matches 119/125 comparable bytes and all nine relocations; six stack-home displacement bytes remain,authored,Complete heap VM creation render-mode initialization script initialization and manager insertion
0x00444FA0,180,0x00445053,FUN_00444fa0,th095::AnmLoadedPositionView::CreateVmAtScreen,AnmManager,reconstructed,0.00,__thiscall,"AnmVmId AnmLoadedPositionView::CreateVmAtScreen(i32 scriptIndex, Float3 *position)",false,src/AnmVmLifecycle.cpp,Pinned VC7.1 exact-sized probe matches 138/144 comparable bytes and all nine relocations; six stack-home displacement bytes remain,authored,Complete screen-space VM creation and direct position-offset assignment
0x00445060,169,0x00445108,FUN_00445060,th095::AnmLoadedPositionView::CreateVmAtWorld,AnmManager,reconstructed,0.00,__thiscall,"AnmVmId AnmLoadedPositionView::CreateVmAtWorld(i32 scriptIndex, Float3 *position)",false,src/AnmVmLifecycle.cpp,Pinned VC7.1 exact-sized probe matches 123/129 comparable bytes and all ten relocations; six stack-home displacement bytes remain,authored,Complete TH095 world-space VM creation through PhotoToScreen used by ECL enemies bullets and photo effects
0x00445110,90,0x00445169,FUN_00445110,th095::AnmManager::GetVm,AnmManager,matching,100.00,__thiscall,AnmVm *AnmManager::GetVm(AnmVmId id),false,src/AnmVmId.cpp,Canonical VC7.1 comparison: 90/90 bytes and no relocations,authored,Exact intrusive animation VM lookup by four-byte handle; 35 direct callers
0x00445170,50,0x004451A1,FUN_00445170,th095::AnmManager::SetInterrupt,AnmManager,matching,100.00,__thiscall,"void AnmManager::SetInterrupt(AnmVmId id, i32 interrupt)",false,src/AnmVmId.cpp,Canonical relocation-aware VC7.1 comparison: 50/50 bytes and one relocation,authored,Exact handle-resolved pending interrupt setter; 17 direct callers
0x004451B0,60,0x004451EB,FUN_004451b0,th095::AnmManager::MarkVmForDeletion,AnmManager,matching,100.00,__thiscall,void AnmManager::MarkVmForDeletion(AnmVmId id),false,src/AnmVmId.cpp,Canonical relocation-aware VC7.1 comparison: 60/60 bytes and one relocation,authored,Exact handle-resolved deferred VM deletion flag setter
0x004451F0,64,0x0044522F,FUN_004451f0,th095::AnmManager::SetPosition,AnmManager,matching,100.00,__thiscall,"void AnmManager::SetPosition(AnmVmId id, Float3 *position)",false,src/AnmVmId.cpp,Canonical relocation-aware VC7.1 comparison: 64/64 bytes and one relocation,authored,Exact handle-resolved animation position-offset setter
0x00445230,60,0x0044526B,FUN_00445230,th095::AnmManager::GetPosition,AnmManager,matching,100.00,__thiscall,Float3 *AnmManager::GetPosition(AnmVmId id),false,src/AnmVmId.cpp,Canonical relocation-aware VC7.1 comparison: 60/60 bytes and one relocation,authored,Exact nullable animation position-offset lookup
0x00445270,87,0x004452C6,FUN_00445270,th095::AnmManager::MarkVmsForDeletion,AnmManager,matching,100.00,__thiscall,void AnmManager::MarkVmsForDeletion(AnmLoaded *anmFile),false,src/AnmVmId.cpp,Canonical VC7.1 comparison: 87/87 bytes and no relocations,authored,Exact intrusive-list scan marking every VM owned by one ANM file
0x004452D0,26,0x004452E9,FUN_004452d0,th095::AnmVm::Draw,AnmVm,matching,100.00,__thiscall,void AnmVm::Draw(),false,src/AnmVmDraw.cpp,Canonical relocation-aware VC7.1 comparison: 26/26 bytes and two relocations,authored,Exact VM-to-manager draw forwarding wrapper used by nine target callers
0x004452F0,51,0x00445322,FUN_004452f0,th095::AnmVmId::GetVm,AnmManager,matching,100.00,__thiscall,AnmVm *AnmVmId::GetVm(),false,src/AnmVmId.cpp,Canonical relocation-aware VC7.1 comparison: 51/51 bytes and 2 relocations,authored,Exact animation VM handle resolution and stale-handle clearing
0x00445330,34,0x00445351,FUN_00445330,th095::AnmVmId::SetInterrupt,AnmManager,matching,100.00,__thiscall,void AnmVmId::SetInterrupt(i32 interrupt),false,src/AnmVmId.cpp,Canonical relocation-aware VC7.1 comparison: 34/34 bytes and 2 relocations,authored,Exact animation VM handle interrupt forwarding
0x00445360,69,0x004453A4,FUN_00445360,th095::AnmVmId::SetSprite,AnmManager,matching,100.00,__thiscall,void AnmVmId::SetSprite(i32 spriteIndex),false,src/AnmVmId.cpp,Canonical relocation-aware VC7.1 comparison: 69/69 bytes and three relocations,authored,Exact handle wrapper resolving its VM and dispatching sprite selection through the owning ANM file
0x004453B0,136,0x00445437,FUN_004453b0,th095::SceneTextureEntryView::Clear,AnmTexture,matching,100.00,__thiscall,void SceneTextureEntryView::Clear(),false,src/SceneTexture.cpp,Canonical relocation-free VC7.1 comparison: 136/136 bytes,authored,Exact D3D surface lock and zero-fill texture clear
0x00445440,674,0x004456E1,FUN_00445440,th095::FrontEndLifecycleView::FrontEndLifecycleView,FrontEndController,matching,100.00,__thiscall,FrontEndLifecycleView::FrontEndLifecycleView(),false,src/FrontEndLifecycle.cpp,Canonical relocation-aware VC7.1 comparison: 674/674 bytes and all three debug/singleton relocations,authored,Exact timer cursor and nine-queue construction followed by the target full-state clear
0x004456F0,646,0x00445975,FUN_004456f0,th095::FrontEndLifecycleView::Initialize,FrontEndController,matching,100.00,__thiscall,i32 FrontEndLifecycleView::Initialize(),false,src/FrontEndLifecycle.cpp,Canonical relocation-aware VC7.1 comparison: 646/646 bytes and all forty-five resource/message/sound relocations,authored,Exact title ANM mission-message and BGM initialization path
0x00445980,201,0x00445A48,FUN_00445980,th095::FrontEndLifecycleView::LoadThread,FrontEndController,matching,100.00,__fastcall,void FrontEndLifecycleView::LoadThread(void *unused),false,src/FrontEndLifecycle.cpp,Canonical relocation-aware VC7.1 comparison: 201/201 bytes and all sixteen capture/thread-state relocations,authored,Exact asynchronous title loading worker and abort publication path
0x00445A50,70,0x00445A95,FUN_00445a50,th095::FrontEndLifecycleView::LoadResources,FrontEndController,matching,100.00,__fastcall,void FrontEndLifecycleView::LoadResources(void *unused),false,src/FrontEndLifecycle.cpp,Canonical relocation-aware VC7.1 comparison: 70/70 bytes and all six photo-subsystem relocations,authored,Exact ordered TH095 photo resource preload chain
0x00445AA0,503,0x00445C96,FUN_00445aa0,th095::FrontEndLifecycleView::~FrontEndLifecycleView,FrontEndController,matching,100.00,__thiscall,FrontEndLifecycleView::~FrontEndLifecycleView(),false,src/FrontEndLifecycle.cpp,"Canonical relocation-aware VC7.1 comparison: 503/503 authored bytes exact with all nineteen replay, Chain, queue, free, and teardown relocations",authored,Exact front-end teardown: distinct replay/pending indices and ownership helpers preserve early homes; both queue drains reuse the exact MainMenu Size-in-caller plus direct-Pop-to-free-consumer 4-byte phase
0x00445CA0,31,0x00445CBE,FUN_00445ca0,th095::FrontEndLifecycleView::ReleaseResources,FrontEndController,matching,100.00,__fastcall,void FrontEndLifecycleView::ReleaseResources(),false,src/FrontEndLifecycle.cpp,Canonical relocation-aware VC7.1 comparison: 31/31 bytes and all four ANM release relocations,authored,Exact title and transition ANM slot release helper
0x00445CC0,277,0x00445DD4,FUN_00445cc0,th095::FrontEndLifecycleView::Create,FrontEndController,matching,100.00,__fastcall,FrontEndLifecycleView *FrontEndLifecycleView::Create(i32 entryMode),false,src/FrontEndLifecycle.cpp,Canonical relocation-aware VC7.1 comparison: 277/277 bytes and all nineteen allocation/chain/thread relocations,authored,Exact controller allocation two-chain registration and replay-scan startup
0x00445DE0,95,0x00445E3E,FUN_00445de0,th095::FrontEndLifecycleView::Destroy,FrontEndController,matching,100.00,__thiscall,void FrontEndLifecycleView::Destroy(),false,src/FrontEndLifecycle.cpp,Canonical relocation-aware VC7.1 comparison: 95/95 bytes and both destructor/delete relocations,authored,Exact deleting wrapper with the target local controller shape
0x00445E40,19,0x00445E52,FUN_00445e40,th095::SceneSelectControllerView::OnUpdate,FrontEndController,matching,100.00,__fastcall,void SceneSelectControllerView::OnUpdate(SceneSelectControllerView *controller),false,src/SceneControllerDraw.cpp,Canonical relocation-aware VC7.1 comparison: 19/19 bytes with one explicit relocation,authored,Exact ownership wrapper for the shared front-end update state machine
0x00445E60,19,0x00445E72,FUN_00445e60,th095::SceneSelectControllerView::OnDraw,FrontEndController,matching,100.00,__fastcall,void SceneSelectControllerView::OnDraw(SceneSelectControllerView *controller),false,src/SceneControllerDraw.cpp,Canonical relocation-aware VC7.1 comparison: 19/19 bytes with one explicit relocation,authored,Exact ownership wrapper for the shared front-end draw path
0x00445E80,2969,0x00446A18,FUN_00445e80,th095::SceneSelectControllerView::Update,FrontEndController,matching,100.00,__thiscall,ChainCallbackResult SceneSelectControllerView::Update(),false,src/FrontEndController.cpp,Canonical relocation-aware VC7.1 comparison: 2969/2969 authored bytes plus the adjacent 40-byte switch table and all 101 relocations,authored,Exact ten-state shared front-end coordinator and game/replay transition owner; whole-object transition-handle assignment restores target return chronology
0x00446A50,3299,0x00447732,FUN_00446a50,th095::SceneSelectControllerView::UpdateMainMenu,FrontEndController,matching,100.00,__thiscall,ChainCallbackResult SceneSelectControllerView::UpdateMainMenu(),false,src/FrontEndController.cpp,Canonical relocation-aware VC7.1 comparison: 3299/3299 authored bytes exact; 3323-byte compare extent also enforces the adjacent six-entry switch table and all 68 relocations,authored,Exact main-menu state machine; both queue drains use one source-local phase so the two target four-byte queue reservations land between Size and Pop without changing the 661-instruction body
0x00447750,648,0x004479D7,FUN_00447750,th095::SceneSelectControllerView::CloseMainMenu,FrontEndController,matching,100.00,__thiscall,void SceneSelectControllerView::CloseMainMenu(),false,src/FrontEndController.cpp,Canonical relocation-aware VC7.1 comparison: 648/648 bytes with 40 explicit relocations,authored,Exact twenty-VM title-menu close interrupt sequence
0x004479E0,787,0x00447CF2,FUN_004479e0,th095::SceneSelectControllerView::UpdateMainMenuSelection,FrontEndController,matching,100.00,__thiscall,void SceneSelectControllerView::UpdateMainMenuSelection(),false,src/FrontEndController.cpp,Canonical relocation-aware VC7.1 comparison: 787/787 bytes with 36 explicit relocations,authored,Exact eighteen-VM title-menu selection interrupt sequence
0x00447D00,16066,0x0044BBC1,FUN_00447d00,th095::SceneSelectControllerView::UpdateSceneSelect,SceneSelect,reconstructed,0.00,__thiscall,ChainCallbackResult SceneSelectControllerView::UpdateSceneSelect(),false,src/SceneSelectUpdate.cpp,Pinned VC7.1 semantic probe is 13206 bytes versus the 16066-byte target with exact 275-call topology,authored,Complete TH095 group and scene selector asynchronous preview and transition hub
0x0044BBD0,716,0x0044BE9B,FUN_0044bbd0,th095::SceneSelectControllerView::RefreshSceneSelection,SceneSelect,matching,100.00,__thiscall,void SceneSelectControllerView::RefreshSceneSelection(i32 unused),false,src/SceneSelectController.cpp,Canonical relocation-aware VC7.1 comparison: 716/716 bytes and all 32 relocations,authored,Exact scene preview queue and display-state refresh with target count-first bounded push evaluation
0x0044BEA0,1989,0x0044C664,FUN_0044bea0,th095::SceneSelectControllerView::BuildScenePreviewText,SceneSelect,matching,100.00,__thiscall,void SceneSelectControllerView::BuildScenePreviewText(),false,src/SceneSelectController.cpp,Canonical relocation-aware VC7.1 comparison: 1989/1989 bytes with 141 explicit relocations,authored,Exact TH095 scene-preview text state machine and three-column VM builder
0x0044C670,2278,0x0044CF55,FUN_0044c670,th095::SceneSelectControllerView::UpdateSelectedSceneDetails,SceneSelect,matching,100.00,__thiscall,void SceneSelectControllerView::UpdateSelectedSceneDetails(),false,src/SceneDetail.cpp,Canonical relocation-aware VC7.1 comparison: 2278/2278 bytes with 115 explicit relocations,authored,Exact TH095 scene record date/time and two six-digit score displays
0x0044CF60,53,0x0044CF94,FUN_0044cf60,th095::SceneSelectControllerView::SetDetailDigitSprite,SceneSelect,matching,100.00,__thiscall,void SceneSelectControllerView::SetDetailDigitSprite(i32 vmIndex; i32 spriteIndex),false,src/SceneDetail.cpp,Canonical relocation-aware VC7.1 comparison: 53/53 bytes with three explicit relocations,authored,Exact scene-detail digit sprite helper
0x0044CFA0,61,0x0044CFDC,FUN_0044cfa0,th095::SceneSelectControllerView::ShowDetailDigit,SceneSelect,matching,100.00,__thiscall,void SceneSelectControllerView::ShowDetailDigit(i32 vmIndex),false,src/SceneDetail.cpp,Canonical relocation-aware VC7.1 comparison: 61/61 bytes with two explicit relocations,authored,Exact scene-detail digit visibility helper
0x0044CFE0,61,0x0044D01C,FUN_0044cfe0,th095::SceneSelectControllerView::HideDetailDigit,SceneSelect,matching,100.00,__thiscall,void SceneSelectControllerView::HideDetailDigit(i32 vmIndex),false,src/SceneDetail.cpp,Canonical relocation-aware VC7.1 comparison: 61/61 bytes with two explicit relocations,authored,Exact scene-detail digit hiding helper
0x0044D020,128,0x0044D09F,FUN_0044d020,th095::SceneSelectControllerView::ResolveSceneText,SceneSelect,matching,100.00,__thiscall,char *SceneSelectControllerView::ResolveSceneText(i32 textId; i32 column; i32 argument1; i32 argument2),false,src/SceneSelectController.cpp,Canonical relocation-aware VC7.1 comparison: 128/128 bytes with two explicit relocations,authored,Exact rolling-key decoder for one 64-byte scene-preview text column
0x0044D0A0,3070,0x0044DC9D,FUN_0044d0a0,th095::LoadSceneSelectionAssets,SceneSelect,matching,100.00,__fastcall,void LoadSceneSelectionAssets(void *unused),false,src/SceneSelectAssets.cpp,"Canonical relocation-aware VC7.1 comparison: 3070/3070 authored bytes exact with all 115 file, queue, synchronization, and scene-data relocations",authored,Exact asynchronous scene asset worker: a 4-byte group-preview Size phase and an 8-byte completion-notification phase reproduce the two target compiler-temporary allocation boundaries without changing runtime operations
0x0044DCA0,2054,0x0044E4A5,FUN_0044dca0,th095::ReplayBrowserView::Update,ReplayBrowser,matching,100.00,__thiscall,ChainCallbackResult ReplayBrowserView::Update(),false,src/ReplayBrowser.cpp,Canonical relocation-aware VC7.1 comparison: 2054/2054 bytes with all 77 explicit relocations replayed,authored,Exact TH095 4x20 replay browser state machine; source-local CreateVm helper restores call-site sret chronology without padding
0x0044E4B0,10103,0x00450C26,FUN_0044e4b0,th095::OptionsMenuView::Update,OptionsMenu,matching,100.00,__thiscall,ChainCallbackResult OptionsMenuView::Update(),false,src/OptionsMenu.cpp,Canonical relocation-aware VC7.1 comparison: 10103/10103 bytes and all 372 relocations,authored,Exact seven-row option and joystick-binding state machine; call-site CreateVm producers reproduce target inline temporary chronology
0x00450C30,403,0x00450DC2,FUN_00450c30,th095::LoadReplayBrowserEntries,ReplayBrowser,matching,100.00,__fastcall,void LoadReplayBrowserEntries(void *unused),false,src/ReplayBrowser.cpp,Canonical relocation-aware VC7.1 comparison: 403/403 bytes and all 23 relocations,authored,Exact asynchronous built-in/user replay scan; second scan latch is function-scope and user enumeration uses the target while-loop chronology
0x00450DD0,78,0x00450E1D,FUN_00450dd0,th095::SceneValueQueue::Push,SceneSelect,matching,100.00,__thiscall,i32 SceneValueQueue::Push(i32 value),false,src/SceneSelectController.cpp,Canonical relocation-aware VC7.1 comparison: 78/78 bytes and no relocations,authored,Exact bounded sixteen-entry integer queue push
0x00450E20,306,0x00450F51,FUN_00450e20,th095::ReplayBrowserView::LoadReplaySlot,ReplayBrowser,matching,100.00,__thiscall,ZunResult ReplayBrowserView::LoadReplaySlot(i32 slot; char *path),false,src/ReplayBrowser.cpp,Canonical relocation-aware VC7.1 comparison: 306/306 bytes with nineteen explicit relocations,authored,Exact critical-section protected replay replacement and loading helper
0x00450F60,91,0x00450FBA,FUN_00450f60,th095::SceneValueQueue::Pop,SceneSelect,reconstructed,0.00,__thiscall,i32 SceneValueQueue::Pop(),false,src/SceneSelectController.cpp,Pinned VC7.1 source probe is 93 bytes versus the 91-byte target,authored,Complete shared sixteen-entry queue pop; only callee-saved register allocation remains non-exact
0x00450FC0,2872,0x00451AF7,FUN_00450fc0,th095::MusicRoomView::UpdateMusicRoom,MusicRoom,matching,100.00,__thiscall,i32 MusicRoomView::UpdateMusicRoom(),false,src/MusicRoom.cpp,Canonical relocation-aware VC7.1 comparison: 2872/2872 bytes and all 76 relocations replayed,authored,Exact TH095 music-room state machine/parser; live parser aggregate and source-local inline helpers restore target temporary-allocation chronology without padding
0x00451B00,141,0x00451B8C,FUN_00451b00,th095::SkipMusicCommentLine,MusicRoom,matching,100.00,__fastcall,char *SkipMusicCommentLine(char *cursor; i32 *remaining),false,src/MusicRoom.cpp,Canonical relocation-free VC7.1 comparison: 141/141 bytes,authored,Exact CR/LF-aware music-comment line skipper
0x00451B90,233,0x00451C78,FUN_00451b90,th095::ReadMusicCommentLine,MusicRoom,matching,100.00,__fastcall,char *ReadMusicCommentLine(char *destination; char *cursor; i32 *remaining),false,src/MusicRoom.cpp,Canonical relocation-free VC7.1 comparison: 233/233 bytes,authored,Exact in-place CR/LF-aware music-comment line reader
0x00451C80,2358,0x004525B5,FUN_00451c80,th095::HelpMenuView::UpdateHelpMenu,HelpMenu,matching,100.00,__thiscall,i32 HelpMenuView::UpdateHelpMenu(),false,src/HelpMenu.cpp,Canonical relocation-aware VC7.1 comparison: 2358/2358 authored bytes and 2378/2378 compared bytes including the compiler-owned switch table; all 97 relocations replayed,authored,Exact five-state TH095 nine-page Help viewer with asynchronous page texture lifecycle and call-site inline temporary chronology
0x004525D0,88,0x00452627,FUN_004525d0,th095::LoadHelpAnm,HelpMenu,matching,100.00,__fastcall,void LoadHelpAnm(void *unused),false,src/HelpMenu.cpp,Canonical relocation-aware VC7.1 comparison: 88/88 bytes with four explicit relocations,authored,Exact asynchronous help-page file loader callback
0x00452630,1851,0x00452D6A,FUN_00452630,th095::SceneSelectControllerView::Draw,FrontEndController,matching,100.00,__thiscall,ChainCallbackResult SceneSelectControllerView::Draw(),false,src/SceneControllerDraw.cpp,Canonical relocation-aware VC7.1 comparison: 1851/1851 authored bytes exact with all 78 relocations and all 446 instruction mnemonics replayed,authored,"Exact TH095 scene-score and four-page replay-browser renderer; state-2 inline helper plus target-proven live-local hash buckets, shared replay buffers, and four bounded value snapshots reproduce the fully live 0x98 frame without padding"
0x00452D70,222,0x00452E4D,FUN_00452d70,th095::AnmVmColorInterpolationView::SetColor1Interpolation,AnmManager,matching,100.00,__thiscall,"void AnmVmColorInterpolationView::SetColor1Interpolation(i32 duration, u8 mode, u32 initial, u32 final)",false,src/AnmVmInterpolation.cpp,Canonical relocation-aware VC7.1 comparison: 222/222 bytes and no relocations,authored,Exact secondary-color RGB interpolation setup through a bounded ABI view
0x00452E50,23,0x00452E66,FUN_00452e50,th095::PbgArchiveEntry::PbgArchiveEntry,PbgArchive,matching,100.00,__thiscall,PbgArchiveEntry::PbgArchiveEntry(),false,src/pbg/PbgArchive.cpp,Canonical relocation-aware VC7.1 comparison: 23/23 authored bytes exact and relocation-free,authored,Exact archive-entry filename-null constructor used by AllocEntries vector construction
0x00452E70,44,0x00452E9B,FUN_00452e70,th095::CSoundManager::~CSoundManager,SoundPlayer,reconstructed,0.00,__thiscall,CSoundManager::~CSoundManager(),false,src/zwave.cpp,Pinned VC7.1 body is structurally exact and relocation-free but excluded as Microsoft DSUtil scaffold,library,DirectSound manager release destructor
0x00452EA0,142,0x00452F2D,FUN_00452ea0,th095::CSoundManager::Initialize,SoundPlayer,reconstructed,0.00,__thiscall,"HRESULT CSoundManager::Initialize(HWND window, DWORD cooperativeLevel, DWORD primaryChannels, DWORD primaryFrequency, DWORD primaryBitRate)",false,src/zwave.cpp,Pinned VC7.1 body is structurally exact with both relocations but excluded as Microsoft DSUtil scaffold,library,DirectSound device and cooperative-level initialization
0x00452F30,278,0x00453045,FUN_00452f30,th095::CSoundManager::SetPrimaryBufferFormat,SoundPlayer,reconstructed,0.00,__thiscall,"HRESULT CSoundManager::SetPrimaryBufferFormat(DWORD primaryChannels, DWORD primaryFrequency, DWORD primaryBitRate)",false,src/zwave.cpp,Pinned VC7.1 body is structurally exact and relocation-free but excluded as Microsoft DSUtil scaffold,library,Primary PCM buffer configuration
0x00453050,862,0x004533AD,FUN_00453050,th095::CSoundManager::CreateStreaming,SoundPlayer,matching,100.00,__thiscall,"HRESULT CSoundManager::CreateStreaming(CStreamingSound **streamingSound, LPTSTR filename, DWORD creationFlags, GUID algorithm, DWORD notifyCount, DWORD notifySize, HANDLE notifyEvent, ThBgmFormat *format)",false,src/zwave.cpp,Canonical relocation-aware VC7.1 comparison: 862/862 bytes and all fifteen relocations replayed,authored,Exact ZUN file-backed raw-BGM streaming creation; live aggregate and failure-path ownership reset reproduce the target frame and cleanup
0x004533B0,812,0x004536DB,FUN_004533b0,th095::CSoundManager::CreateStreamingFromMemory,SoundPlayer,matching,100.00,__thiscall,"HRESULT CSoundManager::CreateStreamingFromMemory(CStreamingSound **streamingSound, BYTE *data, ULONG dataSize, ThBgmFormat *format, DWORD creationFlags, GUID algorithm, DWORD notifyCount, DWORD notifySize, HANDLE notifyEvent)",false,src/zwave.cpp,Canonical relocation-aware VC7.1 comparison: 812/812 bytes and all seventeen relocations replayed,authored,Exact ZUN memory-backed raw-BGM streaming creation with notification setup
0x004536E0,221,0x004537BC,FUN_004536e0,th095::CSound::CSound,SoundPlayer,matching,100.00,__thiscall,"CSound::CSound(LPDIRECTSOUNDBUFFER *soundBuffers, DWORD bufferSize, DWORD bufferCount, CWaveFile *waveFile)",false,src/zwave.cpp,Canonical relocation-aware VC7.1 comparison: 221/221 bytes and all three relocations replayed,authored,Exact ZUN-extended sound construction including persistent play-state initialization
0x004537C0,44,0x004537EB,FUN_004537c0,th095::CSound::ScalarDeletingDestructor,SoundPlayer,reconstructed,0.00,__thiscall,void *CSound::ScalarDeletingDestructor(u32 flags),false,src/zwave.cpp,Pinned VC7.1 compiler emission identified from the virtual destructor definition and excluded from authored coverage,compiler,Compiler-generated scalar deleting destructor
0x004537F0,599,0x00453A46,FUN_004537f0,th095::CStreamingSound::InitSoundBuffers,SoundPlayer,matching,100.00,__thiscall,HRESULT CStreamingSound::InitSoundBuffers(),false,src/zwave.cpp,Canonical relocation-aware VC7.1 comparison: 599/599 bytes and all six relocations replayed,authored,Exact ZUN streaming-buffer notification initialization; four live locals preserve target stack-home chronology
0x00453A50,239,0x00453B3E,FUN_00453a50,th095::CSound::~CSound,SoundPlayer,reconstructed,0.00,__thiscall,CSound::~CSound(),false,src/zwave.cpp,Pinned VC7.1 body is structurally exact with all four relocations but excluded as Microsoft DSUtil scaffold,library,DirectSound buffers and wave-owner cleanup
0x00453B40,484,0x00453D23,FUN_00453b40,th095::CSound::FillBufferWithSound,SoundPlayer,reconstructed,0.00,__thiscall,"HRESULT CSound::FillBufferWithSound(LPDIRECTSOUNDBUFFER soundBuffer, BOOL repeatIfLarger)",false,src/zwave.cpp,Pinned VC7.1 body is structurally exact with all five relocations but excluded as Microsoft DSUtil scaffold,library,Wave-buffer fill and repeat/silence handling
0x00453D30,161,0x00453DD0,FUN_00453d30,th095::CSound::RestoreBuffer,SoundPlayer,reconstructed,0.00,__thiscall,"HRESULT CSound::RestoreBuffer(LPDIRECTSOUNDBUFFER soundBuffer, BOOL *wasRestored)",false,src/zwave.cpp,Pinned VC7.1 body is structurally exact with its Sleep relocation but excluded as Microsoft DSUtil scaffold,library,Lost DirectSound buffer restoration loop
0x00453DE0,180,0x00453E93,FUN_00453de0,th095::CSound::GetFreeBuffer,SoundPlayer,reconstructed,0.00,__thiscall,LPDIRECTSOUNDBUFFER CSound::GetFreeBuffer(),false,src/zwave.cpp,Pinned VC7.1 body is structurally exact with its rand relocation but excluded as Microsoft DSUtil scaffold,library,Free-buffer selection with randomized fallback
0x00453EA0,53,0x00453ED4,FUN_00453ea0,th095::CSound::GetBuffer,SoundPlayer,reconstructed,0.00,__thiscall,LPDIRECTSOUNDBUFFER CSound::GetBuffer(DWORD index),false,src/zwave.cpp,Pinned VC7.1 body is structurally exact and relocation-free but excluded as Microsoft DSUtil scaffold,library,Bounds-checked DirectSound buffer accessor
0x00453EE0,236,0x00453FCB,FUN_00453ee0,th095::CSound::Play,SoundPlayer,matching,100.00,__thiscall,"HRESULT CSound::Play(DWORD priority, DWORD flags)",false,src/zwave.cpp,Canonical relocation-aware VC7.1 comparison: 236/236 bytes and all five relocations replayed,authored,Exact ZUN fade/play-state setup and persisted DirectSound priority/flags
0x00453FD0,148,0x00454063,FUN_00453fd0,th095::CSound::SetVolume,SoundPlayer,matching,100.00,__thiscall,HRESULT CSound::SetVolume(i32 volume),false,src/zwave.cpp,Canonical relocation-aware VC7.1 comparison: 148/148 bytes and all six relocations replayed,authored,Exact ZUN nonlinear BGM-volume scaling through the shared SoundPlayer state
0x00454070,167,0x00454116,FUN_00454070,th095::CSound::Stop,SoundPlayer,matching,100.00,__thiscall,HRESULT CSound::Stop(),false,src/zwave.cpp,Canonical relocation-aware VC7.1 comparison: 167/167 bytes exact and relocation-free,authored,Exact ZUN play-state and fade-state reset across every DirectSound buffer
0x00454120,77,0x0045416C,FUN_00454120,th095::CSound::Pause,SoundPlayer,matching,100.00,__thiscall,HRESULT CSound::Pause(),false,src/zwave.cpp,Canonical relocation-aware VC7.1 comparison: 77/77 bytes exact and relocation-free,authored,Exact ZUN pause wrapper and play-state transition
0x00454170,78,0x004541BD,FUN_00454170,th095::CSound::Unpause,SoundPlayer,matching,100.00,__thiscall,HRESULT CSound::Unpause(),false,src/zwave.cpp,Canonical relocation-aware VC7.1 comparison: 78/78 bytes exact and relocation-free,authored,Exact ZUN resume wrapper using persisted priority and flags
0x004541C0,108,0x0045422B,FUN_004541c0,th095::CSound::Reset,SoundPlayer,reconstructed,0.00,__thiscall,HRESULT CSound::Reset(),false,src/zwave.cpp,Pinned VC7.1 body is structurally exact but excluded from authored coverage as unchanged Microsoft DSUtil scaffold,library,Microsoft DSUtil buffer-position reset retained for source completeness
0x00454230,96,0x0045428F,FUN_00454230,th095::CStreamingSound::CStreamingSound,SoundPlayer,reconstructed,0.00,__thiscall,"CStreamingSound::CStreamingSound(LPDIRECTSOUNDBUFFER buffer, DWORD bufferSize, CWaveFile *waveFile, DWORD notifySize)",false,src/zwave.cpp,Pinned VC7.1 body is structurally exact but conservatively excluded as Microsoft DSUtil construction scaffold,library,Streaming wrapper base construction and notification-state initialization
0x00454290,44,0x004542BB,FUN_00454290,th095::CStreamingSound::ScalarDeletingDestructor,SoundPlayer,reconstructed,0.00,__thiscall,void *CStreamingSound::ScalarDeletingDestructor(u32 flags),false,src/zwave.cpp,Pinned VC7.1 compiler emission identified from the virtual destructor definition and excluded from authored coverage,compiler,Compiler-generated scalar deleting destructor
0x004542C0,28,0x004542DB,FUN_004542c0,th095::CStreamingSound::~CStreamingSound,SoundPlayer,reconstructed,0.00,__thiscall,CStreamingSound::~CStreamingSound(),false,src/zwave.cpp,Pinned VC7.1 body is structurally exact with both relocations but excluded as Microsoft DSUtil scaffold,library,Empty derived destructor forwarding the CSound virtual destructor
0x004542E0,129,0x00454360,FUN_004542e0,th095::CStreamingSound::UpdateFadeOut,SoundPlayer,matching,100.00,__thiscall,HRESULT CStreamingSound::UpdateFadeOut(),false,src/zwave.cpp,Canonical relocation-aware VC7.1 comparison: 129/129 bytes and the SetVolume relocation replayed,authored,Exact ZUN full fade-out state update
0x00454370,106,0x004543D9,FUN_00454370,th095::CStreamingSound::UpdateFadeIn,SoundPlayer,matching,100.00,__thiscall,HRESULT CStreamingSound::UpdateFadeIn(),false,src/zwave.cpp,Canonical relocation-aware VC7.1 comparison: 106/106 bytes and the SetVolume relocation replayed,authored,Exact ZUN full fade-in state update
0x004543E0,106,0x00454449,FUN_004543e0,th095::CStreamingSound::UpdatePartialFadeIn,SoundPlayer,matching,100.00,__thiscall,HRESULT CStreamingSound::UpdatePartialFadeIn(),false,src/zwave.cpp,Canonical relocation-aware VC7.1 comparison: 106/106 bytes and the SetVolume relocation replayed,authored,Exact ZUN partial fade-in type-three update with negative 1000-scale volume
0x00454450,107,0x004544BA,FUN_00454450,th095::CStreamingSound::UpdatePartialFadeOut,SoundPlayer,matching,100.00,__thiscall,HRESULT CStreamingSound::UpdatePartialFadeOut(),false,src/zwave.cpp,Canonical relocation-aware VC7.1 comparison: 107/107 bytes and the SetVolume relocation replayed,authored,Exact ZUN partial fade-out type-four update with offset 1000-scale volume
0x004544C0,998,0x004548A5,FUN_004544c0,th095::CStreamingSound::HandleWaveStreamNotification,SoundPlayer,matching,100.00,__thiscall,HRESULT CStreamingSound::HandleWaveStreamNotification(BOOL looped),false,src/zwave.cpp,Canonical relocation-aware VC7.1 comparison: 998/998 bytes and all twenty-two relocations replayed,authored,Exact ZUN streaming refill loop; twelve live API/control locals preserve target stack-home chronology
0x004548B0,194,0x00454971,FUN_004548b0,th095::CStreamingSound::Reset,SoundPlayer,matching,100.00,__thiscall,HRESULT CStreamingSound::Reset(),false,src/zwave.cpp,Canonical relocation-aware VC7.1 comparison: 194/194 bytes and all three relocations replayed,authored,Exact game streaming reset through the custom raw-wave path; two live result locals preserve target layout
0x00454980,56,0x004549B7,FUN_00454980,th095::CWaveFile::CWaveFile,SoundPlayer,matching,100.00,__thiscall,CWaveFile::CWaveFile(),false,src/zwave.cpp,Canonical relocation-aware VC7.1 comparison: 56/56 bytes exact and relocation-free,authored,Exact construction of the ZUN-extended raw BGM wave wrapper
0x004549C0,19,0x004549D2,FUN_004549c0,th095::CWaveFile::~CWaveFile,SoundPlayer,reconstructed,0.00,__thiscall,CWaveFile::~CWaveFile(),false,src/zwave.cpp,Pinned VC7.1 body is structurally exact with its Close relocation but excluded as Microsoft DSUtil scaffold,library,Wave wrapper destructor forwarding Close
0x004549E0,163,0x00454A82,FUN_004549e0,th095::CWaveFile::Open,SoundPlayer,matching,100.00,__thiscall,"HRESULT CWaveFile::Open(LPTSTR filename, ThBgmFormat *format, DWORD flags)",false,src/zwave.cpp,Canonical relocation-aware VC7.1 comparison: 163/163 bytes and all four relocations replayed,authored,Exact ZUN raw streaming-file open path with game format metadata
0x00454A90,84,0x00454AE3,FUN_00454a90,th095::CWaveFile::Reopen,SoundPlayer,matching,100.00,__thiscall,HRESULT CWaveFile::Reopen(ThBgmFormat *format),false,src/zwave.cpp,Canonical relocation-aware VC7.1 comparison: 84/84 bytes and the ResetFile relocation replayed,authored,Exact ZUN BGM format rebinding path
0x00454AF0,92,0x00454B4B,FUN_00454af0,th095::CWaveFile::OpenFromMemory,SoundPlayer,matching,100.00,__thiscall,"HRESULT CWaveFile::OpenFromMemory(BYTE *data, ULONG dataSize, ThBgmFormat *format, DWORD flags)",false,src/zwave.cpp,Canonical relocation-aware VC7.1 comparison: 92/92 bytes exact and relocation-free,authored,Exact ZUN format-aware in-memory wave setup
0x00454B50,17,0x00454B60,FUN_00454b50,th095::CWaveFile::GetSize,SoundPlayer,reconstructed,0.00,__thiscall,DWORD CWaveFile::GetSize(),false,src/zwave.cpp,Pinned VC7.1 body is structurally exact but excluded as Microsoft DSUtil accessor scaffold,library,Wave-size accessor retained for source completeness
0x00454B70,328,0x00454CB7,FUN_00454b70,th095::CWaveFile::ResetFile,SoundPlayer,matching,100.00,__thiscall,HRESULT CWaveFile::ResetFile(bool loop),false,src/zwave.cpp,Canonical relocation-aware VC7.1 comparison: 328/328 bytes and all four relocations replayed,authored,Exact ZUN intro-loop and archive-base-offset seek logic
0x00454CC0,328,0x00454E07,FUN_00454cc0,th095::CWaveFile::Read,SoundPlayer,matching,100.00,__thiscall,"HRESULT CWaveFile::Read(BYTE *buffer, DWORD bytesToRead, DWORD *bytesRead)",false,src/zwave.cpp,Canonical relocation-aware VC7.1 comparison: 328/328 bytes and the ReadFile relocation replayed,authored,Exact ZUN memory-or-raw-file streaming read path
0x00454E10,51,0x00454E42,FUN_00454e10,th095::CWaveFile::Close,SoundPlayer,matching,100.00,__thiscall,HRESULT CWaveFile::Close(),false,src/zwave.cpp,Canonical relocation-aware VC7.1 comparison: 51/51 bytes and the CloseHandle relocation replayed,authored,Exact ZUN raw file-handle close path
0x00454E50,53,0x00454E84,FUN_00454e50,th095::PbgArchive::PbgArchive,PbgArchive,matching,100.00,__thiscall,PbgArchive::PbgArchive(),false,src/pbg/PbgArchive.cpp,Canonical relocation-aware VC7.1 comparison: 53/53 authored bytes exact,authored,Exact four-field PBG archive ownership initialization
0x00454E90,19,0x00454EA2,FUN_00454e90,th095::PbgArchive::~PbgArchive,PbgArchive,matching,100.00,__thiscall,PbgArchive::~PbgArchive(),false,src/pbg/PbgArchive.cpp,Canonical relocation-aware VC7.1 comparison: 19/19 authored bytes exact,authored,Exact archive destructor forwarding Release
0x00454EB0,259,0x00454FB2,FUN_00454eb0,th095::PbgArchive::Load,PbgArchive,matching,100.00,__thiscall,bool PbgArchive::Load(LPCSTR filename),false,src/pbg/PbgArchive.cpp,Canonical relocation-aware VC7.1 comparison: 259/259 authored bytes exact with 15 relocations,authored,Exact archive load/parse/name ownership; TH095 reopens the archive through mode 0 after successful header parsing
0x00454FC0,190,0x0045507D,FUN_00454fc0,th095::PbgArchive::Release,PbgArchive,matching,100.00,__thiscall,void PbgArchive::Release(),false,src/pbg/PbgArchive.cpp,Canonical relocation-aware VC7.1 comparison: 190/190 authored bytes exact with 4 relocations,authored,"Exact filename, entry-array, and file-abstraction ownership teardown with target delete-expression homes"
0x00455080,106,0x004550E9,FID_conflict:`vector_deleting_destructor',th095::PbgArchiveEntry::vector deleting destructor,PbgArchive,excluded,0.00,,,false,,IDA target wrapper selects vector destruction for arrays or scalar destruction for one PbgArchiveEntry and conditionally operator delete from flags,compiler-generated,Compiler-generated vector/scalar deleting destructor wrapper; excluded from authored denominator
0x004550F0,464,0x004552BF,FUN_004550f0,th095::PbgArchive::ReadDecompressEntry,PbgArchive,matching,100.00,__thiscall,LPBYTE PbgArchive::ReadDecompressEntry(LPCSTR filename; LPBYTE outBuffer),false,src/pbg/PbgArchive.cpp,Canonical relocation-aware VC7.1 comparison: 464/464 authored bytes exact with 14 relocations,authored,Exact archive-entry read/decrypt/decompress path with filename-selected 8-profile cipher table
0x004552C0,46,0x004552ED,FUN_004552c0,th095::PbgArchive::GetEntryDecompressedSize,PbgArchive,matching,100.00,__thiscall,DWORD PbgArchive::GetEntryDecompressedSize(LPCSTR filename),false,src/pbg/PbgArchive.cpp,Canonical relocation-aware VC7.1 comparison: 46/46 authored bytes exact,authored,Exact archive-entry decompressed-size lookup
0x004552F0,101,0x00455354,FUN_004552f0,th095::PbgArchive::FindEntry,PbgArchive,matching,100.00,__thiscall,PbgArchiveEntry *PbgArchive::FindEntry(LPCSTR filename),false,src/pbg/PbgArchive.cpp,Canonical relocation-aware VC7.1 comparison: 101/101 authored bytes exact,authored,Exact case-insensitive linear archive-entry lookup
0x00455360,539,0x0045557A,FUN_00455360,th095::PbgArchive::ParseHeader,PbgArchive,matching,100.00,__thiscall,bool PbgArchive::ParseHeader(LPCSTR filename),false,src/pbg/PbgArchive.cpp,Canonical relocation-aware VC7.1 comparison: 539/539 authored bytes exact with 13 relocations,authored,Exact THA1 16-byte header decode and tail file-table decrypt/decompress/allocation pipeline
0x00455580,524,0x0045578B,FUN_00455580,th095::PbgArchive::AllocEntries,PbgArchive,matching,100.00,__thiscall,PbgArchiveEntry *PbgArchive::AllocEntries(LPVOID entryBuffer; i32 count; u32 dataOffset),false,src/pbg/PbgArchive.cpp,Canonical relocation-aware VC7.1 comparison: 524/524 authored bytes exact with all ten new[]/copy/delete/EH relocations,authored,"Exact TH08-ancestral entry-table decoder; live {buffer,i,entryData} aggregate, inline SeekPastString filename-size phase, and full DeleteArray safe-delete tail"
0x00455790,139,0x0045581A,FUN_00455790,th095::PbgArchive::CopyFileName,PbgArchive,matching,100.00,__thiscall,char *PbgArchive::CopyFileName(LPCSTR filename),false,src/pbg/PbgArchive.cpp,Canonical relocation-aware VC7.1 comparison: 139/139 authored bytes exact,authored,Exact filename duplication; TH095 uses CRT malloc rather than TH08 GlobalAlloc-backed MemAlloc
0x00455820,41,0x00455848,FUN_00455820,th095::PbgArchiveEntry::~PbgArchiveEntry,PbgArchive,matching,100.00,__thiscall,PbgArchiveEntry::~PbgArchiveEntry(),false,src/pbg/PbgArchive.cpp,Canonical relocation-aware VC7.1 comparison: 41/41 authored bytes exact with _free relocation,authored,Exact conditional CRT-free ownership teardown for one archive filename
0x00455850,52,0x00455883,FUN_00455850,th095::CPbgFile::CPbgFile,PbgFile,matching,100.00,__thiscall,CPbgFile::CPbgFile(),false,src/pbg/PbgFile.cpp,Canonical relocation-aware VC7.1 comparison: 52/52 authored bytes exact,authored,Exact file-wrapper construction with inline empty IPbgFile base lifecycle and direct base/derived vtable publication
0x00455890,44,0x004558BB,FUN_00455890,th095::CPbgFile::scalar deleting destructor,PbgFile,excluded,0.00,,,false,,IDA target wrapper calls CPbgFile::~CPbgFile then conditionally operator delete from flag bit 0,compiler-generated,Compiler-generated scalar deleting destructor; excluded from authored denominator
0x004558C0,82,0x00455911,FUN_004558c0,th095::CPbgFile::~CPbgFile,PbgFile,matching,100.00,__thiscall,CPbgFile::~CPbgFile(),false,src/pbg/PbgFile.cpp,Canonical relocation-aware VC7.1 comparison: 82/82 authored bytes exact,authored,"Exact file-wrapper teardown: derived vtable, Close, then inline empty base vtable publication"
0x00455920,330,0x00455A69,FUN_00455920,th095::CPbgFile::Open,PbgFile,matching,100.00,__thiscall,bool CPbgFile::Open(const char *filename; char *mode),false,src/pbg/PbgFile.cpp,Canonical relocation-aware VC7.1 comparison: 330/330 authored bytes exact with all four Win32/path relocations,authored,"Exact r/w/a file opener with TH08-ancestral mode scan, full-path expansion, sequential CreateFile flags, and append seek"
0x00455A70,53,0x00455AA4,FUN_00455a70,th095::CPbgFile::Close,PbgFile,matching,100.00,__thiscall,void CPbgFile::Close(),false,src/pbg/PbgFile.cpp,Canonical relocation-aware VC7.1 comparison: 53/53 authored bytes exact,authored,Exact Win32 handle close and access-state reset
0x00455AB0,68,0x00455AF3,FUN_00455ab0,th095::CPbgFile::Read,PbgFile,matching,100.00,__thiscall,DWORD CPbgFile::Read(LPVOID data; DWORD dataLen),false,src/pbg/PbgFile.cpp,Canonical relocation-aware VC7.1 comparison: 68/68 authored bytes exact,authored,Exact guarded ReadFile wrapper for GENERIC_READ handles
0x00455B00,74,0x00455B49,FUN_00455b00,th095::CPbgFile::Write,PbgFile,matching,100.00,__thiscall,bool CPbgFile::Write(LPVOID data; DWORD dataLen),false,src/pbg/PbgFile.cpp,Canonical relocation-aware VC7.1 comparison: 74/74 authored bytes exact,authored,Exact guarded WriteFile wrapper with full-length success check
0x00455B50,43,0x00455B7A,FUN_00455b50,th095::CPbgFile::Tell,PbgFile,matching,100.00,__thiscall,DWORD CPbgFile::Tell(),false,src/pbg/PbgFile.cpp,Canonical relocation-aware VC7.1 comparison: 43/43 authored bytes exact,authored,Exact FILE_CURRENT SetFilePointer wrapper
0x00455B80,39,0x00455BA6,FUN_00455b80,th095::CPbgFile::GetSize,PbgFile,matching,100.00,__thiscall,DWORD CPbgFile::GetSize(),false,src/pbg/PbgFile.cpp,Canonical relocation-aware VC7.1 comparison: 39/39 authored bytes exact,authored,Exact GetFileSize wrapper with invalid-handle guard
0x00455BB0,51,0x00455BE2,FUN_00455bb0,th095::CPbgFile::Seek,PbgFile,matching,100.00,__thiscall,bool CPbgFile::Seek(DWORD offset; DWORD seekFrom),false,src/pbg/PbgFile.cpp,Canonical relocation-aware VC7.1 comparison: 51/51 authored bytes exact,authored,Exact SetFilePointer seek wrapper
0x00455BF0,199,0x00455CB6,FUN_00455bf0,th095::CPbgFile::ReadWholeFile,PbgFile,matching,100.00,__thiscall,HGLOBAL CPbgFile::ReadWholeFile(DWORD maxSize),false,src/pbg/PbgFile.cpp,Canonical relocation-aware VC7.1 comparison: 199/199 authored bytes exact with all four allocator file-seek relocations,authored,Exact whole-file read with TH095 malloc/free path and fully live 12-byte read-state aggregate
0x00455CC0,253,0x00455DBC,FUN_00455cc0,th095::CPbgFile::GetFullFilePath,PbgFile,matching,100.00,__fastcall,void CPbgFile::GetFullFilePath(char *buffer; const char *filename),false,src/pbg/PbgFile.cpp,Canonical relocation-aware VC7.1 comparison: 253/253 authored bytes exact,authored,Exact module-directory path expansion with drive-letter passthrough
0x00455DC0,20,0x00455DD3,FUN_00455dc0,th095::IPbgFile::~IPbgFile,PbgFile,matching,100.00,__thiscall,IPbgFile::~IPbgFile(),false,src/pbg/PbgFile.cpp,Canonical relocation-aware VC7.1 comparison: 20/20 authored bytes exact,authored,Exact standalone virtual base destructor emitted from inline empty class-body definition
0x00455DE0,45,0x00455E0C,FUN_00455de0,th095::IPbgFile::scalar deleting destructor,PbgFile,excluded,0.00,,,false,,IDA target wrapper publishes IPbgFile vtable then conditionally operator delete from flag bit 0,compiler-generated,Compiler-generated scalar deleting destructor; excluded from authored denominator
0x00455E10,1035,0x0045621A,FUN_00455e10,th095::CompressData,Compression,matching,100.00,__fastcall,u8 *CompressData(u8 *input; i32 inputSize; i32 *outputSize),false,src/Compress.cpp,Canonical relocation-aware VC7.1 comparison: 1035/1035 authored bytes exact with all eight allocator/LZSS/ring relocations,authored,Exact TH08-ancestral LZSS encoder; nested token-writing scope keeps real bitfieldMask after outer dictHead without padding
0x00456220,852,0x00456573,FUN_00456220,th095::DecompressData,Compression,matching,100.00,__fastcall,u8 *DecompressData(u8 *input; i32 inputSize; u8 *output; size_t outputSize),false,src/Decompress.cpp,Canonical relocation-aware VC7.1 comparison: 852/852 authored bytes exact with 4 relocations,authored,"Exact MSB-first LZSS decoder with 8 KiB ring, discarded input checksum, and target trailing-bit fetch semantics"
0x00456580,67,0x004565C2,FUN_00456580,th095::Lzss::InitTree,Compression,matching,100.00,__fastcall,void Lzss::InitTree(i32 root),false,src/pbg/Lzss.cpp,Canonical relocation-aware VC7.1 comparison: 67/67 authored bytes exact,authored,Exact LZSS encoder-tree root/sentinel initialization
0x004565D0,124,0x0045664B,FUN_004565d0,th095::Lzss::InitEncoderState,Compression,matching,100.00,__fastcall,void Lzss::InitEncoderState(),false,src/pbg/Lzss.cpp,Canonical relocation-aware VC7.1 comparison: 124/124 authored bytes exact,authored,Exact 8 KiB dictionary and 8193-node encoder-tree reset
0x00456650,280,0x00456767,FUN_00456650,th095::Lzss::AddString,Compression,matching,100.00,__fastcall,i32 Lzss::AddString(i32 newNode; i32 *matchPosition),false,src/pbg/Lzss.cpp,Canonical relocation-aware VC7.1 comparison: 280/280 authored bytes exact with all 9 relocations,authored,Exact LZSS dictionary-tree insertion and longest-match update using a fully live 20-byte local aggregate
0x00456770,134,0x004567F5,FUN_00456770,th095::Lzss::DeleteString,Compression,matching,100.00,__fastcall,void Lzss::DeleteString(i32 p),false,src/pbg/Lzss.cpp,Canonical relocation-aware VC7.1 comparison: 134/134 authored bytes exact,authored,Exact LZSS binary-tree deletion choosing contraction or successor replacement
0x00456800,132,0x00456883,FUN_00456800,th095::Lzss::ContractNode,Compression,matching,100.00,__fastcall,void Lzss::ContractNode(i32 oldNode; i32 newNode),false,src/pbg/Lzss.cpp,Canonical relocation-aware VC7.1 comparison: 132/132 authored bytes exact,authored,Exact LZSS parent-child contraction helper
0x00456890,183,0x00456946,FUN_00456890,th095::Lzss::ReplaceNode,Compression,matching,100.00,__fastcall,void Lzss::ReplaceNode(i32 oldNode; i32 newNode),false,src/pbg/Lzss.cpp,Canonical relocation-aware VC7.1 comparison: 183/183 authored bytes exact,authored,Exact LZSS tree-node replacement with child-parent repair
0x00456950,63,0x0045698E,FUN_00456950,th095::Lzss::FindNextNode,Compression,matching,100.00,__fastcall,i32 Lzss::FindNextNode(i32 node),false,src/pbg/Lzss.cpp,Canonical relocation-aware VC7.1 comparison: 63/63 authored bytes exact,authored,Exact predecessor/successor walk used by LZSS tree deletion
0x004583D0,6,0x004583D5,DINPUT8.DLL::DirectInput8Create,,,unclassified,0.00,,,true,,Ghidra 12.1.3 auto-analysis candidate; boundary unreviewed,,
0x004583D6,6,0x004583DB,DSOUND.DLL::Ordinal_11,,,unclassified,0.00,,,true,,Ghidra 12.1.3 auto-analysis candidate; boundary unreviewed,,
0x004583DC,6,0x004583E1,D3D8.DLL::Direct3DCreate8,,,unclassified,0.00,,,true,,Ghidra 12.1.3 auto-analysis candidate; boundary unreviewed,,
0x004583E2,45,0x0045840E,FUN_004583e2,,,unclassified,0.00,,,false,,Ghidra 12.1.3 auto-analysis candidate; boundary unreviewed,,
0x0045841C,42,0x00458445,FUN_0045841c,,,unclassified,0.00,,,false,,Ghidra 12.1.3 auto-analysis candidate; boundary unreviewed,,
0x00458446,142,0x004584D3,FUN_00458446,,,unclassified,0.00,,,false,,Ghidra 12.1.3 auto-analysis candidate; boundary unreviewed,,
0x004584D4,42,0x004584FD,FUN_004584d4,,,unclassified,0.00,,,false,,Ghidra 12.1.3 auto-analysis candidate; boundary unreviewed,,
0x004584FE,175,0x004585AC,FUN_004584fe,,,unclassified,0.00,,,false,,Ghidra 12.1.3 auto-analysis candidate; boundary unreviewed,,
0x004585AD,47,0x004585DB,FUN_004585ad,,,unclassified,0.00,,,false,,Ghidra 12.1.3 auto-analysis candidate; boundary unreviewed,,
0x004585DC,67,0x0045861E,FUN_004585dc,,,unclassified,0.00,,,false,,Ghidra 12.1.3 auto-analysis candidate; boundary unreviewed,,
0x00458646,13,0x00458652,FUN_00458646,,,unclassified,0.00,,,false,,Ghidra 12.1.3 auto-analysis candidate; boundary unreviewed,,
0x00458653,6,0x00458658,thunk_FUN_00458646,,,unclassified,0.00,,,true,,Ghidra 12.1.3 auto-analysis candidate; boundary unreviewed,,
0x00458683,174,0x00458730,FUN_00458683,,,unclassified,0.00,,,false,,Ghidra 12.1.3 auto-analysis candidate; boundary unreviewed,,
0x00458731,42,0x0045875A,FUN_00458731,,,unclassified,0.00,,,false,,Ghidra 12.1.3 auto-analysis candidate; boundary unreviewed,,
0x0045875B,209,0x0045882B,FUN_0045875b,,,unclassified,0.00,,,false,,Ghidra 12.1.3 auto-analysis candidate; boundary unreviewed,,
0x0045882C,47,0x0045885A,FUN_0045882c,,,unclassified,0.00,,,false,,Ghidra 12.1.3 auto-analysis candidate; boundary unreviewed,,
0x0045885B,93,0x004588B7,FUN_0045885b,,,unclassified,0.00,,,false,,Ghidra 12.1.3 auto-analysis candidate; boundary unreviewed,,
0x004588B8,13,0x004588C4,FUN_004588b8,,,unclassified,0.00,,,false,,Ghidra 12.1.3 auto-analysis candidate; boundary unreviewed,,
0x004588C5,6,0x004588CA,thunk_FUN_004588b8,,,unclassified,0.00,,,true,,Ghidra 12.1.3 auto-analysis candidate; boundary unreviewed,,
0x00458956,13,0x00458962,FUN_00458956,,,unclassified,0.00,,,false,,Ghidra 12.1.3 auto-analysis candidate; boundary unreviewed,,
0x00458963,6,0x00458968,thunk_FUN_00458956,,,unclassified,0.00,,,true,,Ghidra 12.1.3 auto-analysis candidate; boundary unreviewed,,
0x004589DC,17,0x004589EC,FUN_004589dc,,,unclassified,0.00,,,false,,Ghidra 12.1.3 auto-analysis candidate; boundary unreviewed,,
0x004589ED,6,0x004589F2,thunk_FUN_004589dc,,,unclassified,0.00,,,true,,Ghidra 12.1.3 auto-analysis candidate; boundary unreviewed,,
0x00458B38,209,0x00458C08,FUN_00458b38,,,unclassified,0.00,,,false,,Ghidra 12.1.3 auto-analysis candidate; boundary unreviewed,,
0x00458C09,42,0x00458C32,FUN_00458c09,,,unclassified,0.00,,,false,,Ghidra 12.1.3 auto-analysis candidate; boundary unreviewed,,
0x00458C33,243,0x00458D25,FUN_00458c33,,,unclassified,0.00,,,false,,Ghidra 12.1.3 auto-analysis candidate; boundary unreviewed,,
0x00458D26,47,0x00458D54,FUN_00458d26,,,unclassified,0.00,,,false,,Ghidra 12.1.3 auto-analysis candidate; boundary unreviewed,,
0x00458D55,119,0x00458DCB,FUN_00458d55,,,unclassified,0.00,,,false,,Ghidra 12.1.3 auto-analysis candidate; boundary unreviewed,,
0x00458F4F,13,0x00458F5B,FUN_00458f4f,,,unclassified,0.00,,,false,,Ghidra 12.1.3 auto-analysis candidate; boundary unreviewed,,
0x00458F5C,6,0x00458F61,thunk_FUN_00458f4f,,,unclassified,0.00,,,true,,Ghidra 12.1.3 auto-analysis candidate; boundary unreviewed,,
0x00459198,13,0x004591A4,FUN_00459198,,,unclassified,0.00,,,false,,Ghidra 12.1.3 auto-analysis candidate; boundary unreviewed,,
0x004591A5,6,0x004591AA,thunk_FUN_00459198,,,unclassified,0.00,,,true,,Ghidra 12.1.3 auto-analysis candidate; boundary unreviewed,,
0x0045945B,13,0x00459467,FUN_0045945b,,,unclassified,0.00,,,false,,Ghidra 12.1.3 auto-analysis candidate; boundary unreviewed,,
0x00459468,6,0x0045946D,thunk_FUN_0045945b,,,unclassified,0.00,,,true,,Ghidra 12.1.3 auto-analysis candidate; boundary unreviewed,,
0x004597FB,46,0x00459828,FUN_004597fb,,,unclassified,0.00,,,false,,Ghidra 12.1.3 auto-analysis candidate; boundary unreviewed,,
0x00459885,46,0x004598B2,FUN_00459885,,,unclassified,0.00,,,false,,Ghidra 12.1.3 auto-analysis candidate; boundary unreviewed,,
0x0045990F,28,0x0045992A,FUN_0045990f,,,unclassified,0.00,,,false,,Ghidra 12.1.3 auto-analysis candidate; boundary unreviewed,,
0x0045992B,6,0x00459930,thunk_FUN_0045990f,,,unclassified,0.00,,,true,,Ghidra 12.1.3 auto-analysis candidate; boundary unreviewed,,
0x004599AB,28,0x004599C6,FUN_004599ab,,,unclassified,0.00,,,false,,Ghidra 12.1.3 auto-analysis candidate; boundary unreviewed,,
0x004599C7,6,0x004599CC,thunk_FUN_004599ab,,,unclassified,0.00,,,true,,Ghidra 12.1.3 auto-analysis candidate; boundary unreviewed,,
0x00459A48,28,0x00459A63,FUN_00459a48,,,unclassified,0.00,,,false,,Ghidra 12.1.3 auto-analysis candidate; boundary unreviewed,,
0x00459A64,6,0x00459A69,thunk_FUN_00459a48,,,unclassified,0.00,,,true,,Ghidra 12.1.3 auto-analysis candidate; boundary unreviewed,,
0x00459AE6,32,0x00459B05,FUN_00459ae6,,,unclassified,0.00,,,false,,Ghidra 12.1.3 auto-analysis candidate; boundary unreviewed,,
0x00459B06,258,0x00459C07,FUN_00459b06,,,unclassified,0.00,,,false,,Ghidra 12.1.3 auto-analysis candidate; boundary unreviewed,,
0x00459C08,13,0x00459C14,FUN_00459c08,,,unclassified,0.00,,,false,,Ghidra 12.1.3 auto-analysis candidate; boundary unreviewed,,
0x00459C15,6,0x00459C1A,thunk_FUN_00459c08,,,unclassified,0.00,,,true,,Ghidra 12.1.3 auto-analysis candidate; boundary unreviewed,,
0x00459CFD,46,0x00459D2A,FUN_00459cfd,,,unclassified,0.00,,,false,,Ghidra 12.1.3 auto-analysis candidate; boundary unreviewed,,
0x00459D2B,17,0x00459D3B,FUN_00459d2b,,,unclassified,0.00,,,false,,Ghidra 12.1.3 auto-analysis candidate; boundary unreviewed,,
0x00459D3C,39,0x00459D62,FUN_00459d3c,,,unclassified,0.00,,,false,,Ghidra 12.1.3 auto-analysis candidate; boundary unreviewed,,
0x00459D63,230,0x00459E48,FUN_00459d63,,,unclassified,0.00,,,false,,Ghidra 12.1.3 auto-analysis candidate; boundary unreviewed,,
0x00459E49,328,0x00459F90,FUN_00459e49,,,unclassified,0.00,,,false,,Ghidra 12.1.3 auto-analysis candidate; boundary unreviewed,,
0x00459F91,148,0x0045A024,FUN_00459f91,,,unclassified,0.00,,,false,,Ghidra 12.1.3 auto-analysis candidate; boundary unreviewed,,
0x0045A22A,32,0x0045A249,FUN_0045a22a,,,unclassified,0.00,,,false,,Ghidra 12.1.3 auto-analysis candidate; boundary unreviewed,,
0x0045A24A,92,0x0045A2A5,FUN_0045a24a,,,unclassified,0.00,,,false,,Ghidra 12.1.3 auto-analysis candidate; boundary unreviewed,,
0x0045A2A6,46,0x0045A2D3,FUN_0045a2a6,,,unclassified,0.00,,,false,,Ghidra 12.1.3 auto-analysis candidate; boundary unreviewed,,
0x0045A2D4,6,0x0045A2D9,thunk_FUN_0045a2a6,,,unclassified,0.00,,,true,,Ghidra 12.1.3 auto-analysis candidate; boundary unreviewed,,
0x0045A3B3,13,0x0045A3BF,FUN_0045a3b3,,,unclassified,0.00,,,false,,Ghidra 12.1.3 auto-analysis candidate; boundary unreviewed,,
0x0045A3C0,6,0x0045A3C5,thunk_FUN_0045a3b3,,,unclassified,0.00,,,true,,Ghidra 12.1.3 auto-analysis candidate; boundary unreviewed,,
0x0045A469,13,0x0045A475,FUN_0045a469,,,unclassified,0.00,,,false,,Ghidra 12.1.3 auto-analysis candidate; boundary unreviewed,,
0x0045A476,6,0x0045A47B,thunk_FUN_0045a469,,,unclassified,0.00,,,true,,Ghidra 12.1.3 auto-analysis candidate; boundary unreviewed,,
0x0045A530,6,0x0045A535,FUN_0045a530,,,unclassified,0.00,,,false,,Ghidra 12.1.3 auto-analysis candidate; boundary unreviewed,,
0x0045A5B4,6,0x0045A5B9,FUN_0045a5b4,,,unclassified,0.00,,,false,,Ghidra 12.1.3 auto-analysis candidate; boundary unreviewed,,
0x0045A655,36,0x0045A678,FUN_0045a655,,,unclassified,0.00,,,false,,Ghidra 12.1.3 auto-analysis candidate; boundary unreviewed,,
0x0045A679,6,0x0045A67E,thunk_FUN_0045a655,,,unclassified,0.00,,,true,,Ghidra 12.1.3 auto-analysis candidate; boundary unreviewed,,
0x0045A762,42,0x0045A78B,FUN_0045a762,,,unclassified,0.00,,,false,,Ghidra 12.1.3 auto-analysis candidate; boundary unreviewed,,
0x0045A78C,87,0x0045A7E2,FUN_0045a78c,,,unclassified,0.00,,,false,,Ghidra 12.1.3 auto-analysis candidate; boundary unreviewed,,
0x0045A7E3,17,0x0045A7F3,FUN_0045a7e3,,,unclassified,0.00,,,false,,Ghidra 12.1.3 auto-analysis candidate; boundary unreviewed,,
0x0045A823,139,0x0045A8AD,FUN_0045a823,,,unclassified,0.00,,,false,,Ghidra 12.1.3 auto-analysis candidate; boundary unreviewed,,
0x0045A8AE,13,0x0045A8BA,FUN_0045a8ae,,,unclassified,0.00,,,false,,Ghidra 12.1.3 auto-analysis candidate; boundary unreviewed,,
0x0045A8BB,6,0x0045A8C0,thunk_FUN_0045a8ae,,,unclassified,0.00,,,true,,Ghidra 12.1.3 auto-analysis candidate; boundary unreviewed,,
0x0045ABB4,141,0x0045AC40,FUN_0045abb4,,,unclassified,0.00,,,false,,Ghidra 12.1.3 auto-analysis candidate; boundary unreviewed,,
0x0045AC41,107,0x0045ACAB,FUN_0045ac41,,,unclassified,0.00,,,false,,Ghidra 12.1.3 auto-analysis candidate; boundary unreviewed,,
0x0045ACAC,128,0x0045AD2B,FUN_0045acac,,,unclassified,0.00,,,false,,Ghidra 12.1.3 auto-analysis candidate; boundary unreviewed,,
0x0045AD2C,60,0x0045AD67,FUN_0045ad2c,,,unclassified,0.00,,,false,,Ghidra 12.1.3 auto-analysis candidate; boundary unreviewed,,
0x0045AD68,160,0x0045AE07,FUN_0045ad68,,,unclassified,0.00,,,false,,Ghidra 12.1.3 auto-analysis candidate; boundary unreviewed,,
0x0045AE08,191,0x0045AEC6,FUN_0045ae08,,,unclassified,0.00,,,false,,Ghidra 12.1.3 auto-analysis candidate; boundary unreviewed,,
0x0045AEC7,365,0x0045B033,FUN_0045aec7,,,unclassified,0.00,,,false,,Ghidra 12.1.3 auto-analysis candidate; boundary unreviewed,,
0x0045B054,390,0x0045B1D9,FUN_0045b054,,,unclassified,0.00,,,false,,Ghidra 12.1.3 auto-analysis candidate; boundary unreviewed,,
0x0045B1FA,185,0x0045B2B2,FUN_0045b1fa,,,unclassified,0.00,,,false,,Ghidra 12.1.3 auto-analysis candidate; boundary unreviewed,,
0x0045B2B3,57,0x0045B2EB,FUN_0045b2b3,,,unclassified,0.00,,,false,,Ghidra 12.1.3 auto-analysis candidate; boundary unreviewed,,
0x0045B2EC,692,0x0045B59F,FUN_0045b2ec,,,unclassified,0.00,,,false,,Ghidra 12.1.3 auto-analysis candidate; boundary unreviewed,,
0x0045B5A0,218,0x0045B679,FUN_0045b5a0,,,unclassified,0.00,,,false,,Ghidra 12.1.3 auto-analysis candidate; boundary unreviewed,,
0x0045B67A,191,0x0045B738,FUN_0045b67a,,,unclassified,0.00,,,false,,Ghidra 12.1.3 auto-analysis candidate; boundary unreviewed,,
0x0045BB13,36,0x0045BB36,FUN_0045bb13,,,unclassified,0.00,,,false,,Ghidra 12.1.3 auto-analysis candidate; boundary unreviewed,,
0x0045BB37,117,0x0045BBAB,FUN_0045bb37,,,unclassified,0.00,,,false,,Ghidra 12.1.3 auto-analysis candidate; boundary unreviewed,,
0x0045BBAC,226,0x0045BC8D,FUN_0045bbac,,,unclassified,0.00,,,false,,Ghidra 12.1.3 auto-analysis candidate; boundary unreviewed,,
0x0045BC8E,49,0x0045BCBE,FUN_0045bc8e,,,unclassified,0.00,,,false,,Ghidra 12.1.3 auto-analysis candidate; boundary unreviewed,,
0x0045BCBF,223,0x0045BD9D,FUN_0045bcbf,,,unclassified,0.00,,,false,,Ghidra 12.1.3 auto-analysis candidate; boundary unreviewed,,
0x0045BDA1,211,0x0045BE73,FUN_0045bda1,,,unclassified,0.00,,,false,,Ghidra 12.1.3 auto-analysis candidate; boundary unreviewed,,
0x0045BE74,810,0x0045C19D,FUN_0045be74,,,unclassified,0.00,,,false,,Ghidra 12.1.3 auto-analysis candidate; boundary unreviewed,,
0x0045C19E,40,0x0045C1C5,FUN_0045c19e,,,unclassified,0.00,,,false,,Ghidra 12.1.3 auto-analysis candidate; boundary unreviewed,,
0x0045C1C6,102,0x0045C22B,FUN_0045c1c6,,,unclassified,0.00,,,false,,Ghidra 12.1.3 auto-analysis candidate; boundary unreviewed,,
0x0045C22C,184,0x0045C2E3,FUN_0045c22c,,,unclassified,0.00,,,false,,Ghidra 12.1.3 auto-analysis candidate; boundary unreviewed,,
0x0045C2E4,422,0x0045C489,FUN_0045c2e4,,,unclassified,0.00,,,false,,Ghidra 12.1.3 auto-analysis candidate; boundary unreviewed,,
0x0045C48A,134,0x0045C50F,FUN_0045c48a,,,unclassified,0.00,,,false,,Ghidra 12.1.3 auto-analysis candidate; boundary unreviewed,,
0x0045C510,740,0x0045C7F3,FUN_0045c510,,,unclassified,0.00,,,false,,Ghidra 12.1.3 auto-analysis candidate; boundary unreviewed,,
0x0045C7F4,1651,0x0045CE66,FUN_0045c7f4,,,unclassified,0.00,,,false,,Ghidra 12.1.3 auto-analysis candidate; boundary unreviewed,,
0x0045CE67,64,0x0045CEA6,FUN_0045ce67,,,unclassified,0.00,,,false,,Ghidra 12.1.3 auto-analysis candidate; boundary unreviewed,,
0x0045CEA7,92,0x0045CF02,FUN_0045cea7,,,unclassified,0.00,,,false,,Ghidra 12.1.3 auto-analysis candidate; boundary unreviewed,,
0x0045CF03,37,0x0045CF27,FUN_0045cf03,,,unclassified,0.00,,,false,,Ghidra 12.1.3 auto-analysis candidate; boundary unreviewed,,
0x0045CF28,153,0x0045CFC0,FUN_0045cf28,,,unclassified,0.00,,,false,,Ghidra 12.1.3 auto-analysis candidate; boundary unreviewed,,
0x0045CFC1,56,0x0045CFF8,FUN_0045cfc1,,,unclassified,0.00,,,false,,Ghidra 12.1.3 auto-analysis candidate; boundary unreviewed,,
0x0045CFF9,58,0x0045D032,FUN_0045cff9,,,unclassified,0.00,,,false,,Ghidra 12.1.3 auto-analysis candidate; boundary unreviewed,,
0x0045D033,12,0x0045D03E,Catch@0045d033,,,unclassified,0.00,,,false,,Ghidra 12.1.3 auto-analysis candidate; boundary unreviewed,,
0x0045D03F,95,0x0045D09D,FUN_0045d03f,,,unclassified,0.00,,,false,,Ghidra 12.1.3 auto-analysis candidate; boundary unreviewed,,
0x0045D09E,180,0x0045D151,FUN_0045d09e,,,unclassified,0.00,,,false,,Ghidra 12.1.3 auto-analysis candidate; boundary unreviewed,,
0x0045D152,221,0x0045D22E,FUN_0045d152,,,unclassified,0.00,,,false,,Ghidra 12.1.3 auto-analysis candidate; boundary unreviewed,,
0x0045D22F,144,0x0045D2BE,FUN_0045d22f,,,unclassified,0.00,,,false,,Ghidra 12.1.3 auto-analysis candidate; boundary unreviewed,,
0x0045D2BF,25,0x0045D2D7,FUN_0045d2bf,,,unclassified,0.00,,,false,,Ghidra 12.1.3 auto-analysis candidate; boundary unreviewed,,
0x0045D2D8,89,0x0045D330,FUN_0045d2d8,,,unclassified,0.00,,,false,,Ghidra 12.1.3 auto-analysis candidate; boundary unreviewed,,
0x0045D331,28,0x0045D34C,FUN_0045d331,,,unclassified,0.00,,,false,,Ghidra 12.1.3 auto-analysis candidate; boundary unreviewed,,
0x0045D34D,1814,0x0045DA62,FUN_0045d34d,,,unclassified,0.00,,,false,,Ghidra 12.1.3 auto-analysis candidate; boundary unreviewed,,
0x0045DA63,27,0x0045DA7D,FUN_0045da63,,,unclassified,0.00,,,false,,Ghidra 12.1.3 auto-analysis candidate; boundary unreviewed,,
0x0045DAA5,624,0x0045DD14,FUN_0045daa5,,,unclassified,0.00,,,false,,Ghidra 12.1.3 auto-analysis candidate; boundary unreviewed,,
0x0045DD15,1191,0x0045E1BB,FUN_0045dd15,,,unclassified,0.00,,,false,,Ghidra 12.1.3 auto-analysis candidate; boundary unreviewed,,
0x0045E1BC,646,0x0045E441,FUN_0045e1bc,,,unclassified,0.00,,,false,,Ghidra 12.1.3 auto-analysis candidate; boundary unreviewed,,
0x0045E491,1430,0x0045EA26,FUN_0045e491,,,unclassified,0.00,,,false,,Ghidra 12.1.3 auto-analysis candidate; boundary unreviewed,,
0x0045EA27,833,0x0045ED67,FUN_0045ea27,,,unclassified,0.00,,,false,,Ghidra 12.1.3 auto-analysis candidate; boundary unreviewed,,
0x0045ED68,48,0x0045ED97,FUN_0045ed68,,,unclassified,0.00,,,false,,Ghidra 12.1.3 auto-analysis candidate; boundary unreviewed,,
0x0045ED98,469,0x0045EF6C,FUN_0045ed98,,,unclassified,0.00,,,false,,Ghidra 12.1.3 auto-analysis candidate; boundary unreviewed,,
0x0045EF6D,10,0x0045EF76,FUN_0045ef6d,,,unclassified,0.00,,,false,,Ghidra 12.1.3 auto-analysis candidate; boundary unreviewed,,
0x0045EF77,30,0x0045EF94,FUN_0045ef77,,,unclassified,0.00,,,false,,Ghidra 12.1.3 auto-analysis candidate; boundary unreviewed,,
0x0045EFAB,701,0x0045F267,FUN_0045efab,,,unclassified,0.00,,,false,,Ghidra 12.1.3 auto-analysis candidate; boundary unreviewed,,
0x0045F268,76,0x0045F2B3,FUN_0045f268,,,unclassified,0.00,,,false,,Ghidra 12.1.3 auto-analysis candidate; boundary unreviewed,,
0x0045F2B4,1140,0x0045F727,FUN_0045f2b4,,,unclassified,0.00,,,false,,Ghidra 12.1.3 auto-analysis candidate; boundary unreviewed,,
0x0045F728,398,0x0045F8B5,FUN_0045f728,,,unclassified,0.00,,,false,,Ghidra 12.1.3 auto-analysis candidate; boundary unreviewed,,
0x0045F8B6,294,0x0045F9DB,FUN_0045f8b6,,,unclassified,0.00,,,false,,Ghidra 12.1.3 auto-analysis candidate; boundary unreviewed,,
0x0045F9DC,49,0x0045FA0C,FUN_0045f9dc,,,unclassified,0.00,,,false,,Ghidra 12.1.3 auto-analysis candidate; boundary unreviewed,,
0x0045FA0D,232,0x0045FAF4,FUN_0045fa0d,,,unclassified,0.00,,,false,,Ghidra 12.1.3 auto-analysis candidate; boundary unreviewed,,
0x0045FAF5,278,0x0045FC0A,FUN_0045faf5,,,unclassified,0.00,,,false,,Ghidra 12.1.3 auto-analysis candidate; boundary unreviewed,,
0x0045FC0B,56,0x0045FC42,FUN_0045fc0b,,,unclassified,0.00,,,false,,Ghidra 12.1.3 auto-analysis candidate; boundary unreviewed,,
0x0045FC43,47,0x0045FC71,FUN_0045fc43,,,unclassified,0.00,,,false,,Ghidra 12.1.3 auto-analysis candidate; boundary unreviewed,,
0x0045FC72,49,0x0045FCA2,FUN_0045fc72,,,unclassified,0.00,,,false,,Ghidra 12.1.3 auto-analysis candidate; boundary unreviewed,,
0x0045FCA3,336,0x0045FDF2,FUN_0045fca3,,,unclassified,0.00,,,false,,Ghidra 12.1.3 auto-analysis candidate; boundary unreviewed,,
0x0045FDF3,292,0x0045FF16,FUN_0045fdf3,,,unclassified,0.00,,,false,,Ghidra 12.1.3 auto-analysis candidate; boundary unreviewed,,
0x0045FF17,335,0x00460065,FUN_0045ff17,,,unclassified,0.00,,,false,,Ghidra 12.1.3 auto-analysis candidate; boundary unreviewed,,
0x00460066,339,0x004601B8,FUN_00460066,,,unclassified,0.00,,,false,,Ghidra 12.1.3 auto-analysis candidate; boundary unreviewed,,
0x004601B9,319,0x004602F7,FUN_004601b9,,,unclassified,0.00,,,false,,Ghidra 12.1.3 auto-analysis candidate; boundary unreviewed,,
0x004602F8,155,0x00460392,FUN_004602f8,,,unclassified,0.00,,,false,,Ghidra 12.1.3 auto-analysis candidate; boundary unreviewed,,
0x00460393,332,0x004604DE,FUN_00460393,,,unclassified,0.00,,,false,,Ghidra 12.1.3 auto-analysis candidate; boundary unreviewed,,
0x004604DF,289,0x004605FF,FUN_004604df,,,unclassified,0.00,,,false,,Ghidra 12.1.3 auto-analysis candidate; boundary unreviewed,,
0x00460600,332,0x0046074B,FUN_00460600,,,unclassified,0.00,,,false,,Ghidra 12.1.3 auto-analysis candidate; boundary unreviewed,,
0x0046074C,319,0x0046088A,FUN_0046074c,,,unclassified,0.00,,,false,,Ghidra 12.1.3 auto-analysis candidate; boundary unreviewed,,
0x0046088B,312,0x004609C2,FUN_0046088b,,,unclassified,0.00,,,false,,Ghidra 12.1.3 auto-analysis candidate; boundary unreviewed,,
0x004609C3,241,0x00460AB3,FUN_004609c3,,,unclassified,0.00,,,false,,Ghidra 12.1.3 auto-analysis candidate; boundary unreviewed,,
0x00460AB4,514,0x00460CB5,FUN_00460ab4,,,unclassified,0.00,,,false,,Ghidra 12.1.3 auto-analysis candidate; boundary unreviewed,,
0x00460CB6,516,0x00460EB9,FUN_00460cb6,,,unclassified,0.00,,,false,,Ghidra 12.1.3 auto-analysis candidate; boundary unreviewed,,
0x00460EBA,1027,0x004612BC,FUN_00460eba,,,unclassified,0.00,,,false,,Ghidra 12.1.3 auto-analysis candidate; boundary unreviewed,,
0x004612DD,1170,0x0046176E,FUN_004612dd,,,unclassified,0.00,,,false,,Ghidra 12.1.3 auto-analysis candidate; boundary unreviewed,,
0x0046176F,256,0x0046186E,FUN_0046176f,,,unclassified,0.00,,,false,,Ghidra 12.1.3 auto-analysis candidate; boundary unreviewed,,
0x0046186F,998,0x00461C54,FUN_0046186f,,,unclassified,0.00,,,false,,Ghidra 12.1.3 auto-analysis candidate; boundary unreviewed,,
0x00461C55,1841,0x00462385,FUN_00461c55,,,unclassified,0.00,,,false,,Ghidra 12.1.3 auto-analysis candidate; boundary unreviewed,,
0x00462386,930,0x00462727,FUN_00462386,,,unclassified,0.00,,,false,,Ghidra 12.1.3 auto-analysis candidate; boundary unreviewed,,
0x00462728,282,0x00462841,FUN_00462728,,,unclassified,0.00,,,false,,Ghidra 12.1.3 auto-analysis candidate; boundary unreviewed,,
0x00462842,16,0x00462851,FUN_00462842,,,unclassified,0.00,,,false,,Ghidra 12.1.3 auto-analysis candidate; boundary unreviewed,,
0x00462852,105,0x004628BA,FUN_00462852,,,unclassified,0.00,,,false,,Ghidra 12.1.3 auto-analysis candidate; boundary unreviewed,,
0x004628BB,6,0x004628C0,FUN_004628bb,,,unclassified,0.00,,,false,,Ghidra 12.1.3 auto-analysis candidate; boundary unreviewed,,
0x004628C1,22,0x004628D6,FUN_004628c1,,,unclassified,0.00,,,false,,Ghidra 12.1.3 auto-analysis candidate; boundary unreviewed,,
0x004628D7,5,0x004628DB,thunk_FUN_00462852,,,unclassified,0.00,,,true,,Ghidra 12.1.3 auto-analysis candidate; boundary unreviewed,,
0x004628DC,1043,0x00462CEE,FUN_004628dc,,,unclassified,0.00,,,false,,Ghidra 12.1.3 auto-analysis candidate; boundary unreviewed,,
0x00462CEF,5,0x00462CF3,thunk_FUN_004628c1,,,unclassified,0.00,,,true,,Ghidra 12.1.3 auto-analysis candidate; boundary unreviewed,,
0x00462CF4,859,0x0046304E,FUN_00462cf4,,,unclassified,0.00,,,false,,Ghidra 12.1.3 auto-analysis candidate; boundary unreviewed,,
0x0046304F,19,0x00463061,FUN_0046304f,,,unclassified,0.00,,,false,,Ghidra 12.1.3 auto-analysis candidate; boundary unreviewed,,
0x00463065,759,0x0046335B,FUN_00463065,,,unclassified,0.00,,,false,,Ghidra 12.1.3 auto-analysis candidate; boundary unreviewed,,
0x0046335C,160,0x004633FB,FUN_0046335c,,,unclassified,0.00,,,false,,Ghidra 12.1.3 auto-analysis candidate; boundary unreviewed,,
0x004633FC,1018,0x004637F5,FUN_004633fc,,,unclassified,0.00,,,false,,Ghidra 12.1.3 auto-analysis candidate; boundary unreviewed,,
0x004637F6,35,0x00463818,FUN_004637f6,,,unclassified,0.00,,,false,,Ghidra 12.1.3 auto-analysis candidate; boundary unreviewed,,
0x00463819,588,0x00463A64,FUN_00463819,,,unclassified,0.00,,,false,,Ghidra 12.1.3 auto-analysis candidate; boundary unreviewed,,
0x00463A65,28,0x00463A80,FUN_00463a65,,,unclassified,0.00,,,false,,Ghidra 12.1.3 auto-analysis candidate; boundary unreviewed,,
0x00463A81,123,0x00463AFB,FUN_00463a81,,,unclassified,0.00,,,false,,Ghidra 12.1.3 auto-analysis candidate; boundary unreviewed,,
0x00463AFC,204,0x00463BC7,FUN_00463afc,,,unclassified,0.00,,,false,,Ghidra 12.1.3 auto-analysis candidate; boundary unreviewed,,
0x00463BC8,112,0x00463C37,FUN_00463bc8,,,unclassified,0.00,,,false,,Ghidra 12.1.3 auto-analysis candidate; boundary unreviewed,,
0x00463C38,236,0x00463D23,FUN_00463c38,,,unclassified,0.00,,,false,,Ghidra 12.1.3 auto-analysis candidate; boundary unreviewed,,
0x00463D24,291,0x00463E46,FUN_00463d24,,,unclassified,0.00,,,false,,Ghidra 12.1.3 auto-analysis candidate; boundary unreviewed,,
0x00463E47,257,0x00463F47,FUN_00463e47,,,unclassified,0.00,,,false,,Ghidra 12.1.3 auto-analysis candidate; boundary unreviewed,,
0x00463F48,257,0x00464048,FUN_00463f48,,,unclassified,0.00,,,false,,Ghidra 12.1.3 auto-analysis candidate; boundary unreviewed,,
0x00464049,257,0x00464149,FUN_00464049,,,unclassified,0.00,,,false,,Ghidra 12.1.3 auto-analysis candidate; boundary unreviewed,,
0x0046414A,285,0x00464266,FUN_0046414a,,,unclassified,0.00,,,false,,Ghidra 12.1.3 auto-analysis candidate; boundary unreviewed,,
0x00464267,291,0x00464389,FUN_00464267,,,unclassified,0.00,,,false,,Ghidra 12.1.3 auto-analysis candidate; boundary unreviewed,,
0x0046438A,254,0x00464487,FUN_0046438a,,,unclassified,0.00,,,false,,Ghidra 12.1.3 auto-analysis candidate; boundary unreviewed,,
0x00464488,169,0x00464530,FUN_00464488,,,unclassified,0.00,,,false,,Ghidra 12.1.3 auto-analysis candidate; boundary unreviewed,,
0x00464531,291,0x00464653,FUN_00464531,,,unclassified,0.00,,,false,,Ghidra 12.1.3 auto-analysis candidate; boundary unreviewed,,
0x00464654,257,0x00464754,FUN_00464654,,,unclassified,0.00,,,false,,Ghidra 12.1.3 auto-analysis candidate; boundary unreviewed,,
0x00464755,291,0x00464877,FUN_00464755,,,unclassified,0.00,,,false,,Ghidra 12.1.3 auto-analysis candidate; boundary unreviewed,,
0x00464878,208,0x00464947,FUN_00464878,,,unclassified,0.00,,,false,,Ghidra 12.1.3 auto-analysis candidate; boundary unreviewed,,
0x00464948,280,0x00464A5F,FUN_00464948,,,unclassified,0.00,,,false,,Ghidra 12.1.3 auto-analysis candidate; boundary unreviewed,,
0x00464A60,197,0x00464B24,FUN_00464a60,,,unclassified,0.00,,,false,,Ghidra 12.1.3 auto-analysis candidate; boundary unreviewed,,
0x00464B25,197,0x00464BE9,FUN_00464b25,,,unclassified,0.00,,,false,,Ghidra 12.1.3 auto-analysis candidate; boundary unreviewed,,
0x00464BEA,246,0x00464CDF,FUN_00464bea,,,unclassified,0.00,,,false,,Ghidra 12.1.3 auto-analysis candidate; boundary unreviewed,,
0x00464CE0,235,0x00464DCA,FUN_00464ce0,,,unclassified,0.00,,,false,,Ghidra 12.1.3 auto-analysis candidate; boundary unreviewed,,
0x00464DCB,213,0x00464E9F,FUN_00464dcb,,,unclassified,0.00,,,false,,Ghidra 12.1.3 auto-analysis candidate; boundary unreviewed,,
0x00464EA0,261,0x00464FA4,FUN_00464ea0,,,unclassified,0.00,,,false,,Ghidra 12.1.3 auto-analysis candidate; boundary unreviewed,,
0x00464FA5,267,0x004650AF,FUN_00464fa5,,,unclassified,0.00,,,false,,Ghidra 12.1.3 auto-analysis candidate; boundary unreviewed,,
0x004650B0,314,0x004651E9,FUN_004650b0,,,unclassified,0.00,,,false,,Ghidra 12.1.3 auto-analysis candidate; boundary unreviewed,,
0x004651EA,214,0x004652BF,FUN_004651ea,,,unclassified,0.00,,,false,,Ghidra 12.1.3 auto-analysis candidate; boundary unreviewed,,
0x004652C0,266,0x004653C9,FUN_004652c0,,,unclassified,0.00,,,false,,Ghidra 12.1.3 auto-analysis candidate; boundary unreviewed,,
0x004653CA,310,0x004654FF,FUN_004653ca,,,unclassified,0.00,,,false,,Ghidra 12.1.3 auto-analysis candidate; boundary unreviewed,,
0x00465500,199,0x004655C6,FUN_00465500,,,unclassified,0.00,,,false,,Ghidra 12.1.3 auto-analysis candidate; boundary unreviewed,,
0x004655C7,238,0x004656B4,FUN_004655c7,,,unclassified,0.00,,,false,,Ghidra 12.1.3 auto-analysis candidate; boundary unreviewed,,
0x004656B5,239,0x004657A3,FUN_004656b5,,,unclassified,0.00,,,false,,Ghidra 12.1.3 auto-analysis candidate; boundary unreviewed,,
0x004657A4,348,0x004658FF,FUN_004657a4,,,unclassified,0.00,,,false,,Ghidra 12.1.3 auto-analysis candidate; boundary unreviewed,,
0x00465900,140,0x0046598B,FUN_00465900,,,unclassified,0.00,,,false,,Ghidra 12.1.3 auto-analysis candidate; boundary unreviewed,,
0x0046598C,166,0x00465A31,FUN_0046598c,,,unclassified,0.00,,,false,,Ghidra 12.1.3 auto-analysis candidate; boundary unreviewed,,
0x00465A32,156,0x00465ACD,FUN_00465a32,,,unclassified,0.00,,,false,,Ghidra 12.1.3 auto-analysis candidate; boundary unreviewed,,
0x00465ACE,165,0x00465B72,FUN_00465ace,,,unclassified,0.00,,,false,,Ghidra 12.1.3 auto-analysis candidate; boundary unreviewed,,
0x00465B73,162,0x00465C14,FUN_00465b73,,,unclassified,0.00,,,false,,Ghidra 12.1.3 auto-analysis candidate; boundary unreviewed,,
0x00465C15,176,0x00465CC4,FUN_00465c15,,,unclassified,0.00,,,false,,Ghidra 12.1.3 auto-analysis candidate; boundary unreviewed,,
0x00465CC5,175,0x00465D73,FUN_00465cc5,,,unclassified,0.00,,,false,,Ghidra 12.1.3 auto-analysis candidate; boundary unreviewed,,
0x00465D74,214,0x00465E49,FUN_00465d74,,,unclassified,0.00,,,false,,Ghidra 12.1.3 auto-analysis candidate; boundary unreviewed,,
0x00465E4A,146,0x00465EDB,FUN_00465e4a,,,unclassified,0.00,,,false,,Ghidra 12.1.3 auto-analysis candidate; boundary unreviewed,,
0x00465EDC,162,0x00465F7D,FUN_00465edc,,,unclassified,0.00,,,false,,Ghidra 12.1.3 auto-analysis candidate; boundary unreviewed,,
0x00465F7E,114,0x00465FEF,FUN_00465f7e,,,unclassified,0.00,,,false,,Ghidra 12.1.3 auto-analysis candidate; boundary unreviewed,,
0x00465FF0,178,0x004660A1,FUN_00465ff0,,,unclassified,0.00,,,false,,Ghidra 12.1.3 auto-analysis candidate; boundary unreviewed,,
0x004660A2,159,0x00466140,FUN_004660a2,,,unclassified,0.00,,,false,,Ghidra 12.1.3 auto-analysis candidate; boundary unreviewed,,
0x00466141,135,0x004661C7,FUN_00466141,,,unclassified,0.00,,,false,,Ghidra 12.1.3 auto-analysis candidate; boundary unreviewed,,
0x0046622C,110,0x00466299,FUN_0046622c,,,unclassified,0.00,,,false,,Ghidra 12.1.3 auto-analysis candidate; boundary unreviewed,,
0x0046629A,137,0x00466322,FUN_0046629a,,,unclassified,0.00,,,false,,Ghidra 12.1.3 auto-analysis candidate; boundary unreviewed,,
0x00466323,137,0x004663AB,FUN_00466323,,,unclassified,0.00,,,false,,Ghidra 12.1.3 auto-analysis candidate; boundary unreviewed,,
0x004663AC,130,0x0046642D,FUN_004663ac,,,unclassified,0.00,,,false,,Ghidra 12.1.3 auto-analysis candidate; boundary unreviewed,,
0x0046642E,177,0x004664DE,FUN_0046642e,,,unclassified,0.00,,,false,,Ghidra 12.1.3 auto-analysis candidate; boundary unreviewed,,
0x004664DF,145,0x0046656F,FUN_004664df,,,unclassified,0.00,,,false,,Ghidra 12.1.3 auto-analysis candidate; boundary unreviewed,,
0x00466570,151,0x00466606,FUN_00466570,,,unclassified,0.00,,,false,,Ghidra 12.1.3 auto-analysis candidate; boundary unreviewed,,
0x00466607,131,0x00466689,FUN_00466607,,,unclassified,0.00,,,false,,Ghidra 12.1.3 auto-analysis candidate; boundary unreviewed,,
0x0046668A,186,0x00466743,FUN_0046668a,,,unclassified,0.00,,,false,,Ghidra 12.1.3 auto-analysis candidate; boundary unreviewed,,
0x00466744,211,0x00466816,FUN_00466744,,,unclassified,0.00,,,false,,Ghidra 12.1.3 auto-analysis candidate; boundary unreviewed,,
0x00466817,112,0x00466886,FUN_00466817,,,unclassified,0.00,,,false,,Ghidra 12.1.3 auto-analysis candidate; boundary unreviewed,,
0x00466887,142,0x00466914,FUN_00466887,,,unclassified,0.00,,,false,,Ghidra 12.1.3 auto-analysis candidate; boundary unreviewed,,
0x00466915,140,0x004669A0,FUN_00466915,,,unclassified,0.00,,,false,,Ghidra 12.1.3 auto-analysis candidate; boundary unreviewed,,
0x004669A1,224,0x00466A80,FUN_004669a1,,,unclassified,0.00,,,false,,Ghidra 12.1.3 auto-analysis candidate; boundary unreviewed,,
0x00466A81,28,0x00466A9C,FUN_00466a81,,,unclassified,0.00,,,false,,Ghidra 12.1.3 auto-analysis candidate; boundary unreviewed,,
0x00466A9D,248,0x00466B94,FUN_00466a9d,,,unclassified,0.00,,,false,,Ghidra 12.1.3 auto-analysis candidate; boundary unreviewed,,
0x00466B95,28,0x00466BB0,FUN_00466b95,,,unclassified,0.00,,,false,,Ghidra 12.1.3 auto-analysis candidate; boundary unreviewed,,
0x00466BB1,28,0x00466BCC,FUN_00466bb1,,,unclassified,0.00,,,false,,Ghidra 12.1.3 auto-analysis candidate; boundary unreviewed,,
0x00466BCD,28,0x00466BE8,FUN_00466bcd,,,unclassified,0.00,,,false,,Ghidra 12.1.3 auto-analysis candidate; boundary unreviewed,,
0x00466BE9,492,0x00466DD4,FUN_00466be9,,,unclassified,0.00,,,false,,Ghidra 12.1.3 auto-analysis candidate; boundary unreviewed,,
0x00466DD5,5,0x00466DD9,thunk_FUN_0046304f,,,unclassified,0.00,,,true,,Ghidra 12.1.3 auto-analysis candidate; boundary unreviewed,,
0x00466DDA,28,0x00466DF5,FUN_00466dda,,,unclassified,0.00,,,false,,Ghidra 12.1.3 auto-analysis candidate; boundary unreviewed,,
0x00466DF6,28,0x00466E11,FUN_00466df6,,,unclassified,0.00,,,false,,Ghidra 12.1.3 auto-analysis candidate; boundary unreviewed,,
0x00466E12,721,0x004670E2,FUN_00466e12,,,unclassified,0.00,,,false,,Ghidra 12.1.3 auto-analysis candidate; boundary unreviewed,,
0x004670E3,28,0x004670FE,FUN_004670e3,,,unclassified,0.00,,,false,,Ghidra 12.1.3 auto-analysis candidate; boundary unreviewed,,
0x004670FF,28,0x0046711A,FUN_004670ff,,,unclassified,0.00,,,false,,Ghidra 12.1.3 auto-analysis candidate; boundary unreviewed,,
0x0046711B,28,0x00467136,FUN_0046711b,,,unclassified,0.00,,,false,,Ghidra 12.1.3 auto-analysis candidate; boundary unreviewed,,
0x00467137,28,0x00467152,FUN_00467137,,,unclassified,0.00,,,false,,Ghidra 12.1.3 auto-analysis candidate; boundary unreviewed,,
0x00467153,28,0x0046716E,FUN_00467153,,,unclassified,0.00,,,false,,Ghidra 12.1.3 auto-analysis candidate; boundary unreviewed,,
0x0046716F,141,0x004671FB,FUN_0046716f,,,unclassified,0.00,,,false,,Ghidra 12.1.3 auto-analysis candidate; boundary unreviewed,,
0x004671FC,28,0x00467217,FUN_004671fc,,,unclassified,0.00,,,false,,Ghidra 12.1.3 auto-analysis candidate; boundary unreviewed,,
0x00467287,28,0x004672A2,FUN_00467287,,,unclassified,0.00,,,false,,Ghidra 12.1.3 auto-analysis candidate; boundary unreviewed,,
0x004672A3,498,0x00467494,FUN_004672a3,,,unclassified,0.00,,,false,,Ghidra 12.1.3 auto-analysis candidate; boundary unreviewed,,
0x00467495,28,0x004674B0,FUN_00467495,,,unclassified,0.00,,,false,,Ghidra 12.1.3 auto-analysis candidate; boundary unreviewed,,
0x004674B1,28,0x004674CC,FUN_004674b1,,,unclassified,0.00,,,false,,Ghidra 12.1.3 auto-analysis candidate; boundary unreviewed,,
0x004674CD,28,0x004674E8,FUN_004674cd,,,unclassified,0.00,,,false,,Ghidra 12.1.3 auto-analysis candidate; boundary unreviewed,,
0x004674E9,28,0x00467504,FUN_004674e9,,,unclassified,0.00,,,false,,Ghidra 12.1.3 auto-analysis candidate; boundary unreviewed,,
0x00467505,28,0x00467520,FUN_00467505,,,unclassified,0.00,,,false,,Ghidra 12.1.3 auto-analysis candidate; boundary unreviewed,,
0x00467521,28,0x0046753C,FUN_00467521,,,unclassified,0.00,,,false,,Ghidra 12.1.3 auto-analysis candidate; boundary unreviewed,,
0x0046753D,257,0x0046763D,FUN_0046753d,,,unclassified,0.00,,,false,,Ghidra 12.1.3 auto-analysis candidate; boundary unreviewed,,
0x0046763E,28,0x00467659,FUN_0046763e,,,unclassified,0.00,,,false,,Ghidra 12.1.3 auto-analysis candidate; boundary unreviewed,,
0x0046765A,28,0x00467675,FUN_0046765a,,,unclassified,0.00,,,false,,Ghidra 12.1.3 auto-analysis candidate; boundary unreviewed,,
0x00467676,28,0x00467691,FUN_00467676,,,unclassified,0.00,,,false,,Ghidra 12.1.3 auto-analysis candidate; boundary unreviewed,,
0x00467692,28,0x004676AD,FUN_00467692,,,unclassified,0.00,,,false,,Ghidra 12.1.3 auto-analysis candidate; boundary unreviewed,,
0x004676AE,28,0x004676C9,FUN_004676ae,,,unclassified,0.00,,,false,,Ghidra 12.1.3 auto-analysis candidate; boundary unreviewed,,
0x004676CA,28,0x004676E5,FUN_004676ca,,,unclassified,0.00,,,false,,Ghidra 12.1.3 auto-analysis candidate; boundary unreviewed,,
0x004676E6,28,0x00467701,FUN_004676e6,,,unclassified,0.00,,,false,,Ghidra 12.1.3 auto-analysis candidate; boundary unreviewed,,
0x00467702,28,0x0046771D,FUN_00467702,,,unclassified,0.00,,,false,,Ghidra 12.1.3 auto-analysis candidate; boundary unreviewed,,
0x0046771E,28,0x00467739,FUN_0046771e,,,unclassified,0.00,,,false,,Ghidra 12.1.3 auto-analysis candidate; boundary unreviewed,,
0x0046773A,681,0x004679E2,FUN_0046773a,,,unclassified,0.00,,,false,,Ghidra 12.1.3 auto-analysis candidate; boundary unreviewed,,
0x004679E3,28,0x004679FE,FUN_004679e3,,,unclassified,0.00,,,false,,Ghidra 12.1.3 auto-analysis candidate; boundary unreviewed,,
0x004679FF,28,0x00467A1A,FUN_004679ff,,,unclassified,0.00,,,false,,Ghidra 12.1.3 auto-analysis candidate; boundary unreviewed,,
0x00467A1B,28,0x00467A36,FUN_00467a1b,,,unclassified,0.00,,,false,,Ghidra 12.1.3 auto-analysis candidate; boundary unreviewed,,
0x00467A37,5,0x00467A3B,thunk_FUN_0046335c,,,unclassified,0.00,,,true,,Ghidra 12.1.3 auto-analysis candidate; boundary unreviewed,,
0x00467A3C,24,0x00467A53,FUN_00467a3c,,,unclassified,0.00,,,false,,Ghidra 12.1.3 auto-analysis candidate; boundary unreviewed,,
0x00467A54,28,0x00467A6F,FUN_00467a54,,,unclassified,0.00,,,false,,Ghidra 12.1.3 auto-analysis candidate; boundary unreviewed,,
0x00467A70,73,0x00467AB8,FUN_00467a70,,,unclassified,0.00,,,false,,Ghidra 12.1.3 auto-analysis candidate; boundary unreviewed,,
0x00467AB9,24,0x00467AD0,FUN_00467ab9,,,unclassified,0.00,,,false,,Ghidra 12.1.3 auto-analysis candidate; boundary unreviewed,,
0x00467AD1,1824,0x004681F0,FUN_00467ad1,,,unclassified,0.00,,,false,,Ghidra 12.1.3 auto-analysis candidate; boundary unreviewed,,
0x00468249,28,0x00468264,FUN_00468249,,,unclassified,0.00,,,false,,Ghidra 12.1.3 auto-analysis candidate; boundary unreviewed,,
0x00468265,5,0x00468269,thunk_FUN_00467a70,,,unclassified,0.00,,,true,,Ghidra 12.1.3 auto-analysis candidate; boundary unreviewed,,
0x00468270,262,0x00468375,FUN_00468270,,,unclassified,0.00,,,false,,Ghidra 12.1.3 auto-analysis candidate; boundary unreviewed,,
0x00468380,266,0x00468489,FUN_00468380,,,unclassified,0.00,,,false,,Ghidra 12.1.3 auto-analysis candidate; boundary unreviewed,,
0x00468490,213,0x00468564,FUN_00468490,,,unclassified,0.00,,,false,,Ghidra 12.1.3 auto-analysis candidate; boundary unreviewed,,
0x00468565,550,0x0046878A,FUN_00468565,,,unclassified,0.00,,,false,,Ghidra 12.1.3 auto-analysis candidate; boundary unreviewed,,
0x004689AC,202,0x00468A75,FUN_004689ac,,,unclassified,0.00,,,false,,Ghidra 12.1.3 auto-analysis candidate; boundary unreviewed,,
0x00468A76,227,0x00468B58,FUN_00468a76,,,unclassified,0.00,,,false,,Ghidra 12.1.3 auto-analysis candidate; boundary unreviewed,,
0x00468B59,142,0x00468BE6,FUN_00468b59,,,unclassified,0.00,,,false,,Ghidra 12.1.3 auto-analysis candidate; boundary unreviewed,,
0x00468BE7,60,0x00468C22,FUN_00468be7,,,unclassified,0.00,,,false,,Ghidra 12.1.3 auto-analysis candidate; boundary unreviewed,,
0x00468C23,192,0x00468CE2,FUN_00468c23,,,unclassified,0.00,,,false,,Ghidra 12.1.3 auto-analysis candidate; boundary unreviewed,,
0x00468CE3,5,0x00468CE7,thunk_FUN_0047861c,,,unclassified,0.00,,,true,,Ghidra 12.1.3 auto-analysis candidate; boundary unreviewed,,
0x00468CE8,371,0x00468E5A,FUN_00468ce8,,,unclassified,0.00,,,false,,Ghidra 12.1.3 auto-analysis candidate; boundary unreviewed,,
0x00468E5B,154,0x00468EF4,FUN_00468e5b,,,unclassified,0.00,,,false,,Ghidra 12.1.3 auto-analysis candidate; boundary unreviewed,,
0x00468EF5,167,0x00468F9B,FUN_00468ef5,,,unclassified,0.00,,,false,,Ghidra 12.1.3 auto-analysis candidate; boundary unreviewed,,
0x00468F9C,99,0x00468FFE,FUN_00468f9c,,,unclassified,0.00,,,false,,Ghidra 12.1.3 auto-analysis candidate; boundary unreviewed,,
0x00468FFF,169,0x004690A7,FUN_00468fff,,,unclassified,0.00,,,false,,Ghidra 12.1.3 auto-analysis candidate; boundary unreviewed,,
0x004690A8,132,0x0046912B,FUN_004690a8,,,unclassified,0.00,,,false,,Ghidra 12.1.3 auto-analysis candidate; boundary unreviewed,,
0x0046912C,193,0x004691EC,FUN_0046912c,,,unclassified,0.00,,,false,,Ghidra 12.1.3 auto-analysis candidate; boundary unreviewed,,
0x004691ED,142,0x0046927A,FUN_004691ed,,,unclassified,0.00,,,false,,Ghidra 12.1.3 auto-analysis candidate; boundary unreviewed,,
0x0046927B,763,0x00469575,FUN_0046927b,,,unclassified,0.00,,,false,,Ghidra 12.1.3 auto-analysis candidate; boundary unreviewed,,
0x00469576,690,0x00469827,FUN_00469576,,,unclassified,0.00,,,false,,Ghidra 12.1.3 auto-analysis candidate; boundary unreviewed,,
0x00469828,572,0x00469A63,FUN_00469828,,,unclassified,0.00,,,false,,Ghidra 12.1.3 auto-analysis candidate; boundary unreviewed,,
0x00469A64,378,0x00469BDD,FUN_00469a64,,,unclassified,0.00,,,false,,Ghidra 12.1.3 auto-analysis candidate; boundary unreviewed,,
0x00469BDE,343,0x00469D34,FUN_00469bde,,,unclassified,0.00,,,false,,Ghidra 12.1.3 auto-analysis candidate; boundary unreviewed,,
0x00469D35,660,0x00469FC8,FUN_00469d35,,,unclassified,0.00,,,false,,Ghidra 12.1.3 auto-analysis candidate; boundary unreviewed,,
0x00469FC9,553,0x0046A1F1,FUN_00469fc9,,,unclassified,0.00,,,false,,Ghidra 12.1.3 auto-analysis candidate; boundary unreviewed,,
0x0046A1F2,215,0x0046A2C8,FUN_0046a1f2,,,unclassified,0.00,,,false,,Ghidra 12.1.3 auto-analysis candidate; boundary unreviewed,,
0x0046A2C9,156,0x0046A364,FUN_0046a2c9,,,unclassified,0.00,,,false,,Ghidra 12.1.3 auto-analysis candidate; boundary unreviewed,,
0x0046A365,215,0x0046A43B,FUN_0046a365,,,unclassified,0.00,,,false,,Ghidra 12.1.3 auto-analysis candidate; boundary unreviewed,,
0x0046A43C,151,0x0046A4D2,FUN_0046a43c,,,unclassified,0.00,,,false,,Ghidra 12.1.3 auto-analysis candidate; boundary unreviewed,,
0x0046A6C0,126,0x0046A73D,FUN_0046a6c0,,,unclassified,0.00,,,false,,Ghidra 12.1.3 auto-analysis candidate; boundary unreviewed,,
0x0046A82D,42,0x0046A856,FUN_0046a82d,,,unclassified,0.00,,,false,,Ghidra 12.1.3 auto-analysis candidate; boundary unreviewed,,
0x0046A857,125,0x0046A8D3,FUN_0046a857,,,unclassified,0.00,,,false,,Ghidra 12.1.3 auto-analysis candidate; boundary unreviewed,,
0x0046A8D4,26,0x0046A8ED,FUN_0046a8d4,,,unclassified,0.00,,,false,,Ghidra 12.1.3 auto-analysis candidate; boundary unreviewed,,
0x0046A9E5,76,0x0046AA30,FUN_0046a9e5,,,unclassified,0.00,,,false,,Ghidra 12.1.3 auto-analysis candidate; boundary unreviewed,,
0x0046AA31,135,0x0046AAB7,FUN_0046aa31,,,unclassified,0.00,,,false,,Ghidra 12.1.3 auto-analysis candidate; boundary unreviewed,,
0x0046AAB8,26,0x0046AAD1,FUN_0046aab8,,,unclassified,0.00,,,false,,Ghidra 12.1.3 auto-analysis candidate; boundary unreviewed,,
0x0046AAD2,29,0x0046AAEE,FUN_0046aad2,,,unclassified,0.00,,,false,,Ghidra 12.1.3 auto-analysis candidate; boundary unreviewed,,
0x0046AAF0,21,0x0046AB04,FUN_0046aaf0,,,unclassified,0.00,,,false,,Ghidra 12.1.3 auto-analysis candidate; boundary unreviewed,,
0x0046AB05,37,0x0046AB29,FUN_0046ab05,,,unclassified,0.00,,,false,,Ghidra 12.1.3 auto-analysis candidate; boundary unreviewed,,
0x0046AB2A,37,0x0046AB4E,FUN_0046ab2a,,,unclassified,0.00,,,false,,Ghidra 12.1.3 auto-analysis candidate; boundary unreviewed,,
0x0046AB4F,259,0x0046AC51,FUN_0046ab4f,,,unclassified,0.00,,,false,,Ghidra 12.1.3 auto-analysis candidate; boundary unreviewed,,
0x0046AC52,371,0x0046ADC4,FUN_0046ac52,,,unclassified,0.00,,,false,,Ghidra 12.1.3 auto-analysis candidate; boundary unreviewed,,
0x0046ADC5,32,0x0046ADE4,FUN_0046adc5,,,unclassified,0.00,,,false,,Ghidra 12.1.3 auto-analysis candidate; boundary unreviewed,,
0x0046ADE5,935,0x0046B18B,FUN_0046ade5,,,unclassified,0.00,,,false,,Ghidra 12.1.3 auto-analysis candidate; boundary unreviewed,,
0x0046B18C,77,0x0046B1D8,FUN_0046b18c,,,unclassified,0.00,,,false,,Ghidra 12.1.3 auto-analysis candidate; boundary unreviewed,,
0x0046B1D9,291,0x0046B2FB,FUN_0046b1d9,,,unclassified,0.00,,,false,,Ghidra 12.1.3 auto-analysis candidate; boundary unreviewed,,
0x0046B2FC,129,0x0046B37C,FUN_0046b2fc,,,unclassified,0.00,,,false,,Ghidra 12.1.3 auto-analysis candidate; boundary unreviewed,,
0x0046B37D,26,0x0046B396,FUN_0046b37d,,,unclassified,0.00,,,false,,Ghidra 12.1.3 auto-analysis candidate; boundary unreviewed,,
0x0046B397,22,0x0046B3AC,FUN_0046b397,,,unclassified,0.00,,,false,,Ghidra 12.1.3 auto-analysis candidate; boundary unreviewed,,
0x0046B3AD,22,0x0046B3C2,FUN_0046b3ad,,,unclassified,0.00,,,false,,Ghidra 12.1.3 auto-analysis candidate; boundary unreviewed,,
0x0046B3C3,41,0x0046B3EB,FUN_0046b3c3,,,unclassified,0.00,,,false,,Ghidra 12.1.3 auto-analysis candidate; boundary unreviewed,,
0x0046B3EC,43,0x0046B416,FUN_0046b3ec,,,unclassified,0.00,,,false,,Ghidra 12.1.3 auto-analysis candidate; boundary unreviewed,,
0x0046B417,209,0x0046B4E7,FUN_0046b417,,,unclassified,0.00,,,false,,Ghidra 12.1.3 auto-analysis candidate; boundary unreviewed,,
0x0046B4E8,51,0x0046B51A,FUN_0046b4e8,,,unclassified,0.00,,,false,,Ghidra 12.1.3 auto-analysis candidate; boundary unreviewed,,
0x0046B51B,103,0x0046B581,FUN_0046b51b,,,unclassified,0.00,,,false,,Ghidra 12.1.3 auto-analysis candidate; boundary unreviewed,,
0x0046B582,9,0x0046B58A,FUN_0046b582,,,unclassified,0.00,,,false,,Ghidra 12.1.3 auto-analysis candidate; boundary unreviewed,,
0x0046B58B,18,0x0046B59C,FUN_0046b58b,,,unclassified,0.00,,,false,,Ghidra 12.1.3 auto-analysis candidate; boundary unreviewed,,
0x0046B59D,25,0x0046B5B5,FUN_0046b59d,,,unclassified,0.00,,,false,,Ghidra 12.1.3 auto-analysis candidate; boundary unreviewed,,
0x0046B5B6,25,0x0046B5CE,FUN_0046b5b6,,,unclassified,0.00,,,false,,Ghidra 12.1.3 auto-analysis candidate; boundary unreviewed,,
0x0046B5CF,77,0x0046B61B,FUN_0046b5cf,,,unclassified,0.00,,,false,,Ghidra 12.1.3 auto-analysis candidate; boundary unreviewed,,
0x0046B61C,45,0x0046B648,FUN_0046b61c,,,unclassified,0.00,,,false,,Ghidra 12.1.3 auto-analysis candidate; boundary unreviewed,,
0x0046B649,191,0x0046B707,FUN_0046b649,,,unclassified,0.00,,,false,,Ghidra 12.1.3 auto-analysis candidate; boundary unreviewed,,
0x0046B708,54,0x0046B73D,FUN_0046b708,,,unclassified,0.00,,,false,,Ghidra 12.1.3 auto-analysis candidate; boundary unreviewed,,
0x0046B73E,9,0x0046B746,FUN_0046b73e,,,unclassified,0.00,,,false,,Ghidra 12.1.3 auto-analysis candidate; boundary unreviewed,,
0x0046B747,235,0x0046B831,FUN_0046b747,,,unclassified,0.00,,,false,,Ghidra 12.1.3 auto-analysis candidate; boundary unreviewed,,
0x0046B832,272,0x0046B941,FUN_0046b832,,,unclassified,0.00,,,false,,Ghidra 12.1.3 auto-analysis candidate; boundary unreviewed,,
0x0046B942,375,0x0046BAB8,FUN_0046b942,,,unclassified,0.00,,,false,,Ghidra 12.1.3 auto-analysis candidate; boundary unreviewed,,
0x0046BAB9,68,0x0046BAFC,FUN_0046bab9,,,unclassified,0.00,,,false,,Ghidra 12.1.3 auto-analysis candidate; boundary unreviewed,,
0x0046BAFD,568,0x0046BD34,FUN_0046bafd,,,unclassified,0.00,,,false,,Ghidra 12.1.3 auto-analysis candidate; boundary unreviewed,,
0x0046BD35,846,0x0046C082,FUN_0046bd35,,,unclassified,0.00,,,false,,Ghidra 12.1.3 auto-analysis candidate; boundary unreviewed,,
0x0046C083,520,0x0046C28A,FUN_0046c083,,,unclassified,0.00,,,false,,Ghidra 12.1.3 auto-analysis candidate; boundary unreviewed,,
0x0046C28B,850,0x0046C5DC,FUN_0046c28b,,,unclassified,0.00,,,false,,Ghidra 12.1.3 auto-analysis candidate; boundary unreviewed,,
0x0046C5DD,270,0x0046C6EA,FUN_0046c5dd,,,unclassified,0.00,,,false,,Ghidra 12.1.3 auto-analysis candidate; boundary unreviewed,,
0x0046C6EB,777,0x0046C9F3,FUN_0046c6eb,,,unclassified,0.00,,,false,,Ghidra 12.1.3 auto-analysis candidate; boundary unreviewed,,
0x0046C9F4,275,0x0046CB06,FUN_0046c9f4,,,unclassified,0.00,,,false,,Ghidra 12.1.3 auto-analysis candidate; boundary unreviewed,,
0x0046CB07,440,0x0046CCBE,FUN_0046cb07,,,unclassified,0.00,,,false,,Ghidra 12.1.3 auto-analysis candidate; boundary unreviewed,,
0x0046CCBF,27,0x0046CCD9,FUN_0046ccbf,,,unclassified,0.00,,,false,,Ghidra 12.1.3 auto-analysis candidate; boundary unreviewed,,
0x0046CCDA,161,0x0046CD7A,FUN_0046ccda,,,unclassified,0.00,,,false,,Ghidra 12.1.3 auto-analysis candidate; boundary unreviewed,,
0x0046CD7B,36,0x0046CD9E,FUN_0046cd7b,,,unclassified,0.00,,,false,,Ghidra 12.1.3 auto-analysis candidate; boundary unreviewed,,
0x0046CD9F,27,0x0046CDB9,FUN_0046cd9f,,,unclassified,0.00,,,false,,Ghidra 12.1.3 auto-analysis candidate; boundary unreviewed,,
0x0046CDBA,57,0x0046CDF2,FUN_0046cdba,,,unclassified,0.00,,,false,,Ghidra 12.1.3 auto-analysis candidate; boundary unreviewed,,
0x0046CDF3,71,0x0046CE39,FUN_0046cdf3,,,unclassified,0.00,,,false,,Ghidra 12.1.3 auto-analysis candidate; boundary unreviewed,,
0x0046CE3A,40,0x0046CE61,FUN_0046ce3a,,,unclassified,0.00,,,false,,Ghidra 12.1.3 auto-analysis candidate; boundary unreviewed,,
0x0046CE62,63,0x0046CEA0,FUN_0046ce62,,,unclassified,0.00,,,false,,Ghidra 12.1.3 auto-analysis candidate; boundary unreviewed,,
0x0046CEA1,72,0x0046CEE8,FUN_0046cea1,,,unclassified,0.00,,,false,,Ghidra 12.1.3 auto-analysis candidate; boundary unreviewed,,
0x0046CEE9,83,0x0046CF3B,FUN_0046cee9,,,unclassified,0.00,,,false,,Ghidra 12.1.3 auto-analysis candidate; boundary unreviewed,,
0x0046CF3C,5,0x0046CF40,thunk_FUN_004791ce,,,unclassified,0.00,,,true,,Ghidra 12.1.3 auto-analysis candidate; boundary unreviewed,,
0x0046CF41,24,0x0046CF58,FUN_0046cf41,,,unclassified,0.00,,,false,,Ghidra 12.1.3 auto-analysis candidate; boundary unreviewed,,
0x0046CF59,63,0x0046CF97,FUN_0046cf59,,,unclassified,0.00,,,false,,Ghidra 12.1.3 auto-analysis candidate; boundary unreviewed,,
0x0046CF98,14,0x0046CFA5,FUN_0046cf98,,,unclassified,0.00,,,false,,Ghidra 12.1.3 auto-analysis candidate; boundary unreviewed,,
0x0046CFA6,38,0x0046CFCB,FUN_0046cfa6,,,unclassified,0.00,,,false,,Ghidra 12.1.3 auto-analysis candidate; boundary unreviewed,,
0x0046CFCC,76,0x0046D017,FUN_0046cfcc,,,unclassified,0.00,,,false,,Ghidra 12.1.3 auto-analysis candidate; boundary unreviewed,,
0x0046D018,126,0x0046D095,FUN_0046d018,,,unclassified,0.00,,,false,,Ghidra 12.1.3 auto-analysis candidate; boundary unreviewed,,
0x0046D096,48,0x0046D0C5,FUN_0046d096,,,unclassified,0.00,,,false,,Ghidra 12.1.3 auto-analysis candidate; boundary unreviewed,,
0x0046D0C6,35,0x0046D0E8,FUN_0046d0c6,,,unclassified,0.00,,,false,,Ghidra 12.1.3 auto-analysis candidate; boundary unreviewed,,
0x0046D0E9,250,0x0046D1E2,FUN_0046d0e9,,,unclassified,0.00,,,false,,Ghidra 12.1.3 auto-analysis candidate; boundary unreviewed,,
0x0046D1E3,773,0x0046D4E7,FUN_0046d1e3,,,unclassified,0.00,,,false,,Ghidra 12.1.3 auto-analysis candidate; boundary unreviewed,,
0x0046D4E8,1387,0x0046DA52,FUN_0046d4e8,,,unclassified,0.00,,,false,,Ghidra 12.1.3 auto-analysis candidate; boundary unreviewed,,
0x0046DA53,2052,0x0046E256,FUN_0046da53,,,unclassified,0.00,,,false,,Ghidra 12.1.3 auto-analysis candidate; boundary unreviewed,,
0x0046E257,318,0x0046E394,FUN_0046e257,,,unclassified,0.00,,,false,,Ghidra 12.1.3 auto-analysis candidate; boundary unreviewed,,
0x0046E395,131,0x0046E417,FUN_0046e395,,,unclassified,0.00,,,false,,Ghidra 12.1.3 auto-analysis candidate; boundary unreviewed,,
0x0046E418,316,0x0046E553,FUN_0046e418,,,unclassified,0.00,,,false,,Ghidra 12.1.3 auto-analysis candidate; boundary unreviewed,,
0x0046E56C,276,0x0046E67F,FUN_0046e56c,,,unclassified,0.00,,,false,,Ghidra 12.1.3 auto-analysis candidate; boundary unreviewed,,
0x0046E680,1106,0x0046EAD1,FUN_0046e680,,,unclassified,0.00,,,false,,Ghidra 12.1.3 auto-analysis candidate; boundary unreviewed,,
0x0046EB18,52,0x0046EB4B,FUN_0046eb18,,,unclassified,0.00,,,false,,Ghidra 12.1.3 auto-analysis candidate; boundary unreviewed,,
0x0046EB4C,52,0x0046EB7F,FUN_0046eb4c,,,unclassified,0.00,,,false,,Ghidra 12.1.3 auto-analysis candidate; boundary unreviewed,,
0x0046EB80,64,0x0046EBBF,FUN_0046eb80,,,unclassified,0.00,,,false,,Ghidra 12.1.3 auto-analysis candidate; boundary unreviewed,,
0x0046EBC0,89,0x0046EC18,FUN_0046ebc0,,,unclassified,0.00,,,false,,Ghidra 12.1.3 auto-analysis candidate; boundary unreviewed,,
0x00470F46,179,0x00470FF8,FUN_00470f46,,,unclassified,0.00,,,false,,Ghidra 12.1.3 auto-analysis candidate; boundary unreviewed,,
0x004714EF,108,0x0047155A,FUN_004714ef,,,unclassified,0.00,,,false,,Ghidra 12.1.3 auto-analysis candidate; boundary unreviewed,,
0x0047155B,311,0x00471691,FUN_0047155b,,,unclassified,0.00,,,false,,Ghidra 12.1.3 auto-analysis candidate; boundary unreviewed,,
0x00471692,141,0x0047171E,FUN_00471692,,,unclassified,0.00,,,false,,Ghidra 12.1.3 auto-analysis candidate; boundary unreviewed,,
0x0047171F,146,0x004717B0,FUN_0047171f,,,unclassified,0.00,,,false,,Ghidra 12.1.3 auto-analysis candidate; boundary unreviewed,,
0x00471815,167,0x004718BB,FUN_00471815,,,unclassified,0.00,,,false,,Ghidra 12.1.3 auto-analysis candidate; boundary unreviewed,,
0x00471961,2649,0x004723B9,FUN_00471961,,,unclassified,0.00,,,false,,Ghidra 12.1.3 auto-analysis candidate; boundary unreviewed,,
0x00472AA2,57,0x00472ADA,FUN_00472aa2,,,unclassified,0.00,,,false,,Ghidra 12.1.3 auto-analysis candidate; boundary unreviewed,,
0x00472C62,4504,0x00473DF9,FUN_00472c62,,,unclassified,0.00,,,false,,Ghidra 12.1.3 auto-analysis candidate; boundary unreviewed,,
0x00473DFA,421,0x00473F9E,FUN_00473dfa,,,unclassified,0.00,,,false,,Ghidra 12.1.3 auto-analysis candidate; boundary unreviewed,,
0x004744D3,281,0x004745EB,FUN_004744d3,,,unclassified,0.00,,,false,,Ghidra 12.1.3 auto-analysis candidate; boundary unreviewed,,
0x004745EC,4436,0x0047573F,FUN_004745ec,,,unclassified,0.00,,,false,,Ghidra 12.1.3 auto-analysis candidate; boundary unreviewed,,
0x00475740,738,0x00475A21,FUN_00475740,,,unclassified,0.00,,,false,,Ghidra 12.1.3 auto-analysis candidate; boundary unreviewed,,
0x00475E1A,820,0x0047614D,FUN_00475e1a,,,unclassified,0.00,,,false,,Ghidra 12.1.3 auto-analysis candidate; boundary unreviewed,,
0x00476242,95,0x004762A0,FUN_00476242,,,unclassified,0.00,,,false,,Ghidra 12.1.3 auto-analysis candidate; boundary unreviewed,,
0x004764D0,139,0x0047655A,FUN_004764d0,,,unclassified,0.00,,,false,,Ghidra 12.1.3 auto-analysis candidate; boundary unreviewed,,
0x0047655B,455,0x00476721,FUN_0047655b,,,unclassified,0.00,,,false,,Ghidra 12.1.3 auto-analysis candidate; boundary unreviewed,,
0x00476727,360,0x0047688E,FUN_00476727,,,unclassified,0.00,,,false,,Ghidra 12.1.3 auto-analysis candidate; boundary unreviewed,,
0x004768AF,518,0x00476AB4,FUN_004768af,,,unclassified,0.00,,,false,,Ghidra 12.1.3 auto-analysis candidate; boundary unreviewed,,
0x00476AD5,307,0x00476C07,FUN_00476ad5,,,unclassified,0.00,,,false,,Ghidra 12.1.3 auto-analysis candidate; boundary unreviewed,,
0x004774F8,100,0x0047755B,FUN_004774f8,,,unclassified,0.00,,,false,,Ghidra 12.1.3 auto-analysis candidate; boundary unreviewed,,
0x004775DA,16,0x004775E9,FUN_004775da,,,unclassified,0.00,,,false,,Ghidra 12.1.3 auto-analysis candidate; boundary unreviewed,,
0x004775EA,24,0x00477601,FUN_004775ea,,,unclassified,0.00,,,false,,Ghidra 12.1.3 auto-analysis candidate; boundary unreviewed,,
0x00477602,71,0x00477648,FUN_00477602,,,unclassified,0.00,,,false,,Ghidra 12.1.3 auto-analysis candidate; boundary unreviewed,,
0x00477649,34,0x0047766A,FUN_00477649,,,unclassified,0.00,,,false,,Ghidra 12.1.3 auto-analysis candidate; boundary unreviewed,,
0x0047766B,27,0x00477685,FUN_0047766b,,,unclassified,0.00,,,false,,Ghidra 12.1.3 auto-analysis candidate; boundary unreviewed,,
0x00477686,50,0x004776B7,FUN_00477686,,,unclassified,0.00,,,false,,Ghidra 12.1.3 auto-analysis candidate; boundary unreviewed,,
0x004776B8,443,0x00477872,FUN_004776b8,,,unclassified,0.00,,,false,,Ghidra 12.1.3 auto-analysis candidate; boundary unreviewed,,
0x00477873,374,0x004779E8,FUN_00477873,,,unclassified,0.00,,,false,,Ghidra 12.1.3 auto-analysis candidate; boundary unreviewed,,
0x004779E9,146,0x00477A7A,FUN_004779e9,,,unclassified,0.00,,,false,,Ghidra 12.1.3 auto-analysis candidate; boundary unreviewed,,
0x00477A7B,58,0x00477AB4,FUN_00477a7b,,,unclassified,0.00,,,false,,Ghidra 12.1.3 auto-analysis candidate; boundary unreviewed,,
0x00477B48,55,0x00477B7E,FUN_00477b48,,,unclassified,0.00,,,false,,Ghidra 12.1.3 auto-analysis candidate; boundary unreviewed,,
0x00477B90,65,0x00477BD0,FUN_00477b90,,,unclassified,0.00,,,false,,Ghidra 12.1.3 auto-analysis candidate; boundary unreviewed,,
0x00477BD1,21,0x00477BE5,FUN_00477bd1,,,unclassified,0.00,,,false,,Ghidra 12.1.3 auto-analysis candidate; boundary unreviewed,,
0x00477BE6,252,0x00477CE1,FUN_00477be6,,,unclassified,0.00,,,false,,Ghidra 12.1.3 auto-analysis candidate; boundary unreviewed,,
0x00477CE2,142,0x00477D6F,FUN_00477ce2,,,unclassified,0.00,,,false,,Ghidra 12.1.3 auto-analysis candidate; boundary unreviewed,,
0x00477D70,146,0x00477E01,FUN_00477d70,,,unclassified,0.00,,,false,,Ghidra 12.1.3 auto-analysis candidate; boundary unreviewed,,
0x00477E02,158,0x00477E9F,FUN_00477e02,,,unclassified,0.00,,,false,,Ghidra 12.1.3 auto-analysis candidate; boundary unreviewed,,
0x00477EA0,97,0x00477F00,FUN_00477ea0,,,unclassified,0.00,,,false,,Ghidra 12.1.3 auto-analysis candidate; boundary unreviewed,,
0x00477F01,97,0x00477F61,FUN_00477f01,,,unclassified,0.00,,,false,,Ghidra 12.1.3 auto-analysis candidate; boundary unreviewed,,
0x00477F62,383,0x004780E0,FUN_00477f62,,,unclassified,0.00,,,false,,Ghidra 12.1.3 auto-analysis candidate; boundary unreviewed,,
0x004780E1,136,0x00478168,FUN_004780e1,,,unclassified,0.00,,,false,,Ghidra 12.1.3 auto-analysis candidate; boundary unreviewed,,
0x00478169,139,0x004781F3,FUN_00478169,,,unclassified,0.00,,,false,,Ghidra 12.1.3 auto-analysis candidate; boundary unreviewed,,
0x004781F4,286,0x00478311,FUN_004781f4,,,unclassified,0.00,,,false,,Ghidra 12.1.3 auto-analysis candidate; boundary unreviewed,,
0x00478312,291,0x00478434,FUN_00478312,,,unclassified,0.00,,,false,,Ghidra 12.1.3 auto-analysis candidate; boundary unreviewed,,
0x00478435,225,0x00478515,FUN_00478435,,,unclassified,0.00,,,false,,Ghidra 12.1.3 auto-analysis candidate; boundary unreviewed,,
0x00478516,48,0x00478545,FUN_00478516,,,unclassified,0.00,,,false,,Ghidra 12.1.3 auto-analysis candidate; boundary unreviewed,,
0x00478546,180,0x004785F9,FUN_00478546,,,unclassified,0.00,,,false,,Ghidra 12.1.3 auto-analysis candidate; boundary unreviewed,,
0x004785FA,34,0x0047861B,FUN_004785fa,,,unclassified,0.00,,,false,,Ghidra 12.1.3 auto-analysis candidate; boundary unreviewed,,
0x0047861C,27,0x00478636,FUN_0047861c,,,unclassified,0.00,,,false,,Ghidra 12.1.3 auto-analysis candidate; boundary unreviewed,,
0x00478637,28,0x00478652,FUN_00478637,,,unclassified,0.00,,,false,,Ghidra 12.1.3 auto-analysis candidate; boundary unreviewed,,
0x00478653,28,0x0047866E,FUN_00478653,,,unclassified,0.00,,,false,,Ghidra 12.1.3 auto-analysis candidate; boundary unreviewed,,
0x0047866F,113,0x004786DF,FUN_0047866f,,,unclassified,0.00,,,false,,Ghidra 12.1.3 auto-analysis candidate; boundary unreviewed,,
0x004786E0,495,0x004788CE,FUN_004786e0,,,unclassified,0.00,,,false,,Ghidra 12.1.3 auto-analysis candidate; boundary unreviewed,,
0x004788CF,111,0x0047893D,FUN_004788cf,,,unclassified,0.00,,,false,,Ghidra 12.1.3 auto-analysis candidate; boundary unreviewed,,
0x0047893E,429,0x00478AEA,FUN_0047893e,,,unclassified,0.00,,,false,,Ghidra 12.1.3 auto-analysis candidate; boundary unreviewed,,
0x00478C39,48,0x00478C68,FUN_00478c39,,,unclassified,0.00,,,false,,Ghidra 12.1.3 auto-analysis candidate; boundary unreviewed,,
0x00478C69,63,0x00478CA7,FUN_00478c69,,,unclassified,0.00,,,false,,Ghidra 12.1.3 auto-analysis candidate; boundary unreviewed,,
0x00478CA8,62,0x00478CE5,FUN_00478ca8,,,unclassified,0.00,,,false,,Ghidra 12.1.3 auto-analysis candidate; boundary unreviewed,,
0x00478CE6,229,0x00478DCA,FUN_00478ce6,,,unclassified,0.00,,,false,,Ghidra 12.1.3 auto-analysis candidate; boundary unreviewed,,
0x00478DCB,23,0x00478DE1,FUN_00478dcb,,,unclassified,0.00,,,false,,Ghidra 12.1.3 auto-analysis candidate; boundary unreviewed,,
0x00478DE2,815,0x00479110,FUN_00478de2,,,unclassified,0.00,,,false,,Ghidra 12.1.3 auto-analysis candidate; boundary unreviewed,,
0x00479149,66,0x0047918A,FUN_00479149,,,unclassified,0.00,,,false,,Ghidra 12.1.3 auto-analysis candidate; boundary unreviewed,,
0x0047918B,13,0x00479197,FUN_0047918b,,,unclassified,0.00,,,false,,Ghidra 12.1.3 auto-analysis candidate; boundary unreviewed,,
0x00479198,54,0x004791CD,FUN_00479198,,,unclassified,0.00,,,false,,Ghidra 12.1.3 auto-analysis candidate; boundary unreviewed,,
0x004791CE,25,0x004791E6,FUN_004791ce,,,unclassified,0.00,,,false,,Ghidra 12.1.3 auto-analysis candidate; boundary unreviewed,,
0x004791E7,35,0x00479209,FUN_004791e7,,,unclassified,0.00,,,false,,Ghidra 12.1.3 auto-analysis candidate; boundary unreviewed,,
0x0047920A,49,0x0047923A,FUN_0047920a,,,unclassified,0.00,,,false,,Ghidra 12.1.3 auto-analysis candidate; boundary unreviewed,,
0x0047923B,35,0x0047925D,FUN_0047923b,,,unclassified,0.00,,,false,,Ghidra 12.1.3 auto-analysis candidate; boundary unreviewed,,
0x0047925E,26,0x00479277,FUN_0047925e,,,unclassified,0.00,,,false,,Ghidra 12.1.3 auto-analysis candidate; boundary unreviewed,,
0x00479278,94,0x004792D5,FUN_00479278,,,unclassified,0.00,,,false,,Ghidra 12.1.3 auto-analysis candidate; boundary unreviewed,,
0x004792D6,98,0x00479337,FUN_004792d6,,,unclassified,0.00,,,false,,Ghidra 12.1.3 auto-analysis candidate; boundary unreviewed,,
0x00479338,534,0x0047954D,FUN_00479338,,,unclassified,0.00,,,false,,Ghidra 12.1.3 auto-analysis candidate; boundary unreviewed,,
0x0047954E,713,0x00479816,FUN_0047954e,,,unclassified,0.00,,,false,,Ghidra 12.1.3 auto-analysis candidate; boundary unreviewed,,
0x00479817,379,0x00479991,FUN_00479817,,,unclassified,0.00,,,false,,Ghidra 12.1.3 auto-analysis candidate; boundary unreviewed,,
0x00479992,412,0x00479B2D,FUN_00479992,,,unclassified,0.00,,,false,,Ghidra 12.1.3 auto-analysis candidate; boundary unreviewed,,
0x00479B2E,140,0x00479BB9,FUN_00479b2e,,,unclassified,0.00,,,false,,Ghidra 12.1.3 auto-analysis candidate; boundary unreviewed,,
0x00479BBA,502,0x00479DAF,FUN_00479bba,,,unclassified,0.00,,,false,,Ghidra 12.1.3 auto-analysis candidate; boundary unreviewed,,
0x00479DB0,298,0x00479ED9,FUN_00479db0,,,unclassified,0.00,,,false,,Ghidra 12.1.3 auto-analysis candidate; boundary unreviewed,,
0x00479EDA,74,0x00479F23,FUN_00479eda,,,unclassified,0.00,,,false,,Ghidra 12.1.3 auto-analysis candidate; boundary unreviewed,,
0x00479F24,267,0x0047A02E,FUN_00479f24,,,unclassified,0.00,,,false,,Ghidra 12.1.3 auto-analysis candidate; boundary unreviewed,,
0x0047A02F,239,0x0047A11D,FUN_0047a02f,,,unclassified,0.00,,,false,,Ghidra 12.1.3 auto-analysis candidate; boundary unreviewed,,
0x0047A11E,439,0x0047A2D4,FUN_0047a11e,,,unclassified,0.00,,,false,,Ghidra 12.1.3 auto-analysis candidate; boundary unreviewed,,
0x0047A2D5,74,0x0047A31E,FUN_0047a2d5,,,unclassified,0.00,,,false,,Ghidra 12.1.3 auto-analysis candidate; boundary unreviewed,,
0x0047A31F,548,0x0047A542,FUN_0047a31f,,,unclassified,0.00,,,false,,Ghidra 12.1.3 auto-analysis candidate; boundary unreviewed,,
0x0047A543,265,0x0047A64B,FUN_0047a543,,,unclassified,0.00,,,false,,Ghidra 12.1.3 auto-analysis candidate; boundary unreviewed,,
0x0047A650,492,0x0047A83B,FUN_0047a650,,,unclassified,0.00,,,false,,Ghidra 12.1.3 auto-analysis candidate; boundary unreviewed,,
0x0047A840,232,0x0047A927,FUN_0047a840,,,unclassified,0.00,,,false,,Ghidra 12.1.3 auto-analysis candidate; boundary unreviewed,,
0x0047A930,329,0x0047AA78,FUN_0047a930,,,unclassified,0.00,,,false,,Ghidra 12.1.3 auto-analysis candidate; boundary unreviewed,,
0x0047AB40,245,0x0047AC34,FUN_0047ab40,,,unclassified,0.00,,,false,,Ghidra 12.1.3 auto-analysis candidate; boundary unreviewed,,
0x0047AC40,247,0x0047AD36,FUN_0047ac40,,,unclassified,0.00,,,false,,Ghidra 12.1.3 auto-analysis candidate; boundary unreviewed,,
0x0047B220,281,0x0047B338,FUN_0047b220,,,unclassified,0.00,,,false,,Ghidra 12.1.3 auto-analysis candidate; boundary unreviewed,,
0x0047B340,283,0x0047B45A,FUN_0047b340,,,unclassified,0.00,,,false,,Ghidra 12.1.3 auto-analysis candidate; boundary unreviewed,,
0x0047B738,11,0x0047B742,FUN_0047b738,,,unclassified,0.00,,,false,,Ghidra 12.1.3 auto-analysis candidate; boundary unreviewed,,
0x0047B743,11,0x0047B74D,FUN_0047b743,,,unclassified,0.00,,,false,,Ghidra 12.1.3 auto-analysis candidate; boundary unreviewed,,
0x0047B74E,5,0x0047B752,FUN_0047b74e,,,unclassified,0.00,,,false,,Ghidra 12.1.3 auto-analysis candidate; boundary unreviewed,,
0x0047B753,20,0x0047B766,FUN_0047b753,,,unclassified,0.00,,,false,,Ghidra 12.1.3 auto-analysis candidate; boundary unreviewed,,
0x0047B767,168,0x0047B80E,FUN_0047b767,,,unclassified,0.00,,,false,,Ghidra 12.1.3 auto-analysis candidate; boundary unreviewed,,
0x0047B80F,305,0x0047B93F,FUN_0047b80f,,,unclassified,0.00,,,false,,Ghidra 12.1.3 auto-analysis candidate; boundary unreviewed,,
0x0047B940,212,0x0047BA13,FUN_0047b940,,,unclassified,0.00,,,false,,Ghidra 12.1.3 auto-analysis candidate; boundary unreviewed,,
0x0047BA14,150,0x0047BAA9,FUN_0047ba14,,,unclassified,0.00,,,false,,Ghidra 12.1.3 auto-analysis candidate; boundary unreviewed,,
0x0047BAAA,104,0x0047BB11,FUN_0047baaa,,,unclassified,0.00,,,false,,Ghidra 12.1.3 auto-analysis candidate; boundary unreviewed,,
0x0047BB12,264,0x0047BC19,FUN_0047bb12,,,unclassified,0.00,,,false,,Ghidra 12.1.3 auto-analysis candidate; boundary unreviewed,,
0x0047BCA5,211,0x0047BD77,FUN_0047bca5,,,unclassified,0.00,,,false,,Ghidra 12.1.3 auto-analysis candidate; boundary unreviewed,,
0x0047BD78,63,0x0047BDB6,FUN_0047bd78,,,unclassified,0.00,,,false,,Ghidra 12.1.3 auto-analysis candidate; boundary unreviewed,,
0x0047BDC7,474,0x0047BFA0,FUN_0047bdc7,,,unclassified,0.00,,,false,,Ghidra 12.1.3 auto-analysis candidate; boundary unreviewed,,
0x0047BFA1,415,0x0047C13F,FUN_0047bfa1,,,unclassified,0.00,,,false,,Ghidra 12.1.3 auto-analysis candidate; boundary unreviewed,,
0x0047C140,358,0x0047C2A5,FUN_0047c140,,,unclassified,0.00,,,false,,Ghidra 12.1.3 auto-analysis candidate; boundary unreviewed,,
0x0047C2A6,227,0x0047C388,FUN_0047c2a6,,,unclassified,0.00,,,false,,Ghidra 12.1.3 auto-analysis candidate; boundary unreviewed,,
0x0047C8A6,59,0x0047C8E0,FUN_0047c8a6,,,unclassified,0.00,,,false,,Ghidra 12.1.3 auto-analysis candidate; boundary unreviewed,,
0x0047C8E1,248,0x0047C9D8,FUN_0047c8e1,,,unclassified,0.00,,,false,,Ghidra 12.1.3 auto-analysis candidate; boundary unreviewed,,
0x0047C9D9,426,0x0047CB82,FUN_0047c9d9,,,unclassified,0.00,,,false,,Ghidra 12.1.3 auto-analysis candidate; boundary unreviewed,,
0x0047CB83,234,0x0047CC6C,FUN_0047cb83,,,unclassified,0.00,,,false,,Ghidra 12.1.3 auto-analysis candidate; boundary unreviewed,,
0x0047CC6D,234,0x0047CD56,FUN_0047cc6d,,,unclassified,0.00,,,false,,Ghidra 12.1.3 auto-analysis candidate; boundary unreviewed,,
0x0047CD57,94,0x0047CDB4,FUN_0047cd57,,,unclassified,0.00,,,false,,Ghidra 12.1.3 auto-analysis candidate; boundary unreviewed,,
0x0047CDB5,973,0x0047D181,FUN_0047cdb5,,,unclassified,0.00,,,false,,Ghidra 12.1.3 auto-analysis candidate; boundary unreviewed,,
0x0047D182,303,0x0047D2B0,FUN_0047d182,,,unclassified,0.00,,,false,,Ghidra 12.1.3 auto-analysis candidate; boundary unreviewed,,
0x0047D2B1,58,0x0047D2EA,FUN_0047d2b1,,,unclassified,0.00,,,false,,Ghidra 12.1.3 auto-analysis candidate; boundary unreviewed,,
0x0047D2EB,91,0x0047D345,FUN_0047d2eb,,,unclassified,0.00,,,false,,Ghidra 12.1.3 auto-analysis candidate; boundary unreviewed,,
0x0047D346,509,0x0047D542,FUN_0047d346,,,unclassified,0.00,,,false,,Ghidra 12.1.3 auto-analysis candidate; boundary unreviewed,,
0x0047D543,553,0x0047D76B,FUN_0047d543,,,unclassified,0.00,,,false,,Ghidra 12.1.3 auto-analysis candidate; boundary unreviewed,,
0x0047D76C,226,0x0047D84D,FUN_0047d76c,,,unclassified,0.00,,,false,,Ghidra 12.1.3 auto-analysis candidate; boundary unreviewed,,
0x0047D84E,878,0x0047DBBB,FUN_0047d84e,,,unclassified,0.00,,,false,,Ghidra 12.1.3 auto-analysis candidate; boundary unreviewed,,
0x0047DBBC,675,0x0047DE5E,FUN_0047dbbc,,,unclassified,0.00,,,false,,Ghidra 12.1.3 auto-analysis candidate; boundary unreviewed,,
0x0047DE5F,97,0x0047DEBF,FUN_0047de5f,,,unclassified,0.00,,,false,,Ghidra 12.1.3 auto-analysis candidate; boundary unreviewed,,
0x0047DEC0,439,0x0047E076,FUN_0047dec0,,,unclassified,0.00,,,false,,Ghidra 12.1.3 auto-analysis candidate; boundary unreviewed,,
0x0047E077,116,0x0047E0EA,FUN_0047e077,,,unclassified,0.00,,,false,,Ghidra 12.1.3 auto-analysis candidate; boundary unreviewed,,
0x0047E0EB,101,0x0047E14F,FUN_0047e0eb,,,unclassified,0.00,,,false,,Ghidra 12.1.3 auto-analysis candidate; boundary unreviewed,,
0x0047E150,144,0x0047E1DF,FUN_0047e150,,,unclassified,0.00,,,false,,Ghidra 12.1.3 auto-analysis candidate; boundary unreviewed,,
0x0047E1E0,140,0x0047E26B,FUN_0047e1e0,,,unclassified,0.00,,,false,,Ghidra 12.1.3 auto-analysis candidate; boundary unreviewed,,
0x0047E312,131,0x0047E394,FUN_0047e312,,,unclassified,0.00,,,false,,Ghidra 12.1.3 auto-analysis candidate; boundary unreviewed,,
0x0047E3AF,198,0x0047E474,FUN_0047e3af,,,unclassified,0.00,,,false,,Ghidra 12.1.3 auto-analysis candidate; boundary unreviewed,,
0x0047E488,221,0x0047E564,FUN_0047e488,,,unclassified,0.00,,,false,,Ghidra 12.1.3 auto-analysis candidate; boundary unreviewed,,
0x0047E565,87,0x0047E5BB,FUN_0047e565,,,unclassified,0.00,,,false,,Ghidra 12.1.3 auto-analysis candidate; boundary unreviewed,,
0x0047E5BC,106,0x0047E625,FUN_0047e5bc,,,unclassified,0.00,,,false,,Ghidra 12.1.3 auto-analysis candidate; boundary unreviewed,,
0x0047E626,164,0x0047E6C9,FUN_0047e626,,,unclassified,0.00,,,false,,Ghidra 12.1.3 auto-analysis candidate; boundary unreviewed,,
0x0047E6CA,263,0x0047E7D0,FUN_0047e6ca,,,unclassified,0.00,,,false,,Ghidra 12.1.3 auto-analysis candidate; boundary unreviewed,,
0x0047E7D1,449,0x0047E991,FUN_0047e7d1,,,unclassified,0.00,,,false,,Ghidra 12.1.3 auto-analysis candidate; boundary unreviewed,,
0x0047E992,176,0x0047EA41,FUN_0047e992,,,unclassified,0.00,,,false,,Ghidra 12.1.3 auto-analysis candidate; boundary unreviewed,,
0x0047EA42,107,0x0047EAAC,FUN_0047ea42,,,unclassified,0.00,,,false,,Ghidra 12.1.3 auto-analysis candidate; boundary unreviewed,,
0x0047EAAD,35,0x0047EACF,FUN_0047eaad,,,unclassified,0.00,,,false,,Ghidra 12.1.3 auto-analysis candidate; boundary unreviewed,,
0x0047EAD0,306,0x0047EC01,FUN_0047ead0,,,unclassified,0.00,,,false,,Ghidra 12.1.3 auto-analysis candidate; boundary unreviewed,,
0x0047EC02,316,0x0047ED3D,FUN_0047ec02,,,unclassified,0.00,,,false,,Ghidra 12.1.3 auto-analysis candidate; boundary unreviewed,,
0x0047ED3E,542,0x0047EF5B,FUN_0047ed3e,,,unclassified,0.00,,,false,,Ghidra 12.1.3 auto-analysis candidate; boundary unreviewed,,
0x0047EF5C,289,0x0047F07C,FUN_0047ef5c,,,unclassified,0.00,,,false,,Ghidra 12.1.3 auto-analysis candidate; boundary unreviewed,,
0x0047F07D,176,0x0047F12C,FUN_0047f07d,,,unclassified,0.00,,,false,,Ghidra 12.1.3 auto-analysis candidate; boundary unreviewed,,
0x0047F142,166,0x0047F1E7,FUN_0047f142,,,unclassified,0.00,,,false,,Ghidra 12.1.3 auto-analysis candidate; boundary unreviewed,,
0x0047F1E8,49,0x0047F218,FUN_0047f1e8,,,unclassified,0.00,,,false,,Ghidra 12.1.3 auto-analysis candidate; boundary unreviewed,,
0x0047F219,342,0x0047F36E,FUN_0047f219,,,unclassified,0.00,,,false,,Ghidra 12.1.3 auto-analysis candidate; boundary unreviewed,,
0x0047F36F,486,0x0047F554,FUN_0047f36f,,,unclassified,0.00,,,false,,Ghidra 12.1.3 auto-analysis candidate; boundary unreviewed,,
0x0047F555,117,0x0047F5C9,FUN_0047f555,,,unclassified,0.00,,,false,,Ghidra 12.1.3 auto-analysis candidate; boundary unreviewed,,
0x0047F5CA,108,0x0047F635,FUN_0047f5ca,,,unclassified,0.00,,,false,,Ghidra 12.1.3 auto-analysis candidate; boundary unreviewed,,
0x0047F636,824,0x0047F96D,FUN_0047f636,,,unclassified,0.00,,,false,,Ghidra 12.1.3 auto-analysis candidate; boundary unreviewed,,
0x0047F96E,339,0x0047FAC0,FUN_0047f96e,,,unclassified,0.00,,,false,,Ghidra 12.1.3 auto-analysis candidate; boundary unreviewed,,
0x0047FAC1,312,0x0047FBF8,FUN_0047fac1,,,unclassified,0.00,,,false,,Ghidra 12.1.3 auto-analysis candidate; boundary unreviewed,,
0x0047FBF9,141,0x0047FC85,FUN_0047fbf9,,,unclassified,0.00,,,false,,Ghidra 12.1.3 auto-analysis candidate; boundary unreviewed,,
0x0047FC86,384,0x0047FE05,FUN_0047fc86,,,unclassified,0.00,,,false,,Ghidra 12.1.3 auto-analysis candidate; boundary unreviewed,,
0x0047FE06,282,0x0047FF1F,FUN_0047fe06,,,unclassified,0.00,,,false,,Ghidra 12.1.3 auto-analysis candidate; boundary unreviewed,,
0x0047FF20,208,0x0047FFEF,FUN_0047ff20,,,unclassified,0.00,,,false,,Ghidra 12.1.3 auto-analysis candidate; boundary unreviewed,,
0x0047FFF0,169,0x00480098,FUN_0047fff0,,,unclassified,0.00,,,false,,Ghidra 12.1.3 auto-analysis candidate; boundary unreviewed,,
0x00480099,622,0x00480306,FUN_00480099,,,unclassified,0.00,,,false,,Ghidra 12.1.3 auto-analysis candidate; boundary unreviewed,,
0x00480307,144,0x00480396,FUN_00480307,,,unclassified,0.00,,,false,,Ghidra 12.1.3 auto-analysis candidate; boundary unreviewed,,
0x004803B9,1,0x004803B9,FUN_004803b9,,,unclassified,0.00,,,false,,Ghidra 12.1.3 auto-analysis candidate; boundary unreviewed,,
0x004803BA,258,0x004804BB,FUN_004803ba,,,unclassified,0.00,,,false,,Ghidra 12.1.3 auto-analysis candidate; boundary unreviewed,,
0x004804CB,275,0x004805DD,FUN_004804cb,,,unclassified,0.00,,,false,,Ghidra 12.1.3 auto-analysis candidate; boundary unreviewed,,
0x004805DE,203,0x004806A8,FUN_004805de,,,unclassified,0.00,,,false,,Ghidra 12.1.3 auto-analysis candidate; boundary unreviewed,,
0x004806A9,301,0x004807D5,FUN_004806a9,,,unclassified,0.00,,,false,,Ghidra 12.1.3 auto-analysis candidate; boundary unreviewed,,
0x004807D6,299,0x00480900,FUN_004807d6,,,unclassified,0.00,,,false,,Ghidra 12.1.3 auto-analysis candidate; boundary unreviewed,,
0x00480901,197,0x004809C5,FUN_00480901,,,unclassified,0.00,,,false,,Ghidra 12.1.3 auto-analysis candidate; boundary unreviewed,,
0x004809C6,136,0x00480A4D,FUN_004809c6,,,unclassified,0.00,,,false,,Ghidra 12.1.3 auto-analysis candidate; boundary unreviewed,,
0x00480A4E,141,0x00480ADA,FUN_00480a4e,,,unclassified,0.00,,,false,,Ghidra 12.1.3 auto-analysis candidate; boundary unreviewed,,
0x00480ADB,235,0x00480BC5,FUN_00480adb,,,unclassified,0.00,,,false,,Ghidra 12.1.3 auto-analysis candidate; boundary unreviewed,,
0x00480BC6,255,0x00480CC4,FUN_00480bc6,,,unclassified,0.00,,,false,,Ghidra 12.1.3 auto-analysis candidate; boundary unreviewed,,
0x00480CC5,388,0x00480E48,FUN_00480cc5,,,unclassified,0.00,,,false,,Ghidra 12.1.3 auto-analysis candidate; boundary unreviewed,,
0x00480E49,54,0x00480E7E,FUN_00480e49,,,unclassified,0.00,,,false,,Ghidra 12.1.3 auto-analysis candidate; boundary unreviewed,,
0x00480E7F,202,0x00480F48,FUN_00480e7f,,,unclassified,0.00,,,false,,Ghidra 12.1.3 auto-analysis candidate; boundary unreviewed,,
0x00480F5D,135,0x00480FE3,FUN_00480f5d,,,unclassified,0.00,,,false,,Ghidra 12.1.3 auto-analysis candidate; boundary unreviewed,,
0x00480FE4,107,0x0048104E,FUN_00480fe4,,,unclassified,0.00,,,false,,Ghidra 12.1.3 auto-analysis candidate; boundary unreviewed,,
0x0048104F,141,0x004810DB,FUN_0048104f,,,unclassified,0.00,,,false,,Ghidra 12.1.3 auto-analysis candidate; boundary unreviewed,,
0x004810DC,1907,0x0048184E,FUN_004810dc,,,unclassified,0.00,,,false,,Ghidra 12.1.3 auto-analysis candidate; boundary unreviewed,,
0x00481877,52,0x004818AA,FUN_00481877,,,unclassified,0.00,,,false,,Ghidra 12.1.3 auto-analysis candidate; boundary unreviewed,,
0x004818AB,281,0x004819C3,FUN_004818ab,,,unclassified,0.00,,,false,,Ghidra 12.1.3 auto-analysis candidate; boundary unreviewed,,
0x004819C4,16,0x004819D3,FUN_004819c4,,,unclassified,0.00,,,false,,Ghidra 12.1.3 auto-analysis candidate; boundary unreviewed,,
0x004819D4,789,0x00481CE8,FUN_004819d4,,,unclassified,0.00,,,false,,Ghidra 12.1.3 auto-analysis candidate; boundary unreviewed,,
0x00481CE9,446,0x00481EA6,FUN_00481ce9,,,unclassified,0.00,,,false,,Ghidra 12.1.3 auto-analysis candidate; boundary unreviewed,,
0x00481EA7,61,0x00481EE3,FUN_00481ea7,,,unclassified,0.00,,,false,,Ghidra 12.1.3 auto-analysis candidate; boundary unreviewed,,
0x00481EE4,76,0x00481F2F,FUN_00481ee4,,,unclassified,0.00,,,false,,Ghidra 12.1.3 auto-analysis candidate; boundary unreviewed,,
0x00481F30,76,0x00481F7B,FUN_00481f30,,,unclassified,0.00,,,false,,Ghidra 12.1.3 auto-analysis candidate; boundary unreviewed,,
0x00481F7C,993,0x0048235C,FUN_00481f7c,,,unclassified,0.00,,,false,,Ghidra 12.1.3 auto-analysis candidate; boundary unreviewed,,
0x0048235D,52,0x00482390,FUN_0048235d,,,unclassified,0.00,,,false,,Ghidra 12.1.3 auto-analysis candidate; boundary unreviewed,,
0x00482391,1340,0x004828CC,FUN_00482391,,,unclassified,0.00,,,false,,Ghidra 12.1.3 auto-analysis candidate; boundary unreviewed,,
0x004828F5,17,0x00482905,FUN_004828f5,,,unclassified,0.00,,,false,,Ghidra 12.1.3 auto-analysis candidate; boundary unreviewed,,
0x00482906,901,0x00482C8A,FUN_00482906,,,unclassified,0.00,,,false,,Ghidra 12.1.3 auto-analysis candidate; boundary unreviewed,,
0x00482C8B,127,0x00482D09,FUN_00482c8b,,,unclassified,0.00,,,false,,Ghidra 12.1.3 auto-analysis candidate; boundary unreviewed,,
0x00482D0A,259,0x00482E0C,FUN_00482d0a,,,unclassified,0.00,,,false,,Ghidra 12.1.3 auto-analysis candidate; boundary unreviewed,,
0x00482E0D,47,0x00482E3B,FUN_00482e0d,,,unclassified,0.00,,,false,,Ghidra 12.1.3 auto-analysis candidate; boundary unreviewed,,
0x00482E3C,277,0x00482F50,FUN_00482e3c,,,unclassified,0.00,,,false,,Ghidra 12.1.3 auto-analysis candidate; boundary unreviewed,,
0x00482F51,1122,0x004833B2,FUN_00482f51,,,unclassified,0.00,,,false,,Ghidra 12.1.3 auto-analysis candidate; boundary unreviewed,,
0x004833B3,1720,0x00483A6A,FUN_004833b3,,,unclassified,0.00,,,false,,Ghidra 12.1.3 auto-analysis candidate; boundary unreviewed,,
0x00483A6B,859,0x00483DC5,FUN_00483a6b,,,unclassified,0.00,,,false,,Ghidra 12.1.3 auto-analysis candidate; boundary unreviewed,,
0x00483DC6,3539,0x00484B98,FUN_00483dc6,,,unclassified,0.00,,,false,,Ghidra 12.1.3 auto-analysis candidate; boundary unreviewed,,
0x00484B99,693,0x00484E4D,FUN_00484b99,,,unclassified,0.00,,,false,,Ghidra 12.1.3 auto-analysis candidate; boundary unreviewed,,
0x00484E4E,6,0x00484E53,USER32.DLL::WINNLSEnableIME,,,unclassified,0.00,,,true,,Ghidra 12.1.3 auto-analysis candidate; boundary unreviewed,,
0x00484E54,56,0x00484E8B,FUN_00484e54,,,unclassified,0.00,,,false,,Ghidra 12.1.3 auto-analysis candidate; boundary unreviewed,,
0x00484E8C,30,0x00484EA9,__fpmath,,,unclassified,0.00,,,false,,Ghidra 12.1.3 auto-analysis candidate; boundary unreviewed,,
0x00484EAA,87,0x00484F00,_vsprintf,,,unclassified,0.00,,,false,,Ghidra 12.1.3 auto-analysis candidate; boundary unreviewed,,
0x00484F01,128,0x00484F80,__onexit_lk,,,unclassified,0.00,,,false,,Ghidra 12.1.3 auto-analysis candidate; boundary unreviewed,,
0x00484F81,40,0x00484FA8,___onexitinit,,,unclassified,0.00,,,false,,Ghidra 12.1.3 auto-analysis candidate; boundary unreviewed,,
0x00484FA9,50,0x00484FDA,__onexit,,,unclassified,0.00,,,false,,Ghidra 12.1.3 auto-analysis candidate; boundary unreviewed,,
0x00484FDB,6,0x00484FE0,FUN_00484fdb,,,unclassified,0.00,,,false,,Ghidra 12.1.3 auto-analysis candidate; boundary unreviewed,,
0x00484FE1,18,0x00484FF2,_atexit,,,unclassified,0.00,,,false,,Ghidra 12.1.3 auto-analysis candidate; boundary unreviewed,,
0x00484FF3,43,0x0048501D,_JumpToContinuation,,,unclassified,0.00,,,false,,Ghidra 12.1.3 auto-analysis candidate; boundary unreviewed,,
0x00485023,7,0x00485029,FID_conflict:_CallMemberFunction1,,,unclassified,0.00,,,false,,Ghidra 12.1.3 auto-analysis candidate; boundary unreviewed,,
0x0048502A,82,0x0048507B,_UnwindNestedFrames,,,unclassified,0.00,,,false,,Ghidra 12.1.3 auto-analysis candidate; boundary unreviewed,,
0x0048507C,54,0x004850B1,___CxxFrameHandler,,,unclassified,0.00,,,false,,Ghidra 12.1.3 auto-analysis candidate; boundary unreviewed,,
0x004850ED,199,0x004851B3,_CallSETranslator,,,unclassified,0.00,,,false,,Ghidra 12.1.3 auto-analysis candidate; boundary unreviewed,,
0x004851B4,178,0x00485265,TranslatorGuardHandler,,,unclassified,0.00,,,false,,Ghidra 12.1.3 auto-analysis candidate; boundary unreviewed,,
0x00485266,122,0x004852DF,_GetRangeOfTrysToCheck,,,unclassified,0.00,,,false,,Ghidra 12.1.3 auto-analysis candidate; boundary unreviewed,,
0x004852E0,40,0x00485307,_CreateFrameInfo,,,unclassified,0.00,,,false,,Ghidra 12.1.3 auto-analysis candidate; boundary unreviewed,,
0x00485308,33,0x00485328,IsExceptionObjectToBeDestroyed,,,unclassified,0.00,,,false,,Ghidra 12.1.3 auto-analysis candidate; boundary unreviewed,,
0x00485329,76,0x00485374,_FindAndUnlinkFrame,,,unclassified,0.00,,,false,,Ghidra 12.1.3 auto-analysis candidate; boundary unreviewed,,
0x00485375,89,0x004853CD,_CallCatchBlock2,,,unclassified,0.00,,,false,,Ghidra 12.1.3 auto-analysis candidate; boundary unreviewed,,
0x004853D0,32,0x004853EF,__global_unwind2,,,unclassified,0.00,,,false,,Ghidra 12.1.3 auto-analysis candidate; boundary unreviewed,,
0x00485412,104,0x00485479,__local_unwind2,,,unclassified,0.00,,,false,,Ghidra 12.1.3 auto-analysis candidate; boundary unreviewed,,
0x0048547A,35,0x0048549C,__abnormal_termination,,,unclassified,0.00,,,false,,Ghidra 12.1.3 auto-analysis candidate; boundary unreviewed,,
0x0048549D,9,0x004854A5,__NLG_Notify1,,,unclassified,0.00,,,false,,Ghidra 12.1.3 auto-analysis candidate; boundary unreviewed,,
0x004854A6,24,0x004854BD,FUN_004854a6,,,unclassified,0.00,,,false,,Ghidra 12.1.3 auto-analysis candidate; boundary unreviewed,,
0x004854BE,113,0x0048552E,_free,,,unclassified,0.00,,,false,,Ghidra 12.1.3 auto-analysis candidate; boundary unreviewed,,
0x00485511,9,0x00485519,FUN_00485511,,,unclassified,0.00,,,false,,Ghidra 12.1.3 auto-analysis candidate; boundary unreviewed,,
0x0048552F,47,0x0048555D,__ArrayUnwind,,,unclassified,0.00,,,false,,Ghidra 12.1.3 auto-analysis candidate; boundary unreviewed,,
0x0048558D,72,0x004855D4,`eh_vector_destructor_iterator',,,unclassified,0.00,,,false,,Ghidra 12.1.3 auto-analysis candidate; boundary unreviewed,,
0x004855D5,24,0x004855EC,FUN_004855d5,,,unclassified,0.00,,,false,,Ghidra 12.1.3 auto-analysis candidate; boundary unreviewed,,
0x004855ED,74,0x00485636,`eh_vector_constructor_iterator',,,unclassified,0.00,,,false,,Ghidra 12.1.3 auto-analysis candidate; boundary unreviewed,,
0x00485637,24,0x0048564E,FUN_00485637,,,unclassified,0.00,,,false,,Ghidra 12.1.3 auto-analysis candidate; boundary unreviewed,,
0x0048564F,5,0x00485653,_free,,,unclassified,0.00,,,true,,Ghidra 12.1.3 auto-analysis candidate; boundary unreviewed,,
0x00485654,14,0x00485661,operator_new,,,unclassified,0.00,,,false,,Ghidra 12.1.3 auto-analysis candidate; boundary unreviewed,,
0x00485664,117,0x004856D8,FUN_00485664,,,unclassified,0.00,,,false,,Ghidra 12.1.3 auto-analysis candidate; boundary unreviewed,,
0x004856D9,111,0x00485747,__heap_alloc,,,unclassified,0.00,,,false,,Ghidra 12.1.3 auto-analysis candidate; boundary unreviewed,,
0x0048574B,9,0x00485753,FUN_0048574b,,,unclassified,0.00,,,false,,Ghidra 12.1.3 auto-analysis candidate; boundary unreviewed,,
0x00485754,44,0x0048577F,__nh_malloc,,,unclassified,0.00,,,false,,Ghidra 12.1.3 auto-analysis candidate; boundary unreviewed,,
0x00485780,18,0x00485791,_malloc,,,unclassified,0.00,,,false,,Ghidra 12.1.3 auto-analysis candidate; boundary unreviewed,,
0x004857A0,20,0x004857B3,FUN_004857a0,,,unclassified,0.00,,,false,,Ghidra 12.1.3 auto-analysis candidate; boundary unreviewed,,
0x004857BD,157,0x00485859,FUN_004857bd,,,unclassified,0.00,,,false,,Ghidra 12.1.3 auto-analysis candidate; boundary unreviewed,,
0x00485860,20,0x00485873,FUN_00485860,,,unclassified,0.00,,,false,,Ghidra 12.1.3 auto-analysis candidate; boundary unreviewed,,
0x0048587D,145,0x0048590D,FUN_0048587d,,,unclassified,0.00,,,false,,Ghidra 12.1.3 auto-analysis candidate; boundary unreviewed,,
0x00485910,20,0x00485923,FUN_00485910,,,unclassified,0.00,,,false,,Ghidra 12.1.3 auto-analysis candidate; boundary unreviewed,,
0x0048592D,145,0x004859BD,FUN_0048592d,,,unclassified,0.00,,,false,,Ghidra 12.1.3 auto-analysis candidate; boundary unreviewed,,
0x004859CA,10,0x004859D3,FUN_004859ca,,,unclassified,0.00,,,false,,Ghidra 12.1.3 auto-analysis candidate; boundary unreviewed,,
0x004859EA,10,0x004859F3,FUN_004859ea,,,unclassified,0.00,,,false,,Ghidra 12.1.3 auto-analysis candidate; boundary unreviewed,,
0x00485A12,88,0x00485A69,_sprintf,,,unclassified,0.00,,,false,,Ghidra 12.1.3 auto-analysis candidate; boundary unreviewed,,
0x00485A70,45,0x00485A9C,_strrchr,,,unclassified,0.00,,,false,,Ghidra 12.1.3 auto-analysis candidate; boundary unreviewed,,
0x00485AA0,61,0x00485ADC,__chkstk,,,unclassified,0.00,,,false,,Ghidra 12.1.3 auto-analysis candidate; boundary unreviewed,,
0x00485ADD,48,0x00485B0C,__endthreadex,,,unclassified,0.00,,,false,,Ghidra 12.1.3 auto-analysis candidate; boundary unreviewed,,
0x00485B0E,137,0x00485B96,FUN_00485b0e,,,unclassified,0.00,,,false,,Ghidra 12.1.3 auto-analysis candidate; boundary unreviewed,,
0x00485BA3,139,0x00485C2D,__beginthreadex,,,unclassified,0.00,,,false,,Ghidra 12.1.3 auto-analysis candidate; boundary unreviewed,,
0x00485C30,829,0x00485F6C,_memmove,,,unclassified,0.00,,,false,,Ghidra 12.1.3 auto-analysis candidate; boundary unreviewed,,
0x00485F6D,44,0x00485F98,FUN_00485f6d,,,unclassified,0.00,,,false,,Ghidra 12.1.3 auto-analysis candidate; boundary unreviewed,,
0x00485FA0,20,0x00485FB3,FUN_00485fa0,,,unclassified,0.00,,,false,,Ghidra 12.1.3 auto-analysis candidate; boundary unreviewed,,
0x00485FBD,149,0x00486051,FUN_00485fbd,,,unclassified,0.00,,,false,,Ghidra 12.1.3 auto-analysis candidate; boundary unreviewed,,
0x00486060,104,0x004860C7,__aulldiv,,,unclassified,0.00,,,false,,Ghidra 12.1.3 auto-analysis candidate; boundary unreviewed,,
0x004860D0,52,0x00486103,__allmul,,,unclassified,0.00,,,false,,Ghidra 12.1.3 auto-analysis candidate; boundary unreviewed,,
0x00486104,61,0x00486140,__endthread,,,unclassified,0.00,,,false,,Ghidra 12.1.3 auto-analysis candidate; boundary unreviewed,,
0x00486142,134,0x004861C7,FUN_00486142,,,unclassified,0.00,,,false,,Ghidra 12.1.3 auto-analysis candidate; boundary unreviewed,,
0x004861D4,145,0x00486264,__beginthread,,,unclassified,0.00,,,false,,Ghidra 12.1.3 auto-analysis candidate; boundary unreviewed,,
0x00486280,190,0x0048633D,_strchr,,,unclassified,0.00,,,false,,Ghidra 12.1.3 auto-analysis candidate; boundary unreviewed,,
0x00486340,57,0x00486378,_strncmp,,,unclassified,0.00,,,false,,Ghidra 12.1.3 auto-analysis candidate; boundary unreviewed,,
0x00486379,136,0x00486400,_atol,,,unclassified,0.00,,,false,,Ghidra 12.1.3 auto-analysis candidate; boundary unreviewed,,
0x00486401,5,0x00486405,_atol,,,unclassified,0.00,,,true,,Ghidra 12.1.3 auto-analysis candidate; boundary unreviewed,,
0x00486406,57,0x0048643E,FID_conflict:__time32,,,unclassified,0.00,,,false,,Ghidra 12.1.3 auto-analysis candidate; boundary unreviewed,,
0x0048643F,384,0x004865BE,_localtime,,,unclassified,0.00,,,false,,Ghidra 12.1.3 auto-analysis candidate; boundary unreviewed,,
0x004865C0,24330,0x0048C4C9,FUN_004865c0,,,unclassified,0.00,,,false,,Ghidra 12.1.3 auto-analysis candidate; boundary unreviewed,,
0x00486730,79,0x0048677E,FUN_00486730,,,unclassified,0.00,,,false,,Ghidra 12.1.3 auto-analysis candidate; boundary unreviewed,,
0x00486788,130,0x00486809,FUN_00486788,,,unclassified,0.00,,,false,,Ghidra 12.1.3 auto-analysis candidate; boundary unreviewed,,
0x00486810,20,0x00486823,FUN_00486810,,,unclassified,0.00,,,false,,Ghidra 12.1.3 auto-analysis candidate; boundary unreviewed,,
0x0048682D,174,0x004868DA,FUN_0048682d,,,unclassified,0.00,,,false,,Ghidra 12.1.3 auto-analysis candidate; boundary unreviewed,,
0x004868DB,323,0x00486A1D,__chdir,,,unclassified,0.00,,,false,,Ghidra 12.1.3 auto-analysis candidate; boundary unreviewed,,
0x00486A1E,34,0x00486A3F,_rand,,,unclassified,0.00,,,false,,Ghidra 12.1.3 auto-analysis candidate; boundary unreviewed,,
0x00486A54,37,0x00486A78,__amsg_exit,,,unclassified,0.00,,,false,,Ghidra 12.1.3 auto-analysis candidate; boundary unreviewed,,
0x00486A79,36,0x00486A9C,fast_error_exit,,,unclassified,0.00,,,false,,Ghidra 12.1.3 auto-analysis candidate; boundary unreviewed,,
0x00486A9D,469,0x00486C71,entry,,,unclassified,0.00,,,false,,Ghidra 12.1.3 auto-analysis candidate; boundary unreviewed,,
0x00486C72,21,0x00486C86,FUN_00486c72,,,unclassified,0.00,,,false,,Ghidra 12.1.3 auto-analysis candidate; boundary unreviewed,,
0x00486C87,156,0x00486D22,__fpclass,,,unclassified,0.00,,,false,,Ghidra 12.1.3 auto-analysis candidate; boundary unreviewed,,
0x00486D24,31,0x00486D42,FUN_00486d24,,,unclassified,0.00,,,false,,Ghidra 12.1.3 auto-analysis candidate; boundary unreviewed,,
0x00486D44,120,0x00486DBB,_longjmp,,,unclassified,0.00,,,false,,Ghidra 12.1.3 auto-analysis candidate; boundary unreviewed,,
0x00486DC0,123,0x00486E3A,__setjmp3,,,unclassified,0.00,,,false,,Ghidra 12.1.3 auto-analysis candidate; boundary unreviewed,,
0x00486E3B,58,0x00486E74,_isdigit,,,unclassified,0.00,,,false,,Ghidra 12.1.3 auto-analysis candidate; boundary unreviewed,,
0x00486E75,58,0x00486EAE,_isspace,,,unclassified,0.00,,,false,,Ghidra 12.1.3 auto-analysis candidate; boundary unreviewed,,
0x00486EB0,39,0x00486ED6,__ftol,,,unclassified,0.00,,,false,,Ghidra 12.1.3 auto-analysis candidate; boundary unreviewed,,
0x00486F20,84,0x00486F73,FUN_00486f20,,,unclassified,0.00,,,false,,Ghidra 12.1.3 auto-analysis candidate; boundary unreviewed,,
0x00486F7D,453,0x00487141,FUN_00486f7d,,,unclassified,0.00,,,false,,Ghidra 12.1.3 auto-analysis candidate; boundary unreviewed,,
0x00487142,40,0x00487169,FUN_00487142,,,unclassified,0.00,,,false,,Ghidra 12.1.3 auto-analysis candidate; boundary unreviewed,,
0x00487170,31,0x0048718E,__aullshr,,,unclassified,0.00,,,false,,Ghidra 12.1.3 auto-analysis candidate; boundary unreviewed,,
0x0048718F,47,0x004871BD,___crtExitProcess,,,unclassified,0.00,,,false,,Ghidra 12.1.3 auto-analysis candidate; boundary unreviewed,,
0x004871BF,9,0x004871C7,FUN_004871bf,,,unclassified,0.00,,,false,,Ghidra 12.1.3 auto-analysis candidate; boundary unreviewed,,
0x004871C8,9,0x004871D0,FUN_004871c8,,,unclassified,0.00,,,false,,Ghidra 12.1.3 auto-analysis candidate; boundary unreviewed,,
0x004871D1,24,0x004871E8,__initterm,,,unclassified,0.00,,,false,,Ghidra 12.1.3 auto-analysis candidate; boundary unreviewed,,
0x004871E9,106,0x00487252,__cinit,,,unclassified,0.00,,,false,,Ghidra 12.1.3 auto-analysis candidate; boundary unreviewed,,
0x00487253,195,0x00487315,doexit,,,unclassified,0.00,,,false,,Ghidra 12.1.3 auto-analysis candidate; boundary unreviewed,,
0x00487302,14,0x0048730F,FUN_00487302,,,unclassified,0.00,,,false,,Ghidra 12.1.3 auto-analysis candidate; boundary unreviewed,,
0x00487316,17,0x00487326,_exit,,,unclassified,0.00,,,false,,Ghidra 12.1.3 auto-analysis candidate; boundary unreviewed,,
0x00487327,17,0x00487337,__exit,,,unclassified,0.00,,,false,,Ghidra 12.1.3 auto-analysis candidate; boundary unreviewed,,
0x00487338,15,0x00487346,__cexit,,,unclassified,0.00,,,false,,Ghidra 12.1.3 auto-analysis candidate; boundary unreviewed,,
0x00487356,187,0x00487410,_calloc,,,unclassified,0.00,,,false,,Ghidra 12.1.3 auto-analysis candidate; boundary unreviewed,,
0x00487400,9,0x00487408,FUN_00487400,,,unclassified,0.00,,,false,,Ghidra 12.1.3 auto-analysis candidate; boundary unreviewed,,
0x00487411,60,0x0048744C,__forcdecpt,,,unclassified,0.00,,,false,,Ghidra 12.1.3 auto-analysis candidate; boundary unreviewed,,
0x004874B2,62,0x004874EF,__fassign,,,unclassified,0.00,,,false,,Ghidra 12.1.3 auto-analysis candidate; boundary unreviewed,,
0x004874F0,29,0x0048750C,__shift,,,unclassified,0.00,,,false,,Ghidra 12.1.3 auto-analysis candidate; boundary unreviewed,,
0x0048750D,174,0x004875BA,__cftoe2,,,unclassified,0.00,,,false,,Ghidra 12.1.3 auto-analysis candidate; boundary unreviewed,,
0x004875BB,108,0x00487626,__cftoe,,,unclassified,0.00,,,false,,Ghidra 12.1.3 auto-analysis candidate; boundary unreviewed,,
0x00487627,156,0x004876C2,__cftof2,,,unclassified,0.00,,,false,,Ghidra 12.1.3 auto-analysis candidate; boundary unreviewed,,
0x004876C3,98,0x00487724,__cftof,,,unclassified,0.00,,,false,,Ghidra 12.1.3 auto-analysis candidate; boundary unreviewed,,
0x00487725,154,0x004877BE,__cftog,,,unclassified,0.00,,,false,,Ghidra 12.1.3 auto-analysis candidate; boundary unreviewed,,
0x004877BF,81,0x0048780F,__cfltcvt,,,unclassified,0.00,,,false,,Ghidra 12.1.3 auto-analysis candidate; boundary unreviewed,,
0x00487810,18,0x00487821,__setdefaultprecision,,,unclassified,0.00,,,false,,Ghidra 12.1.3 auto-analysis candidate; boundary unreviewed,,
0x00487822,64,0x00487861,__ms_p5_test_fdiv,,,unclassified,0.00,,,false,,Ghidra 12.1.3 auto-analysis candidate; boundary unreviewed,,
0x00487862,41,0x0048788A,__ms_p5_mp_test_fdiv,,,unclassified,0.00,,,false,,Ghidra 12.1.3 auto-analysis candidate; boundary unreviewed,,
0x0048788B,281,0x004879A3,__flsbuf,,,unclassified,0.00,,,false,,Ghidra 12.1.3 auto-analysis candidate; boundary unreviewed,,
0x004879A4,51,0x004879D6,write_char,,,unclassified,0.00,,,false,,Ghidra 12.1.3 auto-analysis candidate; boundary unreviewed,,
0x004879D7,36,0x004879FA,write_multi_char,,,unclassified,0.00,,,false,,Ghidra 12.1.3 auto-analysis candidate; boundary unreviewed,,
0x004879FB,55,0x00487A31,write_string,,,unclassified,0.00,,,false,,Ghidra 12.1.3 auto-analysis candidate; boundary unreviewed,,
0x00487A32,2010,0x0048820B,__output,,,unclassified,0.00,,,false,,Ghidra 12.1.3 auto-analysis candidate; boundary unreviewed,,
0x0048822C,429,0x004883D8,_realloc,,,unclassified,0.00,,,false,,Ghidra 12.1.3 auto-analysis candidate; boundary unreviewed,,
0x00488394,9,0x0048839C,FUN_00488394,,,unclassified,0.00,,,false,,Ghidra 12.1.3 auto-analysis candidate; boundary unreviewed,,
0x004883D9,106,0x00488442,__msize,,,unclassified,0.00,,,false,,Ghidra 12.1.3 auto-analysis candidate; boundary unreviewed,,
0x00488446,9,0x0048844E,FUN_00488446,,,unclassified,0.00,,,false,,Ghidra 12.1.3 auto-analysis candidate; boundary unreviewed,,
0x00488450,59,0x0048848A,__SEH_prolog,,,unclassified,0.00,,,false,,Ghidra 12.1.3 auto-analysis candidate; boundary unreviewed,,
0x0048848B,17,0x0048849B,__SEH_epilog,,,unclassified,0.00,,,false,,Ghidra 12.1.3 auto-analysis candidate; boundary unreviewed,,
0x0048858A,27,0x004885A4,FUN_0048858a,,,unclassified,0.00,,,false,,Ghidra 12.1.3 auto-analysis candidate; boundary unreviewed,,
0x004885A5,79,0x004885F3,TypeMatch,,,unclassified,0.00,,,false,,Ghidra 12.1.3 auto-analysis candidate; boundary unreviewed,,
0x00488612,173,0x004886BE,___FrameUnwindToState,,,unclassified,0.00,,,false,,Ghidra 12.1.3 auto-analysis candidate; boundary unreviewed,,
0x004886C5,27,0x004886DF,FUN_004886c5,,,unclassified,0.00,,,false,,Ghidra 12.1.3 auto-analysis candidate; boundary unreviewed,,
0x004886E0,52,0x00488713,___DestructExceptionObject,,,unclassified,0.00,,,false,,Ghidra 12.1.3 auto-analysis candidate; boundary unreviewed,,
0x00488725,31,0x00488743,AdjustPointer,,,unclassified,0.00,,,false,,Ghidra 12.1.3 auto-analysis candidate; boundary unreviewed,,
0x00488744,332,0x0048888F,CallCatchBlock,,,unclassified,0.00,,,false,,Ghidra 12.1.3 auto-analysis candidate; boundary unreviewed,,
0x00488899,111,0x00488907,FUN_00488899,,,unclassified,0.00,,,false,,Ghidra 12.1.3 auto-analysis candidate; boundary unreviewed,,
0x00488908,368,0x00488A77,BuildCatchObject,,,unclassified,0.00,,,false,,Ghidra 12.1.3 auto-analysis candidate; boundary unreviewed,,
0x00488A84,103,0x00488AEA,CatchIt,,,unclassified,0.00,,,false,,Ghidra 12.1.3 auto-analysis candidate; boundary unreviewed,,
0x00488AEB,190,0x00488BA8,FindHandlerForForeignException,,,unclassified,0.00,,,false,,Ghidra 12.1.3 auto-analysis candidate; boundary unreviewed,,
0x00488BA9,516,0x00488DAC,FindHandler,,,unclassified,0.00,,,false,,Ghidra 12.1.3 auto-analysis candidate; boundary unreviewed,,
0x00488DAD,162,0x00488E4E,___InternalCxxFrameHandler,,,unclassified,0.00,,,false,,Ghidra 12.1.3 auto-analysis candidate; boundary unreviewed,,
0x00488E4F,9,0x00488E57,FUN_00488e4f,,,unclassified,0.00,,,false,,Ghidra 12.1.3 auto-analysis candidate; boundary unreviewed,,
0x00488E58,29,0x00488E74,__mtterm,,,unclassified,0.00,,,false,,Ghidra 12.1.3 auto-analysis candidate; boundary unreviewed,,
0x00488E75,19,0x00488E87,__initptd,,,unclassified,0.00,,,false,,Ghidra 12.1.3 auto-analysis candidate; boundary unreviewed,,
0x00488E88,113,0x00488EF8,__getptd,,,unclassified,0.00,,,false,,Ghidra 12.1.3 auto-analysis candidate; boundary unreviewed,,
0x00488EF9,301,0x00489025,__freefls@4,,,unclassified,0.00,,,false,,Ghidra 12.1.3 auto-analysis candidate; boundary unreviewed,,
0x0048902B,9,0x00489033,FUN_0048902b,,,unclassified,0.00,,,false,,Ghidra 12.1.3 auto-analysis candidate; boundary unreviewed,,
0x00489037,9,0x0048903F,FUN_00489037,,,unclassified,0.00,,,false,,Ghidra 12.1.3 auto-analysis candidate; boundary unreviewed,,
0x00489040,47,0x0048906E,__freeptd,,,unclassified,0.00,,,false,,Ghidra 12.1.3 auto-analysis candidate; boundary unreviewed,,
0x0048906F,239,0x0048915D,__mtinit,,,unclassified,0.00,,,false,,Ghidra 12.1.3 auto-analysis candidate; boundary unreviewed,,
0x0048915E,53,0x00489192,terminate,,,unclassified,0.00,,,false,,Ghidra 12.1.3 auto-analysis candidate; boundary unreviewed,,
0x00489193,45,0x004891BF,_inconsistency,,,unclassified,0.00,,,false,,Ghidra 12.1.3 auto-analysis candidate; boundary unreviewed,,
0x004891C0,76,0x0048920B,__CallSettingFrame@12,,,unclassified,0.00,,,false,,Ghidra 12.1.3 auto-analysis candidate; boundary unreviewed,,
0x0048920C,26,0x00489225,___heap_select,,,unclassified,0.00,,,false,,Ghidra 12.1.3 auto-analysis candidate; boundary unreviewed,,
0x00489226,81,0x00489276,__heap_init,,,unclassified,0.00,,,false,,Ghidra 12.1.3 auto-analysis candidate; boundary unreviewed,,
0x00489277,73,0x004892BF,__mtinitlocks,,,unclassified,0.00,,,false,,Ghidra 12.1.3 auto-analysis candidate; boundary unreviewed,,
0x004892C0,85,0x00489314,__mtdeletelocks,,,unclassified,0.00,,,false,,Ghidra 12.1.3 auto-analysis candidate; boundary unreviewed,,
0x00489315,21,0x00489329,FUN_00489315,,,unclassified,0.00,,,false,,Ghidra 12.1.3 auto-analysis candidate; boundary unreviewed,,
0x0048932A,151,0x004893C0,__mtinitlocknum,,,unclassified,0.00,,,false,,Ghidra 12.1.3 auto-analysis candidate; boundary unreviewed,,
0x004893C1,9,0x004893C9,FUN_004893c1,,,unclassified,0.00,,,false,,Ghidra 12.1.3 auto-analysis candidate; boundary unreviewed,,
0x004893CA,49,0x004893FA,__lock,,,unclassified,0.00,,,false,,Ghidra 12.1.3 auto-analysis candidate; boundary unreviewed,,
0x004893FB,72,0x00489442,___sbh_heap_init,,,unclassified,0.00,,,false,,Ghidra 12.1.3 auto-analysis candidate; boundary unreviewed,,
0x00489443,43,0x0048946D,___sbh_find_block,,,unclassified,0.00,,,false,,Ghidra 12.1.3 auto-analysis candidate; boundary unreviewed,,
0x0048946E,792,0x00489785,___sbh_free_block,,,unclassified,0.00,,,false,,Ghidra 12.1.3 auto-analysis candidate; boundary unreviewed,,
0x00489786,183,0x0048983C,___sbh_alloc_new_region,,,unclassified,0.00,,,false,,Ghidra 12.1.3 auto-analysis candidate; boundary unreviewed,,
0x0048983D,262,0x00489942,___sbh_alloc_new_group,,,unclassified,0.00,,,false,,Ghidra 12.1.3 auto-analysis candidate; boundary unreviewed,,
0x00489943,735,0x00489C21,___sbh_resize_block,,,unclassified,0.00,,,false,,Ghidra 12.1.3 auto-analysis candidate; boundary unreviewed,,
0x00489C22,764,0x00489F1D,___sbh_alloc_block,,,unclassified,0.00,,,false,,Ghidra 12.1.3 auto-analysis candidate; boundary unreviewed,,
0x00489F1E,27,0x00489F38,__callnewh,,,unclassified,0.00,,,false,,Ghidra 12.1.3 auto-analysis candidate; boundary unreviewed,,
0x00489F40,103,0x00489FA6,__trandisp1,,,unclassified,0.00,,,false,,Ghidra 12.1.3 auto-analysis candidate; boundary unreviewed,,
0x00489FA7,140,0x0048A032,__trandisp2,,,unclassified,0.00,,,false,,Ghidra 12.1.3 auto-analysis candidate; boundary unreviewed,,
0x0048A103,7,0x0048A109,FUN_0048a103,,,unclassified,0.00,,,false,,Ghidra 12.1.3 auto-analysis candidate; boundary unreviewed,,
0x0048A110,23,0x0048A126,FUN_0048a110,,,unclassified,0.00,,,false,,Ghidra 12.1.3 auto-analysis candidate; boundary unreviewed,,
0x0048A127,60,0x0048A162,__startOneArgErrorHandling,,,unclassified,0.00,,,false,,Ghidra 12.1.3 auto-analysis candidate; boundary unreviewed,,
0x0048A170,21,0x0048A184,FUN_0048a170,,,unclassified,0.00,,,false,,Ghidra 12.1.3 auto-analysis candidate; boundary unreviewed,,
0x0048A185,23,0x0048A19B,FUN_0048a185,,,unclassified,0.00,,,false,,Ghidra 12.1.3 auto-analysis candidate; boundary unreviewed,,
0x0048A19C,25,0x0048A1B4,FUN_0048a19c,,,unclassified,0.00,,,false,,Ghidra 12.1.3 auto-analysis candidate; boundary unreviewed,,
0x0048A1B5,67,0x0048A1F7,__fload_withFB,,,unclassified,0.00,,,false,,Ghidra 12.1.3 auto-analysis candidate; boundary unreviewed,,
0x0048A1F8,22,0x0048A20D,FUN_0048a1f8,,,unclassified,0.00,,,false,,Ghidra 12.1.3 auto-analysis candidate; boundary unreviewed,,
0x0048A20E,13,0x0048A21A,FUN_0048a20e,,,unclassified,0.00,,,false,,Ghidra 12.1.3 auto-analysis candidate; boundary unreviewed,,
0x0048A21B,42,0x0048A244,__math_exit,,,unclassified,0.00,,,false,,Ghidra 12.1.3 auto-analysis candidate; boundary unreviewed,,
0x0048A259,163,0x0048A2FB,FUN_0048a259,,,unclassified,0.00,,,false,,Ghidra 12.1.3 auto-analysis candidate; boundary unreviewed,,
0x0048A36C,9,0x0048A374,FUN_0048a36c,,,unclassified,0.00,,,false,,Ghidra 12.1.3 auto-analysis candidate; boundary unreviewed,,
0x0048A3B0,62,0x0048A3ED,__cintrindisp2,,,unclassified,0.00,,,false,,Ghidra 12.1.3 auto-analysis candidate; boundary unreviewed,,
0x0048A3EE,61,0x0048A42A,__cintrindisp1,,,unclassified,0.00,,,false,,Ghidra 12.1.3 auto-analysis candidate; boundary unreviewed,,
0x0048A42B,72,0x0048A472,__ctrandisp2,,,unclassified,0.00,,,false,,Ghidra 12.1.3 auto-analysis candidate; boundary unreviewed,,
0x0048A473,7,0x0048A479,FUN_0048a473,,,unclassified,0.00,,,false,,Ghidra 12.1.3 auto-analysis candidate; boundary unreviewed,,
0x0048A47A,327,0x0048A5C0,FUN_0048a47a,,,unclassified,0.00,,,false,,Ghidra 12.1.3 auto-analysis candidate; boundary unreviewed,,
0x0048A5C1,51,0x0048A5F3,__ctrandisp1,,,unclassified,0.00,,,false,,Ghidra 12.1.3 auto-analysis candidate; boundary unreviewed,,
0x0048A5F4,60,0x0048A62F,__fload,,,unclassified,0.00,,,false,,Ghidra 12.1.3 auto-analysis candidate; boundary unreviewed,,
0x0048AE36,518,0x0048B03B,FUN_0048ae36,,,unclassified,0.00,,,false,,Ghidra 12.1.3 auto-analysis candidate; boundary unreviewed,,
0x0048B03C,178,0x0048B0ED,FUN_0048b03c,,,unclassified,0.00,,,false,,Ghidra 12.1.3 auto-analysis candidate; boundary unreviewed,,
0x0048B3BB,356,0x0048B51E,__XcptFilter,,,unclassified,0.00,,,false,,Ghidra 12.1.3 auto-analysis candidate; boundary unreviewed,,
0x0048B51F,9,0x0048B527,FUN_0048b51f,,,unclassified,0.00,,,false,,Ghidra 12.1.3 auto-analysis candidate; boundary unreviewed,,
0x0048B528,9,0x0048B530,FUN_0048b528,,,unclassified,0.00,,,false,,Ghidra 12.1.3 auto-analysis candidate; boundary unreviewed,,
0x0048B531,115,0x0048B5A3,__dosmaperr,,,unclassified,0.00,,,false,,Ghidra 12.1.3 auto-analysis candidate; boundary unreviewed,,
0x0048B5A4,78,0x0048B5F1,__CxxUnhandledExceptionFilter,,,unclassified,0.00,,,false,,Ghidra 12.1.3 auto-analysis candidate; boundary unreviewed,,
0x0048B620,139,0x0048B6AA,_strlen,,,unclassified,0.00,,,false,,Ghidra 12.1.3 auto-analysis candidate; boundary unreviewed,,
0x0048B6AB,119,0x0048B721,___isctype_mt,,,unclassified,0.00,,,false,,Ghidra 12.1.3 auto-analysis candidate; boundary unreviewed,,
0x0048B722,208,0x0048B7F1,___freetlocinfo,,,unclassified,0.00,,,false,,Ghidra 12.1.3 auto-analysis candidate; boundary unreviewed,,
0x0048B7F2,193,0x0048B8B2,___updatetlocinfo_lk,,,unclassified,0.00,,,false,,Ghidra 12.1.3 auto-analysis candidate; boundary unreviewed,,
0x0048B8B3,50,0x0048B8E4,___updatetlocinfo,,,unclassified,0.00,,,false,,Ghidra 12.1.3 auto-analysis candidate; boundary unreviewed,,
0x0048B8E5,9,0x0048B8ED,FUN_0048b8e5,,,unclassified,0.00,,,false,,Ghidra 12.1.3 auto-analysis candidate; boundary unreviewed,,
0x0048B8EE,680,0x0048BB95,__tzset_lk,,,unclassified,0.00,,,false,,Ghidra 12.1.3 auto-analysis candidate; boundary unreviewed,,
0x0048BB09,9,0x0048BB11,FUN_0048bb09,,,unclassified,0.00,,,false,,Ghidra 12.1.3 auto-analysis candidate; boundary unreviewed,,
0x0048BB96,440,0x0048BD4D,cvtdate,,,unclassified,0.00,,,false,,Ghidra 12.1.3 auto-analysis candidate; boundary unreviewed,,
0x0048BD4E,391,0x0048BED4,__isindst_lk,,,unclassified,0.00,,,false,,Ghidra 12.1.3 auto-analysis candidate; boundary unreviewed,,
0x0048BED5,67,0x0048BF17,___tzset,,,unclassified,0.00,,,false,,Ghidra 12.1.3 auto-analysis candidate; boundary unreviewed,,
0x0048BF18,9,0x0048BF20,FUN_0048bf18,,,unclassified,0.00,,,false,,Ghidra 12.1.3 auto-analysis candidate; boundary unreviewed,,
0x0048BF21,53,0x0048BF55,__isindst,,,unclassified,0.00,,,false,,Ghidra 12.1.3 auto-analysis candidate; boundary unreviewed,,
0x0048BF56,9,0x0048BF5E,FUN_0048bf56,,,unclassified,0.00,,,false,,Ghidra 12.1.3 auto-analysis candidate; boundary unreviewed,,
0x0048BF5F,263,0x0048C065,_gmtime,,,unclassified,0.00,,,false,,Ghidra 12.1.3 auto-analysis candidate; boundary unreviewed,,
0x0048C066,654,0x0048C2F3,___libm_error_support,,,unclassified,0.00,,,false,,Ghidra 12.1.3 auto-analysis candidate; boundary unreviewed,,
0x0048C2F4,53,0x0048C328,FUN_0048c2f4,,,unclassified,0.00,,,false,,Ghidra 12.1.3 auto-analysis candidate; boundary unreviewed,,
0x0048C329,206,0x0048C3F6,___sse2_available_init,,,unclassified,0.00,,,false,,Ghidra 12.1.3 auto-analysis candidate; boundary unreviewed,,
0x0048C4D0,24,0x0048C4E7,FUN_0048c4d0,,,unclassified,0.00,,,false,,Ghidra 12.1.3 auto-analysis candidate; boundary unreviewed,,
0x0048C4EE,717,0x0048C7BA,FUN_0048c4ee,,,unclassified,0.00,,,false,,Ghidra 12.1.3 auto-analysis candidate; boundary unreviewed,,
0x0048C7BC,133,0x0048C840,__mbctoupper,,,unclassified,0.00,,,false,,Ghidra 12.1.3 auto-analysis candidate; boundary unreviewed,,
0x0048C841,227,0x0048C923,__resetstkoflw,,,unclassified,0.00,,,false,,Ghidra 12.1.3 auto-analysis candidate; boundary unreviewed,,
0x0048C924,48,0x0048C953,report_failure,,,unclassified,0.00,,,false,,Ghidra 12.1.3 auto-analysis candidate; boundary unreviewed,,
0x0048C955,14,0x0048C962,__security_check_cookie,,,unclassified,0.00,,,false,,Ghidra 12.1.3 auto-analysis candidate; boundary unreviewed,,
0x0048C963,375,0x0048CAD9,__NMSG_WRITE,,,unclassified,0.00,,,false,,Ghidra 12.1.3 auto-analysis candidate; boundary unreviewed,,
0x0048CADA,57,0x0048CB12,__FF_MSGBANNER,,,unclassified,0.00,,,false,,Ghidra 12.1.3 auto-analysis candidate; boundary unreviewed,,
0x0048CB13,93,0x0048CB6F,__wincmdln,,,unclassified,0.00,,,false,,Ghidra 12.1.3 auto-analysis candidate; boundary unreviewed,,
0x0048CB70,199,0x0048CC36,__setenvp,,,unclassified,0.00,,,false,,Ghidra 12.1.3 auto-analysis candidate; boundary unreviewed,,
0x0048CC37,364,0x0048CDA2,parse_cmdline,,,unclassified,0.00,,,false,,Ghidra 12.1.3 auto-analysis candidate; boundary unreviewed,,
0x0048CDA3,162,0x0048CE44,__setargv,,,unclassified,0.00,,,false,,Ghidra 12.1.3 auto-analysis candidate; boundary unreviewed,,
0x0048CE45,290,0x0048CF66,___crtGetEnvironmentStringsA,,,unclassified,0.00,,,false,,Ghidra 12.1.3 auto-analysis candidate; boundary unreviewed,,
0x0048CF67,510,0x0048D164,__ioinit,,,unclassified,0.00,,,false,,Ghidra 12.1.3 auto-analysis candidate; boundary unreviewed,,
0x0048D165,68,0x0048D1A8,__RTC_Initialize,,,unclassified,0.00,,,false,,Ghidra 12.1.3 auto-analysis candidate; boundary unreviewed,,
0x0048D1ED,42,0x0048D216,__set_exp,,,unclassified,0.00,,,false,,Ghidra 12.1.3 auto-analysis candidate; boundary unreviewed,,
0x0048D217,91,0x0048D271,__sptype,,,unclassified,0.00,,,false,,Ghidra 12.1.3 auto-analysis candidate; boundary unreviewed,,
0x0048D272,188,0x0048D32D,__decomp,,,unclassified,0.00,,,false,,Ghidra 12.1.3 auto-analysis candidate; boundary unreviewed,,
0x0048D32E,677,0x0048D5D2,__raise_exc,,,unclassified,0.00,,,false,,Ghidra 12.1.3 auto-analysis candidate; boundary unreviewed,,
0x0048D5D3,548,0x0048D7F6,__handle_exc,,,unclassified,0.00,,,false,,Ghidra 12.1.3 auto-analysis candidate; boundary unreviewed,,
0x0048D7F7,40,0x0048D81E,__set_errno,,,unclassified,0.00,,,false,,Ghidra 12.1.3 auto-analysis candidate; boundary unreviewed,,
0x0048D81F,45,0x0048D84B,__errcode,,,unclassified,0.00,,,false,,Ghidra 12.1.3 auto-analysis candidate; boundary unreviewed,,
0x0048D84C,158,0x0048D8E9,__umatherr,,,unclassified,0.00,,,false,,Ghidra 12.1.3 auto-analysis candidate; boundary unreviewed,,
0x0048D8EA,83,0x0048D93C,__handle_qnan1,,,unclassified,0.00,,,false,,Ghidra 12.1.3 auto-analysis candidate; boundary unreviewed,,
0x0048D93D,184,0x0048D9F4,__except1,,,unclassified,0.00,,,false,,Ghidra 12.1.3 auto-analysis candidate; boundary unreviewed,,
0x0048D9F5,11,0x0048D9FF,__statfp,,,unclassified,0.00,,,false,,Ghidra 12.1.3 auto-analysis candidate; boundary unreviewed,,
0x0048DA00,12,0x0048DA0B,__clrfp,,,unclassified,0.00,,,false,,Ghidra 12.1.3 auto-analysis candidate; boundary unreviewed,,
0x0048DA0C,36,0x0048DA2F,__ctrlfp,,,unclassified,0.00,,,false,,Ghidra 12.1.3 auto-analysis candidate; boundary unreviewed,,
0x0048DA30,86,0x0048DA85,FUN_0048da30,,,unclassified,0.00,,,false,,Ghidra 12.1.3 auto-analysis candidate; boundary unreviewed,,
0x0048DA86,66,0x0048DAC7,__rt_probe_read4@4,,,unclassified,0.00,,,false,,Ghidra 12.1.3 auto-analysis candidate; boundary unreviewed,,
0x0048DAD0,25,0x0048DAE8,FUN_0048dad0,,,unclassified,0.00,,,false,,Ghidra 12.1.3 auto-analysis candidate; boundary unreviewed,,
0x0048DAE9,2861,0x0048E615,FUN_0048dae9,,,unclassified,0.00,,,false,,Ghidra 12.1.3 auto-analysis candidate; boundary unreviewed,,
0x0048E827,110,0x0048E894,__d_inttype,,,unclassified,0.00,,,false,,Ghidra 12.1.3 auto-analysis candidate; boundary unreviewed,,
0x0048E895,354,0x0048E9F6,__powhlp,,,unclassified,0.00,,,false,,Ghidra 12.1.3 auto-analysis candidate; boundary unreviewed,,
0x0048EA00,96,0x0048EA5F,_memset,,,unclassified,0.00,,,false,,Ghidra 12.1.3 auto-analysis candidate; boundary unreviewed,,
0x0048EA60,200,0x0048EB27,___tolower_mt,,,unclassified,0.00,,,false,,Ghidra 12.1.3 auto-analysis candidate; boundary unreviewed,,
0x0048EB28,34,0x0048EB49,_tolower,,,unclassified,0.00,,,false,,Ghidra 12.1.3 auto-analysis candidate; boundary unreviewed,,
0x0048EB4A,50,0x0048EB7B,__ZeroTail,,,unclassified,0.00,,,false,,Ghidra 12.1.3 auto-analysis candidate; boundary unreviewed,,
0x0048EB7C,77,0x0048EBC8,__IncMan,,,unclassified,0.00,,,false,,Ghidra 12.1.3 auto-analysis candidate; boundary unreviewed,,
0x0048EBC9,114,0x0048EC3A,__RoundMan,,,unclassified,0.00,,,false,,Ghidra 12.1.3 auto-analysis candidate; boundary unreviewed,,
0x0048EC3B,27,0x0048EC55,__CopyMan,,,unclassified,0.00,,,false,,Ghidra 12.1.3 auto-analysis candidate; boundary unreviewed,,
0x0048EC56,25,0x0048EC6E,__IsZeroMan,,,unclassified,0.00,,,false,,Ghidra 12.1.3 auto-analysis candidate; boundary unreviewed,,
0x0048EC6F,123,0x0048ECE9,__ShrMan,,,unclassified,0.00,,,false,,Ghidra 12.1.3 auto-analysis candidate; boundary unreviewed,,
0x0048ECEA,344,0x0048EE41,__ld12cvt,,,unclassified,0.00,,,false,,Ghidra 12.1.3 auto-analysis candidate; boundary unreviewed,,
0x0048EE42,22,0x0048EE57,FID_conflict:__ld12tod,,,unclassified,0.00,,,false,,Ghidra 12.1.3 auto-analysis candidate; boundary unreviewed,,
0x0048EE58,22,0x0048EE6D,FID_conflict:__ld12tod,,,unclassified,0.00,,,false,,Ghidra 12.1.3 auto-analysis candidate; boundary unreviewed,,
0x0048EE6E,61,0x0048EEAA,FID_conflict:__atodbl,,,unclassified,0.00,,,false,,Ghidra 12.1.3 auto-analysis candidate; boundary unreviewed,,
0x0048EEAB,61,0x0048EEE7,FID_conflict:__atodbl,,,unclassified,0.00,,,false,,Ghidra 12.1.3 auto-analysis candidate; boundary unreviewed,,
0x0048EEF0,7,0x0048EEF6,FUN_0048eef0,,,unclassified,0.00,,,false,,Ghidra 12.1.3 auto-analysis candidate; boundary unreviewed,,
0x0048EF00,232,0x0048EFE7,FUN_0048ef00,,,unclassified,0.00,,,false,,Ghidra 12.1.3 auto-analysis candidate; boundary unreviewed,,
0x0048EFE8,119,0x0048F05E,__fptostr,,,unclassified,0.00,,,false,,Ghidra 12.1.3 auto-analysis candidate; boundary unreviewed,,
0x0048F05F,186,0x0048F118,___dtold,,,unclassified,0.00,,,false,,Ghidra 12.1.3 auto-analysis candidate; boundary unreviewed,,
0x0048F119,108,0x0048F184,__fltout2,,,unclassified,0.00,,,false,,Ghidra 12.1.3 auto-analysis candidate; boundary unreviewed,,
0x0048F185,9,0x0048F18D,FUN_0048f185,,,unclassified,0.00,,,false,,Ghidra 12.1.3 auto-analysis candidate; boundary unreviewed,,
0x0048F18E,146,0x0048F21F,__abstract_cw,,,unclassified,0.00,,,false,,Ghidra 12.1.3 auto-analysis candidate; boundary unreviewed,,
0x0048F220,142,0x0048F2AD,__hw_cw,,,unclassified,0.00,,,false,,Ghidra 12.1.3 auto-analysis candidate; boundary unreviewed,,
0x0048F2AE,50,0x0048F2DF,__control87,,,unclassified,0.00,,,false,,Ghidra 12.1.3 auto-analysis candidate; boundary unreviewed,,
0x0048F2E0,22,0x0048F2F5,__controlfp,,,unclassified,0.00,,,false,,Ghidra 12.1.3 auto-analysis candidate; boundary unreviewed,,
0x0048F2F6,116,0x0048F369,__lseek_lk,,,unclassified,0.00,,,false,,Ghidra 12.1.3 auto-analysis candidate; boundary unreviewed,,
0x0048F36A,171,0x0048F414,__lseek,,,unclassified,0.00,,,false,,Ghidra 12.1.3 auto-analysis candidate; boundary unreviewed,,
0x0048F3F1,8,0x0048F3F8,FUN_0048f3f1,,,unclassified,0.00,,,false,,Ghidra 12.1.3 auto-analysis candidate; boundary unreviewed,,
0x0048F415,462,0x0048F5E2,__write_lk,,,unclassified,0.00,,,false,,Ghidra 12.1.3 auto-analysis candidate; boundary unreviewed,,
0x0048F5E3,171,0x0048F68D,__write,,,unclassified,0.00,,,false,,Ghidra 12.1.3 auto-analysis candidate; boundary unreviewed,,
0x0048F66A,8,0x0048F671,FUN_0048f66a,,,unclassified,0.00,,,false,,Ghidra 12.1.3 auto-analysis candidate; boundary unreviewed,,
0x0048F68E,68,0x0048F6D1,__getbuf,,,unclassified,0.00,,,false,,Ghidra 12.1.3 auto-analysis candidate; boundary unreviewed,,
0x0048F6D2,42,0x0048F6FB,__isatty,,,unclassified,0.00,,,false,,Ghidra 12.1.3 auto-analysis candidate; boundary unreviewed,,
0x0048F85D,96,0x0048F8BC,___wctomb_mt,,,unclassified,0.00,,,false,,Ghidra 12.1.3 auto-analysis candidate; boundary unreviewed,,
0x0048F8BD,39,0x0048F8E3,_wctomb,,,unclassified,0.00,,,false,,Ghidra 12.1.3 auto-analysis candidate; boundary unreviewed,,
0x0048F8F0,149,0x0048F984,__aulldvrm,,,unclassified,0.00,,,false,,Ghidra 12.1.3 auto-analysis candidate; boundary unreviewed,,
0x0048F990,829,0x0048FCCC,_memcpy,,,unclassified,0.00,,,false,,Ghidra 12.1.3 auto-analysis candidate; boundary unreviewed,,
0x0048FCCD,553,0x0048FEF5,__ValidateEH3RN,,,unclassified,0.00,,,false,,Ghidra 12.1.3 auto-analysis candidate; boundary unreviewed,,
0x0048FF00,136,0x0048FF87,_strcmp,,,unclassified,0.00,,,false,,Ghidra 12.1.3 auto-analysis candidate; boundary unreviewed,,
0x0048FF88,28,0x0048FFA3,_ValidateRead,,,unclassified,0.00,,,false,,Ghidra 12.1.3 auto-analysis candidate; boundary unreviewed,,
0x0048FFA4,28,0x0048FFBF,_ValidateWrite,,,unclassified,0.00,,,false,,Ghidra 12.1.3 auto-analysis candidate; boundary unreviewed,,
0x0048FFC0,24,0x0048FFD7,_ValidateExecute,,,unclassified,0.00,,,false,,Ghidra 12.1.3 auto-analysis candidate; boundary unreviewed,,
0x0048FFD8,47,0x00490006,_CPtoLCID,,,unclassified,0.00,,,false,,Ghidra 12.1.3 auto-analysis candidate; boundary unreviewed,,
0x00490007,41,0x0049002F,setSBCS,,,unclassified,0.00,,,false,,Ghidra 12.1.3 auto-analysis candidate; boundary unreviewed,,
0x00490030,396,0x004901BB,setSBUpLow,,,unclassified,0.00,,,false,,Ghidra 12.1.3 auto-analysis candidate; boundary unreviewed,,
0x004901BC,99,0x0049021E,___updatetmbcinfo,,,unclassified,0.00,,,false,,Ghidra 12.1.3 auto-analysis candidate; boundary unreviewed,,
0x00490222,9,0x0049022A,FUN_00490222,,,unclassified,0.00,,,false,,Ghidra 12.1.3 auto-analysis candidate; boundary unreviewed,,
0x0049022B,400,0x004903BA,__setmbcp_lk,,,unclassified,0.00,,,false,,Ghidra 12.1.3 auto-analysis candidate; boundary unreviewed,,
0x004903BB,327,0x00490501,__setmbcp,,,unclassified,0.00,,,false,,Ghidra 12.1.3 auto-analysis candidate; boundary unreviewed,,
0x00490502,9,0x0049050A,FUN_00490502,,,unclassified,0.00,,,false,,Ghidra 12.1.3 auto-analysis candidate; boundary unreviewed,,
0x0049050B,30,0x00490528,___initmbctable,,,unclassified,0.00,,,false,,Ghidra 12.1.3 auto-analysis candidate; boundary unreviewed,,
0x00490529,24,0x00490540,_abort,,,unclassified,0.00,,,false,,Ghidra 12.1.3 auto-analysis candidate; boundary unreviewed,,
0x00490541,16,0x00490550,___crtInitCritSecNoSpinCount@8,,,unclassified,0.00,,,false,,Ghidra 12.1.3 auto-analysis candidate; boundary unreviewed,,
0x00490551,139,0x004905DB,___crtInitCritSecAndSpinCount,,,unclassified,0.00,,,false,,Ghidra 12.1.3 auto-analysis candidate; boundary unreviewed,,
0x004905DC,248,0x004906D3,__87except,,,unclassified,0.00,,,false,,Ghidra 12.1.3 auto-analysis candidate; boundary unreviewed,,
0x004906D4,442,0x0049088D,___crtGetStringTypeA,,,unclassified,0.00,,,false,,Ghidra 12.1.3 auto-analysis candidate; boundary unreviewed,,
0x0049088E,400,0x00490A1D,___free_lc_time,,,unclassified,0.00,,,false,,Ghidra 12.1.3 auto-analysis candidate; boundary unreviewed,,
0x00490A1E,95,0x00490A7C,___free_lconv_num,,,unclassified,0.00,,,false,,Ghidra 12.1.3 auto-analysis candidate; boundary unreviewed,,
0x00490A7D,217,0x00490B55,___free_lconv_mon,,,unclassified,0.00,,,false,,Ghidra 12.1.3 auto-analysis candidate; boundary unreviewed,,
0x00490B60,70,0x00490BA5,_strcspn,,,unclassified,0.00,,,false,,Ghidra 12.1.3 auto-analysis candidate; boundary unreviewed,,
0x00490BB0,292,0x00490CD3,_strncpy,,,unclassified,0.00,,,false,,Ghidra 12.1.3 auto-analysis candidate; boundary unreviewed,,
0x00490DA0,64,0x00490DDF,_strpbrk,,,unclassified,0.00,,,false,,Ghidra 12.1.3 auto-analysis candidate; boundary unreviewed,,
0x00490DE0,129,0x00490E60,__getenv_lk,,,unclassified,0.00,,,false,,Ghidra 12.1.3 auto-analysis candidate; boundary unreviewed,,
0x00490E61,3,0x00490E63,FUN_00490e61,,,unclassified,0.00,,,false,,Ghidra 12.1.3 auto-analysis candidate; boundary unreviewed,,
0x00490E64,17,0x00490E74,__frnd,,,unclassified,0.00,,,false,,Ghidra 12.1.3 auto-analysis candidate; boundary unreviewed,,
0x00490E75,956,0x00491230,___crtLCMapStringA,,,unclassified,0.00,,,false,,Ghidra 12.1.3 auto-analysis candidate; boundary unreviewed,,
0x00491231,102,0x00491296,___security_init_cookie,,,unclassified,0.00,,,false,,Ghidra 12.1.3 auto-analysis candidate; boundary unreviewed,,
0x00491297,328,0x004913DE,___security_error_handler,,,unclassified,0.00,,,false,,Ghidra 12.1.3 auto-analysis candidate; boundary unreviewed,,
0x004913DF,249,0x004914D7,___crtMessageBoxA,,,unclassified,0.00,,,false,,Ghidra 12.1.3 auto-analysis candidate; boundary unreviewed,,
0x004914D8,51,0x0049150A,x_ismbbtype,,,unclassified,0.00,,,false,,Ghidra 12.1.3 auto-analysis candidate; boundary unreviewed,,
0x0049150B,17,0x0049151B,__ismbblead,,,unclassified,0.00,,,false,,Ghidra 12.1.3 auto-analysis candidate; boundary unreviewed,,
0x0049151C,33,0x0049153C,___addl,,,unclassified,0.00,,,false,,Ghidra 12.1.3 auto-analysis candidate; boundary unreviewed,,
0x0049153D,94,0x0049159A,___add_12,,,unclassified,0.00,,,false,,Ghidra 12.1.3 auto-analysis candidate; boundary unreviewed,,
0x0049159B,46,0x004915C8,___shl_12,,,unclassified,0.00,,,false,,Ghidra 12.1.3 auto-analysis candidate; boundary unreviewed,,
0x004915C9,45,0x004915F5,___shr_12,,,unclassified,0.00,,,false,,Ghidra 12.1.3 auto-analysis candidate; boundary unreviewed,,
0x004915F6,222,0x004916D3,___mtold12,,,unclassified,0.00,,,false,,Ghidra 12.1.3 auto-analysis candidate; boundary unreviewed,,
0x004916D4,1028,0x00491AD7,___strgtold12,,,unclassified,0.00,,,false,,Ghidra 12.1.3 auto-analysis candidate; boundary unreviewed,,
0x00491B08,654,0x00491D95,$I10_OUTPUT,,,unclassified,0.00,,,false,,Ghidra 12.1.3 auto-analysis candidate; boundary unreviewed,,
0x00491D96,46,0x00491DC3,siglookup,,,unclassified,0.00,,,false,,Ghidra 12.1.3 auto-analysis candidate; boundary unreviewed,,
0x00491DC4,377,0x00491F3C,_raise,,,unclassified,0.00,,,false,,Ghidra 12.1.3 auto-analysis candidate; boundary unreviewed,,
0x00491EFF,13,0x00491F0B,FUN_00491eff,,,unclassified,0.00,,,false,,Ghidra 12.1.3 auto-analysis candidate; boundary unreviewed,,
0x00491F3D,127,0x00491FBB,FUN_00491f3d,,,unclassified,0.00,,,false,,Ghidra 12.1.3 auto-analysis candidate; boundary unreviewed,,
0x00491FBC,65,0x00491FFC,__get_osfhandle,,,unclassified,0.00,,,false,,Ghidra 12.1.3 auto-analysis candidate; boundary unreviewed,,
0x00491FFD,148,0x00492090,__lock_fhandle,,,unclassified,0.00,,,false,,Ghidra 12.1.3 auto-analysis candidate; boundary unreviewed,,
0x00492094,9,0x0049209C,FUN_00492094,,,unclassified,0.00,,,false,,Ghidra 12.1.3 auto-analysis candidate; boundary unreviewed,,
0x0049209D,34,0x004920BE,FUN_0049209d,,,unclassified,0.00,,,false,,Ghidra 12.1.3 auto-analysis candidate; boundary unreviewed,,
0x004920BF,131,0x00492141,__lseeki64_lk,,,unclassified,0.00,,,false,,Ghidra 12.1.3 auto-analysis candidate; boundary unreviewed,,
0x004921DD,93,0x00492239,FUN_004921dd,,,unclassified,0.00,,,false,,Ghidra 12.1.3 auto-analysis candidate; boundary unreviewed,,
0x00492346,67,0x00492388,___ansicp,,,unclassified,0.00,,,false,,Ghidra 12.1.3 auto-analysis candidate; boundary unreviewed,,
0x00492389,457,0x00492551,___convertcp,,,unclassified,0.00,,,false,,Ghidra 12.1.3 auto-analysis candidate; boundary unreviewed,,
0x00492560,78,0x004925AD,___ascii_stricmp,,,unclassified,0.00,,,false,,Ghidra 12.1.3 auto-analysis candidate; boundary unreviewed,,
0x004925AE,105,0x00492616,__stricmp,,,unclassified,0.00,,,false,,Ghidra 12.1.3 auto-analysis candidate; boundary unreviewed,,
0x00492617,78,0x00492664,__mbsnbicoll,,,unclassified,0.00,,,false,,Ghidra 12.1.3 auto-analysis candidate; boundary unreviewed,,
0x00492665,144,0x004926F4,___wtomb_environ,,,unclassified,0.00,,,false,,Ghidra 12.1.3 auto-analysis candidate; boundary unreviewed,,
0x004926F5,562,0x00492926,___ld12mul,,,unclassified,0.00,,,false,,Ghidra 12.1.3 auto-analysis candidate; boundary unreviewed,,
0x00492927,134,0x004929AC,___multtenpow12,,,unclassified,0.00,,,false,,Ghidra 12.1.3 auto-analysis candidate; boundary unreviewed,,
0x004929AD,76,0x004929F8,FUN_004929ad,,,unclassified,0.00,,,false,,Ghidra 12.1.3 auto-analysis candidate; boundary unreviewed,,
0x00492B10,97,0x00492B70,___ascii_strnicmp,,,unclassified,0.00,,,false,,Ghidra 12.1.3 auto-analysis candidate; boundary unreviewed,,
0x00492B71,28,0x00492B8C,_strncnt,,,unclassified,0.00,,,false,,Ghidra 12.1.3 auto-analysis candidate; boundary unreviewed,,
0x00492B8D,900,0x00492F10,___crtCompareStringA,,,unclassified,0.00,,,false,,Ghidra 12.1.3 auto-analysis candidate; boundary unreviewed,,
0x00492F11,77,0x00492F5D,findenv,,,unclassified,0.00,,,false,,Ghidra 12.1.3 auto-analysis candidate; boundary unreviewed,,
0x00492F5E,97,0x00492FBE,copy_environ,,,unclassified,0.00,,,false,,Ghidra 12.1.3 auto-analysis candidate; boundary unreviewed,,
0x00492FBF,469,0x00493193,___crtsetenv,,,unclassified,0.00,,,false,,Ghidra 12.1.3 auto-analysis candidate; boundary unreviewed,,
0x00493194,131,0x00493216,FUN_00493194,,,unclassified,0.00,,,false,,Ghidra 12.1.3 auto-analysis candidate; boundary unreviewed,,
0x00493217,155,0x004932B1,FUN_00493217,,,unclassified,0.00,,,false,,Ghidra 12.1.3 auto-analysis candidate; boundary unreviewed,,
0x0049328E,8,0x00493295,FUN_0049328e,,,unclassified,0.00,,,false,,Ghidra 12.1.3 auto-analysis candidate; boundary unreviewed,,
0x004932B2,43,0x004932DC,FUN_004932b2,,,unclassified,0.00,,,false,,Ghidra 12.1.3 auto-analysis candidate; boundary unreviewed,,
0x004932DD,43,0x00493307,__strdup,,,unclassified,0.00,,,false,,Ghidra 12.1.3 auto-analysis candidate; boundary unreviewed,,
0x00493308,123,0x00493382,__mbschr,,,unclassified,0.00,,,false,,Ghidra 12.1.3 auto-analysis candidate; boundary unreviewed,,
0x00493384,6,0x00493389,KERNEL32.DLL::RtlUnwind,,,unclassified,0.00,,,true,,Ghidra 12.1.3 auto-analysis candidate; boundary unreviewed,,
0x00493390,8,0x00493397,Unwind@00493390,,,unclassified,0.00,,,false,,Ghidra 12.1.3 auto-analysis candidate; boundary unreviewed,,
0x00493398,14,0x004933A5,Unwind@00493398,,,unclassified,0.00,,,false,,Ghidra 12.1.3 auto-analysis candidate; boundary unreviewed,,
0x004933A6,14,0x004933B3,Unwind@004933a6,,,unclassified,0.00,,,false,,Ghidra 12.1.3 auto-analysis candidate; boundary unreviewed,,
0x004933C0,27,0x004933DA,Unwind@004933c0,,,unclassified,0.00,,,false,,Ghidra 12.1.3 auto-analysis candidate; boundary unreviewed,,
0x004933DB,27,0x004933F5,Unwind@004933db,,,unclassified,0.00,,,false,,Ghidra 12.1.3 auto-analysis candidate; boundary unreviewed,,
0x00493400,27,0x0049341A,Unwind@00493400,,,unclassified,0.00,,,false,,Ghidra 12.1.3 auto-analysis candidate; boundary unreviewed,,
0x0049341B,27,0x00493435,Unwind@0049341b,,,unclassified,0.00,,,false,,Ghidra 12.1.3 auto-analysis candidate; boundary unreviewed,,
0x00493440,11,0x0049344A,Unwind@00493440,,,unclassified,0.00,,,false,,Ghidra 12.1.3 auto-analysis candidate; boundary unreviewed,,
0x00493460,28,0x0049347B,Unwind@00493460,,,unclassified,0.00,,,false,,Ghidra 12.1.3 auto-analysis candidate; boundary unreviewed,,
0x00493490,11,0x0049349A,Unwind@00493490,,,unclassified,0.00,,,false,,Ghidra 12.1.3 auto-analysis candidate; boundary unreviewed,,
0x004934B0,11,0x004934BA,Unwind@004934b0,,,unclassified,0.00,,,false,,Ghidra 12.1.3 auto-analysis candidate; boundary unreviewed,,
0x004934D0,11,0x004934DA,Unwind@004934d0,,,unclassified,0.00,,,false,,Ghidra 12.1.3 auto-analysis candidate; boundary unreviewed,,
0x004934F0,8,0x004934F7,Unwind@004934f0,,,unclassified,0.00,,,false,,Ghidra 12.1.3 auto-analysis candidate; boundary unreviewed,,
0x004934F8,30,0x00493515,Unwind@004934f8,,,unclassified,0.00,,,false,,Ghidra 12.1.3 auto-analysis candidate; boundary unreviewed,,
0x00493520,11,0x0049352A,Unwind@00493520,,,unclassified,0.00,,,false,,Ghidra 12.1.3 auto-analysis candidate; boundary unreviewed,,
0x00493540,8,0x00493547,Unwind@00493540,,,unclassified,0.00,,,false,,Ghidra 12.1.3 auto-analysis candidate; boundary unreviewed,,
0x00493548,30,0x00493565,Unwind@00493548,,,unclassified,0.00,,,false,,Ghidra 12.1.3 auto-analysis candidate; boundary unreviewed,,
0x00493570,22,0x00493585,Unwind@00493570,,,unclassified,0.00,,,false,,Ghidra 12.1.3 auto-analysis candidate; boundary unreviewed,,
0x00493590,11,0x0049359A,Unwind@00493590,,,unclassified,0.00,,,false,,Ghidra 12.1.3 auto-analysis candidate; boundary unreviewed,,
0x004935B0,11,0x004935BA,Unwind@004935b0,,,unclassified,0.00,,,false,,Ghidra 12.1.3 auto-analysis candidate; boundary unreviewed,,
0x004935D0,8,0x004935D7,Unwind@004935d0,,,unclassified,0.00,,,false,,Ghidra 12.1.3 auto-analysis candidate; boundary unreviewed,,
0x004935D8,11,0x004935E2,Unwind@004935d8,,,unclassified,0.00,,,false,,Ghidra 12.1.3 auto-analysis candidate; boundary unreviewed,,
0x004935E3,11,0x004935ED,Unwind@004935e3,,,unclassified,0.00,,,false,,Ghidra 12.1.3 auto-analysis candidate; boundary unreviewed,,
0x00493600,11,0x0049360A,Unwind@00493600,,,unclassified,0.00,,,false,,Ghidra 12.1.3 auto-analysis candidate; boundary unreviewed,,
0x00493620,8,0x00493627,Unwind@00493620,,,unclassified,0.00,,,false,,Ghidra 12.1.3 auto-analysis candidate; boundary unreviewed,,
0x00493640,28,0x0049365B,Unwind@00493640,,,unclassified,0.00,,,false,,Ghidra 12.1.3 auto-analysis candidate; boundary unreviewed,,
0x00493670,11,0x0049367A,Unwind@00493670,,,unclassified,0.00,,,false,,Ghidra 12.1.3 auto-analysis candidate; boundary unreviewed,,
0x00493690,11,0x0049369A,Unwind@00493690,,,unclassified,0.00,,,false,,Ghidra 12.1.3 auto-analysis candidate; boundary unreviewed,,
0x004936B0,11,0x004936BA,Unwind@004936b0,,,unclassified,0.00,,,false,,Ghidra 12.1.3 auto-analysis candidate; boundary unreviewed,,
0x004936BB,11,0x004936C5,Unwind@004936bb,,,unclassified,0.00,,,false,,Ghidra 12.1.3 auto-analysis candidate; boundary unreviewed,,
0x004936D0,11,0x004936DA,Unwind@004936d0,,,unclassified,0.00,,,false,,Ghidra 12.1.3 auto-analysis candidate; boundary unreviewed,,
0x004936F0,14,0x004936FD,Unwind@004936f0,,,unclassified,0.00,,,false,,Ghidra 12.1.3 auto-analysis candidate; boundary unreviewed,,
0x00493710,8,0x00493717,Unwind@00493710,,,unclassified,0.00,,,false,,Ghidra 12.1.3 auto-analysis candidate; boundary unreviewed,,
0x00493718,14,0x00493725,Unwind@00493718,,,unclassified,0.00,,,false,,Ghidra 12.1.3 auto-analysis candidate; boundary unreviewed,,
0x00493730,11,0x0049373A,Unwind@00493730,,,unclassified,0.00,,,false,,Ghidra 12.1.3 auto-analysis candidate; boundary unreviewed,,
0x00493750,14,0x0049375D,Unwind@00493750,,,unclassified,0.00,,,false,,Ghidra 12.1.3 auto-analysis candidate; boundary unreviewed,,
0x00493770,14,0x0049377D,Unwind@00493770,,,unclassified,0.00,,,false,,Ghidra 12.1.3 auto-analysis candidate; boundary unreviewed,,
0x00493790,25,0x004937A8,Unwind@00493790,,,unclassified,0.00,,,false,,Ghidra 12.1.3 auto-analysis candidate; boundary unreviewed,,
0x004937A9,27,0x004937C3,Unwind@004937a9,,,unclassified,0.00,,,false,,Ghidra 12.1.3 auto-analysis candidate; boundary unreviewed,,
0x004937C4,14,0x004937D1,Unwind@004937c4,,,unclassified,0.00,,,false,,Ghidra 12.1.3 auto-analysis candidate; boundary unreviewed,,
0x004937D2,14,0x004937DF,Unwind@004937d2,,,unclassified,0.00,,,false,,Ghidra 12.1.3 auto-analysis candidate; boundary unreviewed,,
0x004937F0,25,0x00493808,Unwind@004937f0,,,unclassified,0.00,,,false,,Ghidra 12.1.3 auto-analysis candidate; boundary unreviewed,,
0x00493809,27,0x00493823,Unwind@00493809,,,unclassified,0.00,,,false,,Ghidra 12.1.3 auto-analysis candidate; boundary unreviewed,,
0x00493824,14,0x00493831,Unwind@00493824,,,unclassified,0.00,,,false,,Ghidra 12.1.3 auto-analysis candidate; boundary unreviewed,,
0x00493832,14,0x0049383F,Unwind@00493832,,,unclassified,0.00,,,false,,Ghidra 12.1.3 auto-analysis candidate; boundary unreviewed,,
0x00493850,11,0x0049385A,Unwind@00493850,,,unclassified,0.00,,,false,,Ghidra 12.1.3 auto-analysis candidate; boundary unreviewed,,
0x00493870,25,0x00493888,Unwind@00493870,,,unclassified,0.00,,,false,,Ghidra 12.1.3 auto-analysis candidate; boundary unreviewed,,
0x00493889,27,0x004938A3,Unwind@00493889,,,unclassified,0.00,,,false,,Ghidra 12.1.3 auto-analysis candidate; boundary unreviewed,,
0x004938B0,22,0x004938C5,Unwind@004938b0,,,unclassified,0.00,,,false,,Ghidra 12.1.3 auto-analysis candidate; boundary unreviewed,,
0x004938D0,11,0x004938DA,Unwind@004938d0,,,unclassified,0.00,,,false,,Ghidra 12.1.3 auto-analysis candidate; boundary unreviewed,,
0x004938F0,11,0x004938FA,Unwind@004938f0,,,unclassified,0.00,,,false,,Ghidra 12.1.3 auto-analysis candidate; boundary unreviewed,,
0x004938FB,14,0x00493908,Unwind@004938fb,,,unclassified,0.00,,,false,,Ghidra 12.1.3 auto-analysis candidate; boundary unreviewed,,
0x00493920,11,0x0049392A,Unwind@00493920,,,unclassified,0.00,,,false,,Ghidra 12.1.3 auto-analysis candidate; boundary unreviewed,,
0x0049392B,14,0x00493938,Unwind@0049392b,,,unclassified,0.00,,,false,,Ghidra 12.1.3 auto-analysis candidate; boundary unreviewed,,
0x00493950,11,0x0049395A,Unwind@00493950,,,unclassified,0.00,,,false,,Ghidra 12.1.3 auto-analysis candidate; boundary unreviewed,,
0x00493970,11,0x0049397A,Unwind@00493970,,,unclassified,0.00,,,false,,Ghidra 12.1.3 auto-analysis candidate; boundary unreviewed,,
0x00493990,11,0x0049399A,Unwind@00493990,,,unclassified,0.00,,,false,,Ghidra 12.1.3 auto-analysis candidate; boundary unreviewed,,
0x004939B0,11,0x004939BA,Unwind@004939b0,,,unclassified,0.00,,,false,,Ghidra 12.1.3 auto-analysis candidate; boundary unreviewed,,
0x004939D0,11,0x004939DA,Unwind@004939d0,,,unclassified,0.00,,,false,,Ghidra 12.1.3 auto-analysis candidate; boundary unreviewed,,
0x004939F0,14,0x004939FD,Unwind@004939f0,,,unclassified,0.00,,,false,,Ghidra 12.1.3 auto-analysis candidate; boundary unreviewed,,
0x004939FE,27,0x00493A18,Unwind@004939fe,,,unclassified,0.00,,,false,,Ghidra 12.1.3 auto-analysis candidate; boundary unreviewed,,
0x00493A30,14,0x00493A3D,Unwind@00493a30,,,unclassified,0.00,,,false,,Ghidra 12.1.3 auto-analysis candidate; boundary unreviewed,,
0x00493A3E,27,0x00493A58,Unwind@00493a3e,,,unclassified,0.00,,,false,,Ghidra 12.1.3 auto-analysis candidate; boundary unreviewed,,
0x00493A70,11,0x00493A7A,Unwind@00493a70,,,unclassified,0.00,,,false,,Ghidra 12.1.3 auto-analysis candidate; boundary unreviewed,,
0x00493A90,11,0x00493A9A,Unwind@00493a90,,,unclassified,0.00,,,false,,Ghidra 12.1.3 auto-analysis candidate; boundary unreviewed,,
0x00493AB0,11,0x00493ABA,Unwind@00493ab0,,,unclassified,0.00,,,false,,Ghidra 12.1.3 auto-analysis candidate; boundary unreviewed,,
0x00493ABB,11,0x00493AC5,Unwind@00493abb,,,unclassified,0.00,,,false,,Ghidra 12.1.3 auto-analysis candidate; boundary unreviewed,,
0x00493AD0,11,0x00493ADA,Unwind@00493ad0,,,unclassified,0.00,,,false,,Ghidra 12.1.3 auto-analysis candidate; boundary unreviewed,,
0x00493ADB,11,0x00493AE5,Unwind@00493adb,,,unclassified,0.00,,,false,,Ghidra 12.1.3 auto-analysis candidate; boundary unreviewed,,
0x00493AF0,11,0x00493AFA,Unwind@00493af0,,,unclassified,0.00,,,false,,Ghidra 12.1.3 auto-analysis candidate; boundary unreviewed,,
0x00493B10,11,0x00493B1A,Unwind@00493b10,,,unclassified,0.00,,,false,,Ghidra 12.1.3 auto-analysis candidate; boundary unreviewed,,
0x00493B30,8,0x00493B37,Unwind@00493b30,,,unclassified,0.00,,,false,,Ghidra 12.1.3 auto-analysis candidate; boundary unreviewed,,
0x00493B42,11,0x00493B4C,Unwind@00493b42,,,unclassified,0.00,,,false,,Ghidra 12.1.3 auto-analysis candidate; boundary unreviewed,,
0x00493B61,10,0x00493B6A,Unwind@00493b61,,,unclassified,0.00,,,false,,Ghidra 12.1.3 auto-analysis candidate; boundary unreviewed,,
0x00493B6B,10,0x00493B74,Unwind@00493b6b,,,unclassified,0.00,,,false,,Ghidra 12.1.3 auto-analysis candidate; boundary unreviewed,,
0x00493B75,10,0x00493B7E,Unwind@00493b75,,,unclassified,0.00,,,false,,Ghidra 12.1.3 auto-analysis candidate; boundary unreviewed,,
0x00493B89,10,0x00493B92,Unwind@00493b89,,,unclassified,0.00,,,false,,Ghidra 12.1.3 auto-analysis candidate; boundary unreviewed,,
0x00493B9D,10,0x00493BA6,Unwind@00493b9d,,,unclassified,0.00,,,false,,Ghidra 12.1.3 auto-analysis candidate; boundary unreviewed,,
0x00493BA7,10,0x00493BB0,Unwind@00493ba7,,,unclassified,0.00,,,false,,Ghidra 12.1.3 auto-analysis candidate; boundary unreviewed,,
0x00493BBB,10,0x00493BC4,Unwind@00493bbb,,,unclassified,0.00,,,false,,Ghidra 12.1.3 auto-analysis candidate; boundary unreviewed,,
0x00493BC5,10,0x00493BCE,Unwind@00493bc5,,,unclassified,0.00,,,false,,Ghidra 12.1.3 auto-analysis candidate; boundary unreviewed,,
0x00493BD9,10,0x00493BE2,Unwind@00493bd9,,,unclassified,0.00,,,false,,Ghidra 12.1.3 auto-analysis candidate; boundary unreviewed,,
0x00493BE3,10,0x00493BEC,Unwind@00493be3,,,unclassified,0.00,,,false,,Ghidra 12.1.3 auto-analysis candidate; boundary unreviewed,,
0x00493BED,10,0x00493BF6,Unwind@00493bed,,,unclassified,0.00,,,false,,Ghidra 12.1.3 auto-analysis candidate; boundary unreviewed,,
0x00493C01,10,0x00493C0A,Unwind@00493c01,,,unclassified,0.00,,,false,,Ghidra 12.1.3 auto-analysis candidate; boundary unreviewed,,
0x00493C0B,10,0x00493C14,Unwind@00493c0b,,,unclassified,0.00,,,false,,Ghidra 12.1.3 auto-analysis candidate; boundary unreviewed,,
0x00493C15,10,0x00493C1E,Unwind@00493c15,,,unclassified,0.00,,,false,,Ghidra 12.1.3 auto-analysis candidate; boundary unreviewed,,
0x00493C29,10,0x00493C32,Unwind@00493c29,,,unclassified,0.00,,,false,,Ghidra 12.1.3 auto-analysis candidate; boundary unreviewed,,
0x00493C33,10,0x00493C3C,Unwind@00493c33,,,unclassified,0.00,,,false,,Ghidra 12.1.3 auto-analysis candidate; boundary unreviewed,,
0x00493C47,10,0x00493C50,Unwind@00493c47,,,unclassified,0.00,,,false,,Ghidra 12.1.3 auto-analysis candidate; boundary unreviewed,,
0x00493C51,10,0x00493C5A,Unwind@00493c51,,,unclassified,0.00,,,false,,Ghidra 12.1.3 auto-analysis candidate; boundary unreviewed,,
0x00493C65,10,0x00493C6E,Unwind@00493c65,,,unclassified,0.00,,,false,,Ghidra 12.1.3 auto-analysis candidate; boundary unreviewed,,
0x00493C6F,10,0x00493C78,Unwind@00493c6f,,,unclassified,0.00,,,false,,Ghidra 12.1.3 auto-analysis candidate; boundary unreviewed,,
0x00493C79,10,0x00493C82,Unwind@00493c79,,,unclassified,0.00,,,false,,Ghidra 12.1.3 auto-analysis candidate; boundary unreviewed,,
0x00493C8D,8,0x00493C94,Unwind@00493c8d,,,unclassified,0.00,,,false,,Ghidra 12.1.3 auto-analysis candidate; boundary unreviewed,,
0x00493C9F,10,0x00493CA8,Unwind@00493c9f,,,unclassified,0.00,,,false,,Ghidra 12.1.3 auto-analysis candidate; boundary unreviewed,,
0x00493CB3,10,0x00493CBC,Unwind@00493cb3,,,unclassified,0.00,,,false,,Ghidra 12.1.3 auto-analysis candidate; boundary unreviewed,,
0x00493CC7,8,0x00493CCE,Unwind@00493cc7,,,unclassified,0.00,,,false,,Ghidra 12.1.3 auto-analysis candidate; boundary unreviewed,,
0x00493CCF,10,0x00493CD8,Unwind@00493ccf,,,unclassified,0.00,,,false,,Ghidra 12.1.3 auto-analysis candidate; boundary unreviewed,,
0x00493CE3,10,0x00493CEC,Unwind@00493ce3,,,unclassified,0.00,,,false,,Ghidra 12.1.3 auto-analysis candidate; boundary unreviewed,,
0x00493CF7,8,0x00493CFE,Unwind@00493cf7,,,unclassified,0.00,,,false,,Ghidra 12.1.3 auto-analysis candidate; boundary unreviewed,,
0x00493D09,10,0x00493D12,Unwind@00493d09,,,unclassified,0.00,,,false,,Ghidra 12.1.3 auto-analysis candidate; boundary unreviewed,,
0x00493D13,10,0x00493D1C,Unwind@00493d13,,,unclassified,0.00,,,false,,Ghidra 12.1.3 auto-analysis candidate; boundary unreviewed,,
0x00493D1D,10,0x00493D26,Unwind@00493d1d,,,unclassified,0.00,,,false,,Ghidra 12.1.3 auto-analysis candidate; boundary unreviewed,,
0x00493D27,10,0x00493D30,Unwind@00493d27,,,unclassified,0.00,,,false,,Ghidra 12.1.3 auto-analysis candidate; boundary unreviewed,,
0x00493D31,10,0x00493D3A,Unwind@00493d31,,,unclassified,0.00,,,false,,Ghidra 12.1.3 auto-analysis candidate; boundary unreviewed,,
0x00493D3B,10,0x00493D44,Unwind@00493d3b,,,unclassified,0.00,,,false,,Ghidra 12.1.3 auto-analysis candidate; boundary unreviewed,,
0x00493D45,10,0x00493D4E,Unwind@00493d45,,,unclassified,0.00,,,false,,Ghidra 12.1.3 auto-analysis candidate; boundary unreviewed,,
0x00493D4F,10,0x00493D58,Unwind@00493d4f,,,unclassified,0.00,,,false,,Ghidra 12.1.3 auto-analysis candidate; boundary unreviewed,,
0x00493D59,10,0x00493D62,Unwind@00493d59,,,unclassified,0.00,,,false,,Ghidra 12.1.3 auto-analysis candidate; boundary unreviewed,,
0x00493D63,10,0x00493D6C,Unwind@00493d63,,,unclassified,0.00,,,false,,Ghidra 12.1.3 auto-analysis candidate; boundary unreviewed,,
0x00493D6D,10,0x00493D76,Unwind@00493d6d,,,unclassified,0.00,,,false,,Ghidra 12.1.3 auto-analysis candidate; boundary unreviewed,,
0x00493D77,10,0x00493D80,Unwind@00493d77,,,unclassified,0.00,,,false,,Ghidra 12.1.3 auto-analysis candidate; boundary unreviewed,,
0x00493D81,10,0x00493D8A,Unwind@00493d81,,,unclassified,0.00,,,false,,Ghidra 12.1.3 auto-analysis candidate; boundary unreviewed,,
0x00493D8B,10,0x00493D94,Unwind@00493d8b,,,unclassified,0.00,,,false,,Ghidra 12.1.3 auto-analysis candidate; boundary unreviewed,,
0x00493D95,10,0x00493D9E,Unwind@00493d95,,,unclassified,0.00,,,false,,Ghidra 12.1.3 auto-analysis candidate; boundary unreviewed,,
0x00493D9F,10,0x00493DA8,Unwind@00493d9f,,,unclassified,0.00,,,false,,Ghidra 12.1.3 auto-analysis candidate; boundary unreviewed,,
0x00493DA9,10,0x00493DB2,Unwind@00493da9,,,unclassified,0.00,,,false,,Ghidra 12.1.3 auto-analysis candidate; boundary unreviewed,,
0x00493DB3,10,0x00493DBC,Unwind@00493db3,,,unclassified,0.00,,,false,,Ghidra 12.1.3 auto-analysis candidate; boundary unreviewed,,
0x00493DBD,10,0x00493DC6,Unwind@00493dbd,,,unclassified,0.00,,,false,,Ghidra 12.1.3 auto-analysis candidate; boundary unreviewed,,
0x00493DC7,10,0x00493DD0,Unwind@00493dc7,,,unclassified,0.00,,,false,,Ghidra 12.1.3 auto-analysis candidate; boundary unreviewed,,
0x00493DD1,10,0x00493DDA,Unwind@00493dd1,,,unclassified,0.00,,,false,,Ghidra 12.1.3 auto-analysis candidate; boundary unreviewed,,
0x00493DDB,10,0x00493DE4,Unwind@00493ddb,,,unclassified,0.00,,,false,,Ghidra 12.1.3 auto-analysis candidate; boundary unreviewed,,
0x00493DE5,10,0x00493DEE,Unwind@00493de5,,,unclassified,0.00,,,false,,Ghidra 12.1.3 auto-analysis candidate; boundary unreviewed,,
0x00493DEF,10,0x00493DF8,Unwind@00493def,,,unclassified,0.00,,,false,,Ghidra 12.1.3 auto-analysis candidate; boundary unreviewed,,
0x00493DF9,10,0x00493E02,Unwind@00493df9,,,unclassified,0.00,,,false,,Ghidra 12.1.3 auto-analysis candidate; boundary unreviewed,,
0x00493E03,10,0x00493E0C,Unwind@00493e03,,,unclassified,0.00,,,false,,Ghidra 12.1.3 auto-analysis candidate; boundary unreviewed,,
0x00493E0D,10,0x00493E16,Unwind@00493e0d,,,unclassified,0.00,,,false,,Ghidra 12.1.3 auto-analysis candidate; boundary unreviewed,,
0x00493E17,10,0x00493E20,Unwind@00493e17,,,unclassified,0.00,,,false,,Ghidra 12.1.3 auto-analysis candidate; boundary unreviewed,,
0x00493E21,10,0x00493E2A,Unwind@00493e21,,,unclassified,0.00,,,false,,Ghidra 12.1.3 auto-analysis candidate; boundary unreviewed,,
0x00493E2B,10,0x00493E34,Unwind@00493e2b,,,unclassified,0.00,,,false,,Ghidra 12.1.3 auto-analysis candidate; boundary unreviewed,,
0x00493E35,10,0x00493E3E,Unwind@00493e35,,,unclassified,0.00,,,false,,Ghidra 12.1.3 auto-analysis candidate; boundary unreviewed,,
0x00493E3F,10,0x00493E48,Unwind@00493e3f,,,unclassified,0.00,,,false,,Ghidra 12.1.3 auto-analysis candidate; boundary unreviewed,,
0x00493E49,10,0x00493E52,Unwind@00493e49,,,unclassified,0.00,,,false,,Ghidra 12.1.3 auto-analysis candidate; boundary unreviewed,,
0x00493E53,10,0x00493E5C,Unwind@00493e53,,,unclassified,0.00,,,false,,Ghidra 12.1.3 auto-analysis candidate; boundary unreviewed,,
0x00493E5D,10,0x00493E66,Unwind@00493e5d,,,unclassified,0.00,,,false,,Ghidra 12.1.3 auto-analysis candidate; boundary unreviewed,,
0x00493E67,10,0x00493E70,Unwind@00493e67,,,unclassified,0.00,,,false,,Ghidra 12.1.3 auto-analysis candidate; boundary unreviewed,,
0x00493E71,10,0x00493E7A,Unwind@00493e71,,,unclassified,0.00,,,false,,Ghidra 12.1.3 auto-analysis candidate; boundary unreviewed,,
0x00493E90,28,0x00493EAB,FUN_00493e90,,,unclassified,0.00,,,false,,Ghidra 12.1.3 auto-analysis candidate; boundary unreviewed,,
0x00493EB0,28,0x00493ECB,FUN_00493eb0,,,unclassified,0.00,,,false,,Ghidra 12.1.3 auto-analysis candidate; boundary unreviewed,,
0x00493ED0,28,0x00493EEB,FUN_00493ed0,,,unclassified,0.00,,,false,,Ghidra 12.1.3 auto-analysis candidate; boundary unreviewed,,
0x00493EF0,28,0x00493F0B,FUN_00493ef0,,,unclassified,0.00,,,false,,Ghidra 12.1.3 auto-analysis candidate; boundary unreviewed,,
0x00493F10,28,0x00493F2B,FUN_00493f10,,,unclassified,0.00,,,false,,Ghidra 12.1.3 auto-analysis candidate; boundary unreviewed,,
0x00493F30,28,0x00493F4B,FUN_00493f30,,,unclassified,0.00,,,false,,Ghidra 12.1.3 auto-analysis candidate; boundary unreviewed,,
0x00493F50,28,0x00493F6B,FUN_00493f50,,,unclassified,0.00,,,false,,Ghidra 12.1.3 auto-analysis candidate; boundary unreviewed,,
0x00493F70,61,0x00493FAC,FUN_00493f70,,,unclassified,0.00,,,false,,Ghidra 12.1.3 auto-analysis candidate; boundary unreviewed,,
0x00493FB0,28,0x00493FCB,FUN_00493fb0,,,unclassified,0.00,,,false,,Ghidra 12.1.3 auto-analysis candidate; boundary unreviewed,,
0x00493FD0,43,0x00493FFA,FUN_00493fd0,,,unclassified,0.00,,,false,,Ghidra 12.1.3 auto-analysis candidate; boundary unreviewed,,
0x00494000,28,0x0049401B,FUN_00494000,,,unclassified,0.00,,,false,,Ghidra 12.1.3 auto-analysis candidate; boundary unreviewed,,
0x00494020,21,0x00494034,FUN_00494020,,,unclassified,0.00,,,false,,Ghidra 12.1.3 auto-analysis candidate; boundary unreviewed,,
0x00494040,28,0x0049405B,FUN_00494040,,,unclassified,0.00,,,false,,Ghidra 12.1.3 auto-analysis candidate; boundary unreviewed,,
0x00494060,28,0x0049407B,FUN_00494060,,,unclassified,0.00,,,false,,Ghidra 12.1.3 auto-analysis candidate; boundary unreviewed,,
0x00494080,44,0x004940AB,FUN_00494080,,,unclassified,0.00,,,false,,Ghidra 12.1.3 auto-analysis candidate; boundary unreviewed,,
0x004940B0,18,0x004940C1,FUN_004940b0,,,unclassified,0.00,,,false,,Ghidra 12.1.3 auto-analysis candidate; boundary unreviewed,,
0x004940D0,53,0x00494104,FUN_004940d0,,,unclassified,0.00,,,false,,Ghidra 12.1.3 auto-analysis candidate; boundary unreviewed,,
0x00494110,53,0x00494144,FUN_00494110,,,unclassified,0.00,,,false,,Ghidra 12.1.3 auto-analysis candidate; boundary unreviewed,,
0x00494150,53,0x00494184,FUN_00494150,,,unclassified,0.00,,,false,,Ghidra 12.1.3 auto-analysis candidate; boundary unreviewed,,
0x00494190,42,0x004941B9,FUN_00494190,,,unclassified,0.00,,,false,,Ghidra 12.1.3 auto-analysis candidate; boundary unreviewed,,
0x004941C0,15,0x004941CE,FUN_004941c0,,,unclassified,0.00,,,false,,Ghidra 12.1.3 auto-analysis candidate; boundary unreviewed,,
0x004941D0,15,0x004941DE,FUN_004941d0,,,unclassified,0.00,,,false,,Ghidra 12.1.3 auto-analysis candidate; boundary unreviewed,,
0x004941E0,15,0x004941EE,FUN_004941e0,,,unclassified,0.00,,,false,,Ghidra 12.1.3 auto-analysis candidate; boundary unreviewed,,
0x004941F0,15,0x004941FE,FUN_004941f0,,,unclassified,0.00,,,false,,Ghidra 12.1.3 auto-analysis candidate; boundary unreviewed,,
0x00494200,15,0x0049420E,FUN_00494200,,,unclassified,0.00,,,false,,Ghidra 12.1.3 auto-analysis candidate; boundary unreviewed,,
0x00494210,15,0x0049421E,FUN_00494210,,,unclassified,0.00,,,false,,Ghidra 12.1.3 auto-analysis candidate; boundary unreviewed,,
0x00494220,18,0x00494231,FUN_00494220,,,unclassified,0.00,,,false,,Ghidra 12.1.3 auto-analysis candidate; boundary unreviewed,,
0x00494240,15,0x0049424E,FUN_00494240,,,unclassified,0.00,,,false,,Ghidra 12.1.3 auto-analysis candidate; boundary unreviewed,,
0x00494250,5,0x00494254,FUN_00494250,,,unclassified,0.00,,,false,,Ghidra 12.1.3 auto-analysis candidate; boundary unreviewed,,
0x00494260,15,0x0049426E,FUN_00494260,,,unclassified,0.00,,,false,,Ghidra 12.1.3 auto-analysis candidate; boundary unreviewed,,
0x00494270,15,0x0049427E,FUN_00494270,,,unclassified,0.00,,,false,,Ghidra 12.1.3 auto-analysis candidate; boundary unreviewed,,
0x00494280,15,0x0049428E,FUN_00494280,,,unclassified,0.00,,,false,,Ghidra 12.1.3 auto-analysis candidate; boundary unreviewed,,
0x00494290,24,0x004942A7,FUN_00494290,,,unclassified,0.00,,,false,,Ghidra 12.1.3 auto-analysis candidate; boundary unreviewed,,
